image_id,fold,isup_grade,pred_ensemble,pred_b0_smoothl1
001c62abd11fa4b57bf7a6c603a11bb9,0,4,4.702463626861572,4.702463626861572
003a91841da04a5a31f808fb5c21538a,0,1,1.1162832975387573,1.1162832975387573
00c52cb4db1c7a5811a8f070a910c038,0,5,3.1605923175811768,3.1605923175811768
00e6511435645e50673991768a713c66,0,1,4.537243843078613,4.537243843078613
00f6ea010b008e7b3635910a13b165a5,0,1,1.518509864807129,1.518509864807129
00fbee5161d8cc715b3fe69e16cdf147,0,1,0.5388595461845398,0.5388595461845398
010670e9572e67e5a7e00fb791a343ef,0,5,4.69545841217041,4.69545841217041
018eabc8f4503ab89d0725b430e4808f,0,2,2.44391131401062,2.44391131401062
019f98ef49bcbff0b0bb513b7d66fcf5,0,1,1.2372642755508423,1.2372642755508423
01f25f6392771aa0895dbbafba05054a,0,3,3.5972583293914795,3.5972583293914795
020d0243094c8561544f683b4c64859d,0,4,1.2756277322769165,1.2756277322769165
0214df71ae527e2144021178c453d204,0,5,4.361730098724365,4.361730098724365
027c4a5b5f9f1be80602ef51f2619bc2,0,1,0.897929847240448,0.897929847240448
028098c36eb49a8c6aa6e76e365dd055,0,0,0.39278939366340637,0.39278939366340637
028dc05d52d1dd336952a437f2852a0a,0,5,3.819051504135132,3.819051504135132
02ac04211b58466d13d690dc9be8adf0,0,4,2.4937660694122314,2.4937660694122314
032de36af1c776f91dfbe4079cf3c002,0,1,1.2485536336898804,1.2485536336898804
033e39459301e97e457232780a314ab7,0,0,1.0867235660552979,1.0867235660552979
03426e9293f207de46b5592c001eb45c,0,4,4.0929131507873535,4.0929131507873535
0356fabdec47163b6ad35a2a7b06647c,0,3,1.1817630529403687,1.1817630529403687
035a5208729ef164213954598b8df75d,0,0,0.44209548830986023,0.44209548830986023
03717c12ffe242a347cdfd9d13e6cd76,0,1,2.140493869781494,2.140493869781494
0382081d894cac755a53ca7f241f014f,0,2,1.1157045364379883,1.1157045364379883
03a3d1bac814f25da8e1f7c511cc10af,0,3,1.7087459564208984,1.7087459564208984
03d147633edaca0d112520ac2ce6f11d,0,2,2.845247983932495,2.845247983932495
04063850d065e6fa2d7a479d9eb36870,0,1,1.7283365726470947,1.7283365726470947
04198f362b0329843b23c5cd236f765d,0,1,1.6572744846343994,1.6572744846343994
04201ee15d33abe4b032317792cf1040,0,0,0.3271718919277191,0.3271718919277191
042bd2100df4934b520a4c0c3fbe1d6b,0,0,1.0680994987487793,1.0680994987487793
0446851f36b7a60cb971e05365ce0188,0,4,3.607182741165161,3.607182741165161
044b0937a90ecc3347acac21e9cd39f6,0,5,4.482067584991455,4.482067584991455
046bac77a58c1be84a6418904e755280,0,2,2.7619521617889404,2.7619521617889404
0475c8c61af050d4e83d9f8d2ca27a7c,0,4,3.528895616531372,3.528895616531372
049031b0ea0dede1ca1e5ca470c1332d,0,1,1.360168695449829,1.360168695449829
04e31b936f51091d43cb805a30084533,0,4,1.3166399002075195,1.3166399002075195
05042f83b5d00b7ca6e2b4f0a2b3add1,0,2,1.5246142148971558,1.5246142148971558
0536843beb45cb6d5d7db5bf576a37af,0,1,2.6490161418914795,2.6490161418914795
054b6888604d963455bfff551518ece5,0,3,0.25882717967033386,0.25882717967033386
056990e94a55a9bc73f7ffc0a6f8080f,0,0,0.4454828202724457,0.4454828202724457
0592a76b2a23cf43ceeb8888f36bed9c,0,1,1.5989855527877808,1.5989855527877808
05a5622cb79be8e83a265ee80fd52d86,0,4,2.9147117137908936,2.9147117137908936
05c4384280a459216bca38ea2a9230ec,0,1,0.31330737471580505,0.31330737471580505
05f79307ac65a11d52caeada92e68949,0,4,0.6507341265678406,0.6507341265678406
06005debf8e7e498384b383c018e1127,0,0,1.0185470581054688,1.0185470581054688
060656fabe162dbdef7e4c520068d2f0,0,2,3.8361732959747314,3.8361732959747314
067a25212e4e5b9eab412c274ae16df6,0,5,3.4574177265167236,3.4574177265167236
068b0e3be4c35ea983f77accf8351cc8,0,3,4.026636600494385,4.026636600494385
06a7dc123ee1cd1a88b5563bb332666c,0,5,4.323409557342529,4.323409557342529
06aae0772aa5f4eecbd806ee0558fbda,0,1,0.9698496460914612,0.9698496460914612
06d4ebd3d0ee6d3514d07ccfba615def,0,1,1.0496573448181152,1.0496573448181152
06fe0864a99a2e0cd32cb141b7808912,0,3,3.7678234577178955,3.7678234577178955
072f1b5740579bbe7f69afdd33bee8d1,0,4,2.794163465499878,2.794163465499878
0748aba46621600d1e6b6ec02f90dfe5,0,2,1.5103098154067993,1.5103098154067993
076737b247cef7064ad6b9f653892026,0,1,0.9565150141716003,0.9565150141716003
0794712a5fdd9d31bdb4ea7c4f175054,0,2,2.999844551086426,2.999844551086426
07afad2271546de1802035829d3b507d,0,3,1.3455805778503418,1.3455805778503418
07c24a585f5a30ca2d80f922bae49296,0,2,1.143628478050232,1.143628478050232
07c9784228dc2ad0b00d2cecd8ca32ce,0,0,0.23153699934482574,0.23153699934482574
07ddaea003b6959246d07c44c6a67b29,0,2,1.3884490728378296,1.3884490728378296
080b829ec59528590e76b57d25fdda55,0,3,3.3017728328704834,3.3017728328704834
083ab9e2c95fb0ea2b999c592fb41653,0,2,0.6464614868164062,0.6464614868164062
0849749bd2b9fc46b88a56b4c47e4093,0,0,1.9935311079025269,1.9935311079025269
085185a62d672e6ce606260f602ac8ab,0,1,1.0828474760055542,1.0828474760055542
085d3e58058fa98dcbbdf64dacfe51be,0,3,0.3470533490180969,0.3470533490180969
08e5d5b878d7049cf9e8c817f1508bff,0,1,1.4298150539398193,1.4298150539398193
08fb451c085cb309fdd5c2650070185f,0,0,0.226505845785141,0.226505845785141
090a77c517a7a2caa23e443a77a78bc7,0,1,2.0717010498046875,2.0717010498046875
0939cc4fdee01c1d6f34541b9f8bd475,0,1,1.052042007446289,1.052042007446289
09654a0e78754b384b69fad7ecc7ba14,0,0,0.47507673501968384,0.47507673501968384
0981f547380ba7b05772f3e5685b1beb,0,1,1.5117223262786865,1.5117223262786865
09a20094c83eaa9c6a8c4f7c92b4bac4,0,5,3.366478681564331,3.366478681564331
09a50526cdd518958c8c846a912141e5,0,2,3.075061559677124,3.075061559677124
09b1c877be0329742ae7e56e9f1d09db,0,3,3.6893107891082764,3.6893107891082764
09e15fdd25dcbcf37262c2a87da8db20,0,1,1.5346037149429321,1.5346037149429321
0a336d5bc71e1f83d453297413f11e9b,0,5,2.767530679702759,2.767530679702759
0a4b7a7499ed55c71033cefb0765e93d,0,0,0.11579525470733643,0.11579525470733643
0a848ccbbb065ef5ee59dd01710f8531,0,5,4.812531471252441,4.812531471252441
0a94d55951bd4caebf2712e455decc6e,0,4,2.1196248531341553,2.1196248531341553
0aa6472328e4807ba54a807b8332da0f,0,1,0.9281690716743469,0.9281690716743469
0ab859bbba82de5373f3f2fa8e806e2d,0,2,0.2989251911640167,0.2989251911640167
0ad2995378cdc31f88da16d158c77d6e,0,1,0.2716696560382843,0.2716696560382843
0ae4dfa2347160e807c4a4b9bee98f47,0,2,0.8602304458618164,0.8602304458618164
0b1d4a81985789feff2fd66bb2d5b760,0,1,0.9348618388175964,0.9348618388175964
0b353bfc9df3fc5534511a8295e40046,0,1,0.4347798824310303,0.4347798824310303
0b373388b189bee3ef6e320b841264dd,0,5,4.366339206695557,4.366339206695557
0b4b960490879b7588a1d135fcf10fe7,0,3,4.519923686981201,4.519923686981201
0b6a90e1c27bf54488c1f7697c6ce599,0,0,-0.003281073644757271,-0.003281073644757271
0b73719f81c77051bb4b0ece8647a48e,0,5,4.005975723266602,4.005975723266602
0b9cd3a39dce8aebede8054fdca54ad7,0,1,0.7996152639389038,0.7996152639389038
0ba540dcef7c6a994c4e0634cbff4af2,0,2,2.3238518238067627,2.3238518238067627
0bc3b1ea9b5e5af3355cfbd9eb7561a1,0,3,1.3259025812149048,1.3259025812149048
0bc4086b7c5ed0463dde3926f10fc298,0,1,1.5998222827911377,1.5998222827911377
0bce55d17bcc628e62c843a2420e723d,0,3,3.5661563873291016,3.5661563873291016
0bd0dd2e0b715471eab534e1d815ebb2,0,4,4.355528354644775,4.355528354644775
0bd941a8340eaec12fd35ffc798599df,0,1,0.3462229073047638,0.3462229073047638
0be3244ab58beba40b4746250b7c80c0,0,1,1.2794426679611206,1.2794426679611206
0bfe4af623f6be66a82289e411320773,0,2,2.4566588401794434,2.4566588401794434
0c086008cc6c8c8da93106b67d336b8f,0,0,0.6757976412773132,0.6757976412773132
0c16dad59425c963a1dba7a84638ece7,0,3,2.5725715160369873,2.5725715160369873
0c184eef4691e624de23e7b3d6a50025,0,0,0.3686635196208954,0.3686635196208954
0c4c5c0598098cb221d34dc154cca14f,0,1,0.6473768353462219,0.6473768353462219
0c5170ccdfd5405de0600d2c25850dac,0,0,0.17062433063983917,0.17062433063983917
0c6c14ee4d822472a576f1f6650d79f0,0,3,2.9272754192352295,2.9272754192352295
0c77c44639718bde0513e97205b413a0,0,0,0.369449645280838,0.369449645280838
0c841425404c56ae1115867cd37a2bdb,0,0,0.044597163796424866,0.044597163796424866
0c88d7c7033e2048b1068e208b105270,0,4,3.5762906074523926,3.5762906074523926
0ce4ad46cffd5d3be84513fad62dded7,0,0,0.25468698143959045,0.25468698143959045
0cf88c432c44f7d163afb692e6d1000b,0,1,2.5596368312835693,2.5596368312835693
0df6fef657c83392baa2bc0c89880615,0,0,0.12423660606145859,0.12423660606145859
0e01dca6be914ca5159e6d6bbd9b9468,0,0,0.3200157880783081,0.3200157880783081
0e1a2cbd009133a20feeb1e4bc5a2227,0,1,0.8502213358879089,0.8502213358879089
0e1d010df72414d8873b594afd64a34b,0,0,0.7672697305679321,0.7672697305679321
0e3b9cd71b3f0049db58e845a781c228,0,1,0.9528073668479919,0.9528073668479919
0e4e894993e03ea910ecfb8bcdbc4baf,0,2,1.7094833850860596,1.7094833850860596
0e62a4cba998a03d20295e07ebc30958,0,4,3.8117337226867676,3.8117337226867676
0e9219ba3378fbf1de1743a53f3a0c18,0,4,2.422598361968994,2.422598361968994
0eb245bb330a149e1d1e821f37dd1b65,0,5,1.927228331565857,1.927228331565857
0eb4c1db923d5395c5eb15e8850804ed,0,3,1.8616186380386353,1.8616186380386353
0ec1b37c75064128cfa8381a8d7e5d72,0,2,1.0967786312103271,1.0967786312103271
0ec5bf6cbb0a9195b4db46173203a848,0,2,2.002704381942749,2.002704381942749
0ee8e3eb6bc2e209cad1064cdef0f422,0,5,3.6258442401885986,3.6258442401885986
0f09d54c1c7484c7892e834be3153964,0,2,3.4337522983551025,3.4337522983551025
0f39f5898c4efb71453313f528f70c9d,0,0,1.1881414651870728,1.1881414651870728
0f7afae16aa8f61f8f1682665e53ef98,0,3,2.507711887359619,2.507711887359619
0fccc3f87b6c20d6ccc7e0df535eca8f,0,2,3.112560510635376,3.112560510635376
0fcdf945e3bffc4de6384a63733b5572,0,0,0.07702748477458954,0.07702748477458954
0fe439d806b88e850a6a69442d295530,0,2,2.87570858001709,2.87570858001709
0feceea983889baf5672d8caa4e22781,0,4,4.038477897644043,4.038477897644043
0ff9887e50a45141bb1755c5dda1b8c6,0,1,1.1813470125198364,1.1813470125198364
101a772946573d407bb440a3e38c5684,0,0,0.5048649907112122,0.5048649907112122
102c1ec848392aabff3fb4df2aa3598b,0,1,3.249032497406006,3.249032497406006
106b34c5c7cef8e43594524c9fd1c999,0,0,2.1837196350097656,2.1837196350097656
1091823128e2ad54c3c90e316e0e5736,0,0,2.3177483081817627,2.3177483081817627
1097d143ba39545d1ccee8e240044902,0,0,0.2616816759109497,0.2616816759109497
10a8a9a745a971ab7ed129c6283a3f7d,0,2,1.897355556488037,1.897355556488037
10f2e4aecfe1402c6de73772cd78c8a3,0,1,0.9681617021560669,0.9681617021560669
11bf68736bc51525ed31f21abe8ff6a5,0,1,0.2218668907880783,0.2218668907880783
1214680ab7c7ce4d1cc89b78a96010b8,0,0,0.22614283859729767,0.22614283859729767
1237190a840ad3929f3c8568be55df9e,0,0,0.8186426758766174,0.8186426758766174
128ade97a27c446fb413b1787426760c,0,3,2.877176523208618,2.877176523208618
1308c87f8993821604adb52903701e8b,0,4,1.9126673936843872,1.9126673936843872
134b29504e8774c3d38102d6ee81cdb9,0,4,3.8958637714385986,3.8958637714385986
1364c10e1e7f1ad0457f649a44d74888,0,5,4.634403705596924,4.634403705596924
1370ed5281f0658a1584e0e47bbe6ecc,0,1,0.07910002768039703,0.07910002768039703
13813facc985c2ea007fdf764ef98a5a,0,1,1.6624667644500732,1.6624667644500732
138385f6db299b22afc13ea6da682c8d,0,0,0.1513584405183792,0.1513584405183792
1392751dc2ff4e148c89fe975c5a505b,0,0,0.28732237219810486,0.28732237219810486
13a1a0432b80f929411a82f275df7807,0,5,0.9437922835350037,0.9437922835350037
13a2f4b3f904a0893997c4fc8f2ec7d5,0,4,1.9256335496902466,1.9256335496902466
13b816b6539dfd7561e1884454a31405,0,1,1.4231125116348267,1.4231125116348267
13c7ba8751e64f63d0e81b35bdadbefa,0,1,1.0041730403900146,1.0041730403900146
13ce15fcef18b33d4fe66796504c2be8,0,1,0.6474387049674988,0.6474387049674988
13e0eb0bb20ae07ee32ce2d6a70ed9ff,0,2,2.913729190826416,2.913729190826416
141c3b4a9a4a0411e144ddf2f642eb21,0,4,3.7210490703582764,3.7210490703582764
1438f19e07c389b47fd5219ca62f9f0a,0,0,0.24027374386787415,0.24027374386787415
1439d6813f1dd6acc639c12ea388c990,0,1,3.001652479171753,3.001652479171753
144128bf2adebe5cb85b76e0f94f3f01,0,1,1.0908572673797607,1.0908572673797607
145c74333d681b537b51a1f2c553c24e,0,4,4.66300630569458,4.66300630569458
146767f7d93d3093f647e003c9fdb0bb,0,1,0.4671771824359894,0.4671771824359894
1467d804990bad99d1c553ca5a007ecc,0,1,0.5250217914581299,0.5250217914581299
146b34839149849ceb98aa7b9bd7edcd,0,0,0.4433518946170807,0.4433518946170807
147c2ba0e69a12aef763162255c73e90,0,2,1.1130751371383667,1.1130751371383667
148121423c7bdd1892bf501a2d5a800b,0,3,2.597066879272461,2.597066879272461
14b6e5e738edba8fb2a18cb95dc9af6a,0,4,3.2756078243255615,3.2756078243255615
14d4d7374400dc55ce7cc8d184c9a4c7,0,2,1.7109628915786743,1.7109628915786743
14fefa0444174c6575f8832c18fc66f7,0,1,0.45243731141090393,0.45243731141090393
1517ef21c1a72cf5ba4e1eeb6176dccc,0,1,1.088189721107483,1.088189721107483
151fd14ad2dee1c8292dfc3d211873ed,0,5,3.4117374420166016,3.4117374420166016
153b4416487925655ba21b75555e04d7,0,3,3.5448896884918213,3.5448896884918213
1553a517c2865e17ba28e1fac79bec75,0,1,0.7089948058128357,0.7089948058128357
155867d947fe378bcce54cc1adf8acba,0,2,0.42974546551704407,0.42974546551704407
1562710a0cda2f5494cac08ea3c536ec,0,1,1.0417934656143188,1.0417934656143188
157565e23ba28d5a42f63f34f3dd4425,0,2,2.18109393119812,2.18109393119812
158754df49e00760f8e4659a05e7cc0c,0,4,0.12298174202442169,0.12298174202442169
15adbda27f36bcbb0cd4cec566db82a9,0,0,0.2727271616458893,0.2727271616458893
15ee33d8a2845dd72a240f17db87000b,0,2,0.7855189442634583,0.7855189442634583
160a724e4f6c877d8175fdf7d07a0a67,0,1,0.3152242600917816,0.3152242600917816
161e2fc76e242f0b8861888cf41d0e18,0,5,0.4951377809047699,0.4951377809047699
168105faabc838069792b436feb6416e,0,2,1.930654764175415,1.930654764175415
16ad51c0a769aa6dd7d09671faca0b4e,0,3,4.089168548583984,4.089168548583984
16dc162b86248d1f878e90001742a886,0,1,1.122044324874878,1.122044324874878
16e1c7937dc0a2394bf82f863dd1a25f,0,0,0.30920395255088806,0.30920395255088806
16ef750c637aff5133cac9c3c5176431,0,0,0.2396155148744583,0.2396155148744583
172fa84ffb4f92d432e8a805dd772a01,0,0,0.9671946167945862,0.9671946167945862
173b9c70742ca8ab4fd17e0e6ac82323,0,0,0.5369735956192017,0.5369735956192017
17e1f862d37507d9b5a73208ef30ccc6,0,2,0.4423176646232605,0.4423176646232605
17efb686df335e94942c65347a380135,0,1,0.16578717529773712,0.16578717529773712
1844a09c66e370d856cefb21f5e82be4,0,2,2.2873916625976562,2.2873916625976562
184bc80c0ef21eb49d00434f52477f04,0,1,1.134629487991333,1.134629487991333
18533bc08197fa92ff063ad89ceddc89,0,0,0.25298580527305603,0.25298580527305603
18566c8e26d5b14f599fc92acec008e0,0,4,1.149754285812378,1.149754285812378
186fb113fceed1acca3fba087ba146de,0,0,0.48623692989349365,0.48623692989349365
18720a3463951c46b4b3392b8785e11f,0,1,2.4060909748077393,2.4060909748077393
18d067c6e901818fd873836a73e927e2,0,0,0.43247663974761963,0.43247663974761963
190fdc642be1770bf973c7e1b354f1b9,0,1,1.361325740814209,1.361325740814209
192863a82b5a954ba0fa56b910574e1a,0,1,0.3095294237136841,0.3095294237136841
196a19d5bcec9d1cd1c98eb21b7b8358,0,0,0.1647009402513504,0.1647009402513504
1990f9eb40f798dcb50f7fad287c0e28,0,3,0.6755050420761108,0.6755050420761108
19929dc431ae4560780d6a92a8e9fd20,0,5,0.5603650808334351,0.5603650808334351
19e4aab3fa00eb67e72d400fedae03a3,0,0,0.2960452437400818,0.2960452437400818
19e5619ec8b7da130f452bb71f8953d0,0,1,1.0991886854171753,1.0991886854171753
1a083757c0cb74de08e3c02376732459,0,2,3.4832067489624023,3.4832067489624023
1aae086597a13b31488027e734c279e3,0,0,0.4352019131183624,0.4352019131183624
1ac4c0ef34eda596f51a074b5755da87,0,3,4.86957311630249,4.86957311630249
1aff7ddcd1864b0e2fa4fdf61e965a83,0,1,1.2850691080093384,1.2850691080093384
1b323176137e2d3b0fa66c691af7168e,0,4,3.834005832672119,3.834005832672119
1b37e45a5f52c1150b3c5dcadf618aac,0,1,0.12107069045305252,0.12107069045305252
1b395ce8fd3eee21b0feb260e477a197,0,1,1.850952386856079,1.850952386856079
1b3a2a301b7ad171ab00b79bf7760934,0,2,0.6951273083686829,0.6951273083686829
1b537a80f1e8a878059a4bfea02a7a6b,0,1,0.24375025928020477,0.24375025928020477
1bcd72efb2404e184d0b572612bf1355,0,0,0.2788229286670685,0.2788229286670685
1bdf2c81b6b6aad6aae2818a844957f0,0,4,4.30512809753418,4.30512809753418
1be6e10d8e0afdbe07aab32a2985b23b,0,1,1.0412133932113647,1.0412133932113647
1bf0cb1e3f0b2ce35b9b0a406cd225c5,0,3,1.4101015329360962,1.4101015329360962
1c239449d7f8707211a0e6821848a1c1,0,3,3.973675489425659,3.973675489425659
1c629d01bc58bb8cb94014b6f935b40e,0,0,0.6461285948753357,0.6461285948753357
1c9968ab31b8a210c54ef761d36d8b8d,0,0,0.4666796028614044,0.4666796028614044
1ca999adbbc948e69783686e5b5414e4,0,0,0.707797646522522,0.707797646522522
1cca851fcb421dbabc8e6550257e8160,0,2,0.826960563659668,0.826960563659668
1ccd539748c427c85899566015a9373c,0,1,1.3233230113983154,1.3233230113983154
1ce9b649870f923675d3d965a02dffcf,0,0,0.09730672836303711,0.09730672836303711
1d5db12468b623f2e6f9542d6b32920f,0,4,3.861363172531128,3.861363172531128
1d645028ae7e6bb2c83f3b6207d074ad,0,0,1.3200554847717285,1.3200554847717285
1d8574ef8f2ebeaf169ac040bda870af,0,0,0.396884560585022,0.396884560585022
1d8de93e7c638323a0572bbc7e3c927e,0,3,3.047253131866455,3.047253131866455
1dd96a0c9793cac8d8900c57c3e8a7bf,0,2,2.164449453353882,2.164449453353882
1e04135bfa21358d83253135862b6d2f,0,0,1.3672173023223877,1.3672173023223877
1e3397833ac1ae92d092f0662f9cb259,0,5,3.5399935245513916,3.5399935245513916
1e5b35728a6af734a4723f480bafafa9,0,5,3.799447774887085,3.799447774887085
1e642b4f5afa230c341c6622461dd48b,0,0,0.0824715718626976,0.0824715718626976
1e6f80037841250f61245102cb51baba,0,0,0.3052082657814026,0.3052082657814026
1e73a4d3e89de944a6c309defde99839,0,4,2.6374168395996094,2.6374168395996094
1e781756a0e97724ca9592a7a9d8623d,0,1,0.7803846001625061,0.7803846001625061
1e80a4ca18e6c2d29e453893266da535,0,1,1.8212716579437256,1.8212716579437256
1ea8f362be901720ee28cce312a7d509,0,0,0.133355513215065,0.133355513215065
1eab1d74f5c90e353ce5f4440b502bc3,0,2,1.7875953912734985,1.7875953912734985
1eb9fce2fa50f42d94899fd7fd83326a,0,3,2.852393388748169,2.852393388748169
1ebba2e4d644831ac586b7bda5eda313,0,5,4.818991184234619,4.818991184234619
1eee3477eafb3accebe157a47112e8f1,0,4,2.097205400466919,2.097205400466919
1f060ebd06b1a771a40c42acf064f694,0,3,3.303095579147339,3.303095579147339
1f16f094f5488694af5785d517bda17b,0,5,4.518125057220459,4.518125057220459
1f6a82e2a74957e7ad3d960ee0d0d6a5,0,0,0.8376393914222717,0.8376393914222717
1f714e09f15848bb3292e917f711333a,0,0,0.2246216982603073,0.2246216982603073
1f73af67719cfb51ccbe7673118cacf4,0,1,1.0457425117492676,1.0457425117492676
1fb0e1a195d073656c1a1f9b1ac76465,0,0,0.7818485498428345,0.7818485498428345
1fb65315d7ded63d688194863a1b123e,0,5,1.4100558757781982,1.4100558757781982
1fc02c67c10dae06aa3f259d8374a31a,0,1,0.8708733320236206,0.8708733320236206
1fd3d60b4833d266003fce5f17205baa,0,0,0.5208715796470642,0.5208715796470642
200c27d689b7c5b6461f6cc33428049a,0,0,0.2609614133834839,0.2609614133834839
2013de8f585f3ef670ac9355bebd930b,0,1,3.2189865112304688,3.2189865112304688
202ae5085bfd89bb3b20f96d3db3b126,0,1,0.5980700850486755,0.5980700850486755
2033421adffe1e569704229c139c0dab,0,4,2.7798893451690674,2.7798893451690674
20340e3ee5bd16fdb06dabb63079c835,0,1,0.7380275130271912,0.7380275130271912
20546599b4a51afc9eb43344f42df611,0,4,4.207320690155029,4.207320690155029
20bfdfeb0d070454d02b2c98e351e5f6,0,0,0.5338323712348938,0.5338323712348938
20ec7cf1e184baab03dad85a1a601532,0,4,3.5509302616119385,3.5509302616119385
20f97907e71dbc8c945a87ecbe31a781,0,2,1.5170518159866333,1.5170518159866333
20fa7333809b2501ca2be700cd046c00,0,0,0.23581376671791077,0.23581376671791077
2108712d16ce155cbeff56ce3bb3105c,0,0,0.596416711807251,0.596416711807251
214419f1697f9b376b6f18b7965d8aa7,0,0,0.4832249581813812,0.4832249581813812
214c897059e8c37741b74163b21ef4c9,0,4,4.061525344848633,4.061525344848633
216f065ac7c14bff00b1b64208a7c5ad,0,1,2.1421117782592773,2.1421117782592773
21ab5bb704709f8b9143a6bf5274dd3a,0,0,0.3130296468734741,0.3130296468734741
21d90fcd566bcc6dc30b056ba7675a32,0,0,-0.14418217539787292,-0.14418217539787292
21e2ecf1c1b82030c3096263fef8b927,0,1,3.4443142414093018,3.4443142414093018
21e4e2533162dc9eea4b2508b0d3df46,0,1,1.2665098905563354,1.2665098905563354
21e9ed95b0e48b751b987794aa9cfd8d,0,2,2.1937804222106934,2.1937804222106934
223e1179a9dcf7c13871234edc99fc1b,0,0,-0.03497453033924103,-0.03497453033924103
223e76d88f565a91aea53f9192940561,0,1,1.5583713054656982,1.5583713054656982
2268c3174c1c0890af7ae1bae4c8cd74,0,5,4.678125381469727,4.678125381469727
228e60ce9785add71bcd377e0c6fafa9,0,1,0.2886103391647339,0.2886103391647339
22c2e58ea58b90066e98d86bfb8a0baf,0,0,0.10674683004617691,0.10674683004617691
22cae767983c100daad0bf1f8c87b059,0,2,1.415745735168457,1.415745735168457
22cb30954b18a319b87b51e7036deacb,0,1,1.0371174812316895,1.0371174812316895
22d0fa89e2f644d9c6ef77735619d760,0,3,3.080892324447632,3.080892324447632
22ed80ee33043b4289b64b40b1032368,0,1,1.0643895864486694,1.0643895864486694
230181f28dca7a3923e3f3e224464a53,0,1,1.6060864925384521,1.6060864925384521
2309b313ab206df1adf09d970478f4c0,0,1,2.0028319358825684,2.0028319358825684
23145eb40dbfd7033b4c21e7a9649ca7,0,1,0.9130073189735413,0.9130073189735413
2314634bf328b5e24bc7a5a3d82c08ee,0,0,0.4661257565021515,0.4661257565021515
23279725c942117657b2287c41520b96,0,3,3.7201766967773438,3.7201766967773438
235c5e6cd107a96be0670d71e72ebc6d,0,1,0.33907362818717957,0.33907362818717957
2362d93816e6dff7db5f3de85b660777,0,1,0.6103735566139221,0.6103735566139221
2364e13161b373f7d463220e68eea803,0,5,1.2938207387924194,1.2938207387924194
236bc413143580332dbb51863d097b4f,0,5,3.450902223587036,3.450902223587036
237a26535117ff8e51d28df0058e488d,0,0,0.30723682045936584,0.30723682045936584
237d42417a3621368cfb0a3280d3f252,0,4,3.170344114303589,3.170344114303589
238caac47e3fa370cd45a03d494dd061,0,4,3.594823122024536,3.594823122024536
23c27ba471cabbfa0732dd9029c68ad5,0,5,3.7348010540008545,3.7348010540008545
23da95939f6c2de791206800db861c1c,0,0,0.2880670130252838,0.2880670130252838
23ec43578519dac256b3f6ce800b82e7,0,2,2.602238416671753,2.602238416671753
23f4b308dcf9354e9bdf5886c7f6f36b,0,0,0.34097063541412354,0.34097063541412354
2409b82676fa73d6a71cde9839222b4b,0,1,0.6088704466819763,0.6088704466819763
2442cc58025c02b3d153183bb0f65bd4,0,1,1.6623318195343018,1.6623318195343018
2470531626032d9f836359f11fd4fdf7,0,0,0.054330408573150635,0.054330408573150635
248849ede6c19a5b38182908836cb666,0,0,0.40089043974876404,0.40089043974876404
24b5ae892c0ba535fc16f5cddcbf8dcd,0,2,2.5890650749206543,2.5890650749206543
24c62d554f43181518499236941d6163,0,1,2.333268642425537,2.333268642425537
24db83be28dcd7f40d311c2b2cfeb78c,0,0,1.0461856126785278,1.0461856126785278
24dc089d3fa302b5de69d63afb22b32f,0,1,0.7516798377037048,0.7516798377037048
24dec714435950378692d40fe4d4b449,0,5,4.9285993576049805,4.9285993576049805
24ecf26ce811ea7f0116d7ea5388bc4a,0,2,1.3318583965301514,1.3318583965301514
25193f2e5eb320bb11ac639eb5dc11c3,0,2,1.5443484783172607,1.5443484783172607
251e12eeb15fcbbd0a39cd7928c74345,0,3,3.1552889347076416,3.1552889347076416
2539a3af2419f1cd39bb34d0947e3863,0,1,0.7382052540779114,0.7382052540779114
2569e44ff22ee25e44ae31cafe6450ba,0,5,1.1832026243209839,1.1832026243209839
2592cfd1d3e053e519598bab9423d279,0,0,0.4553009867668152,0.4553009867668152
25d8ff4fcd3f85d69a672b69d29b6339,0,0,0.27939727902412415,0.27939727902412415
25f05be992338d0229bf3a5cd110143c,0,1,0.7948011159896851,0.7948011159896851
25f7b992e5a19d4dd7fa7e390ee1721c,0,0,0.6523513793945312,0.6523513793945312
25f8b4140df3fcadc642f18b4279582d,0,5,4.598891735076904,4.598891735076904
2626d578899ee91a14a09bab13ae8b07,0,1,1.3564815521240234,1.3564815521240234
2641b27c17ee58e7da17b354109be726,0,0,0.3803313672542572,0.3803313672542572
2659c8793ae036bf6e6b1d05a080329d,0,0,0.42235422134399414,0.42235422134399414
26885e1727dfa63fd2c06db5a164be0b,0,1,0.8099719882011414,0.8099719882011414
26ca4dbc8c6f341f304cd49e4fa0a215,0,1,1.0421544313430786,1.0421544313430786
26cdc0af323b18d54925546b032e442c,0,1,1.312098503112793,1.312098503112793
26fbfd016190823c434c95a81f156ae4,0,0,0.1529906690120697,0.1529906690120697
275322852b2d7d5cff8a19cc5e72ff4e,0,2,2.1401350498199463,2.1401350498199463
27556fdb820073abe367089a67ab87d3,0,5,2.2745723724365234,2.2745723724365234
275d62217ae06ac7e773c5cd2d568832,0,0,0.2323102504014969,0.2323102504014969
2794fc86e8d4ab7388b0d6b198559572,0,4,4.729523658752441,4.729523658752441
27a0805c02fc2d0fa9baff39ab5f36d6,0,0,0.6988549828529358,0.6988549828529358
281b5e3e80477bed6206fad69a470756,0,3,0.45806553959846497,0.45806553959846497
281fcc161aa1fe329f1ab8d9ae73636b,0,4,2.6963489055633545,2.6963489055633545
282814f67e44cc563ba0eef3ea6f4bd5,0,2,1.5402660369873047,1.5402660369873047
283b3a40795ae1992f0ddd56a55c396a,0,1,0.8534995913505554,0.8534995913505554
28522b00c39c8b77580bae8bc86c0c76,0,0,0.1042838916182518,0.1042838916182518
287954ebec5531c31c41010a31ca23b8,0,5,4.132208347320557,4.132208347320557
287de3ae1fa63dec27e7b5f42cfe7c66,0,0,-0.052603572607040405,-0.052603572607040405
28ca3539cc4b25b0a3d571c1fe108aba,0,4,4.301069259643555,4.301069259643555
28de07f534e1942fb63732ccd9e09338,0,3,4.239437580108643,4.239437580108643
28fe202d59a8ebbac9bb63ea093236d8,0,0,0.36264970898628235,0.36264970898628235
28fef958d77c41e9d318bd9177bd1225,0,0,0.43394365906715393,0.43394365906715393
291ae123af90c4831e5a504e909e52ec,0,1,1.6341471672058105,1.6341471672058105
291b2132e1fb9131478b8d691406874b,0,0,0.9791146516799927,0.9791146516799927
2929fb804a8ce7c6e2210e0e5710c243,0,1,0.23188115656375885,0.23188115656375885
294c41defe507592692b93bb10c33123,0,1,2.8097481727600098,2.8097481727600098
295e1526a3281254a94586b9980a3056,0,2,1.5499675273895264,1.5499675273895264
295f60908595262b10bfd016661819fd,0,1,1.7366180419921875,1.7366180419921875
29666407d53a57a9dfd417fb75040f8c,0,1,1.5269739627838135,1.5269739627838135
2966dfe36bca2724806b2020aa677990,0,1,2.3115880489349365,2.3115880489349365
297276e5cd02ffae7626e025bedfd9fa,0,5,4.765631198883057,4.765631198883057
299cbccbc459c1c8c2685a92fb3c9182,0,2,1.5370104312896729,1.5370104312896729
299cda5b6769ede928f02624c46f1bf0,0,2,1.2564778327941895,1.2564778327941895
29b03a7c58dbdb44f46d936788d8eb66,0,3,2.551727771759033,2.551727771759033
29c932b5138052d632a08a3a2540f735,0,1,0.2435997873544693,0.2435997873544693
29cf9fd036abf9bb241580d247b39b1b,0,1,1.9917409420013428,1.9917409420013428
29d70921c5346342007bb79603c58303,0,0,1.9986321926116943,1.9986321926116943
29d80dc50d0b6ba0c43087089514c688,0,0,0.3856622278690338,0.3856622278690338
29e2cfb8a5b8b437876e531f8c5f753c,0,5,4.354094505310059,4.354094505310059
29f797d63f44138202a45d24a32de5eb,0,5,4.3849053382873535,4.3849053382873535
29ff1c9442a8be9179e198c0c82f2623,0,5,1.7869449853897095,1.7869449853897095
2a006dc0297080f9f6f23397b180a889,0,0,0.2737067937850952,0.2737067937850952
2a0413cade5edfb4cf5b0d43e7346659,0,4,0.9582288265228271,0.9582288265228271
2a4acf0e2db5c6fab745a163af60259b,0,4,0.9932118654251099,0.9932118654251099
2a560b45f1696770fecd76bb8ca75c59,0,4,3.075542688369751,3.075542688369751
2a5c483208aa31a6867e091f6f14bbc5,0,4,4.540524959564209,4.540524959564209
2a6c1b639b5a5d0f32b60d8874f517b6,0,0,0.24533741176128387,0.24533741176128387
2a8f8a39a833b8f141e0474b097fdb36,0,1,0.9418678879737854,0.9418678879737854
2aa5b4c0381297847a846c197a4208b3,0,3,3.291513442993164,3.291513442993164
2abb253542077998ae8734508e256ead,0,2,0.8364121913909912,0.8364121913909912
2ac0289a1ec7052e6e157ffdb6b68fe4,0,0,0.3572595417499542,0.3572595417499542
2ae687e6a07ac70f9391efc3c3a08746,0,1,1.517533540725708,1.517533540725708
2af2dd6d1fb4012582c9932ab3147492,0,4,3.041729688644409,3.041729688644409
2b2866cb48fb18fa8dadd200798c5feb,0,1,1.9408462047576904,1.9408462047576904
2b959b442154e1f4627cb95d04c31745,0,3,2.3889431953430176,2.3889431953430176
2be8c910fac204ab798528ec628e7495,0,5,2.4181737899780273,2.4181737899780273
2c24476310b2a011fb8bca443400c361,0,2,1.8090133666992188,1.8090133666992188
2c2ea50438dabda801440d9ee961a13f,0,4,3.7662196159362793,3.7662196159362793
2c657f6c839abdd8fd4a6dc72dabc6ca,0,5,4.07486629486084,4.07486629486084
2c6daebe0963942f9b960aa3814b0b75,0,2,2.731358766555786,2.731358766555786
2c80f3b5b711c0ff847087a5c154b5a0,0,1,0.09948649257421494,0.09948649257421494
2ca7ad8da2140efde3184d5fb4d3d5d2,0,1,1.0145237445831299,1.0145237445831299
2d3325a54dddefa778af88a70e7d196d,0,2,0.8865569233894348,0.8865569233894348
2d4909a3958f29872fe825878a8df373,0,3,2.700868844985962,2.700868844985962
2d89735825e26abf44c7c5f5981ddeb6,0,1,1.8892569541931152,1.8892569541931152
2da314766cfe9d62f7bd6a60cfd856bb,0,4,4.245264530181885,4.245264530181885
2de19392851565602fb1929dfa3f89ff,0,1,1.011929988861084,1.011929988861084
2de70a06f44c854c7e5a14f46fc14e9a,0,1,1.0482151508331299,1.0482151508331299
2df70f54603d1288589dd36d562fd88a,0,0,0.12459400296211243,0.12459400296211243
2e0132178e80af8c343a19317589e2fe,0,5,1.578382968902588,1.578382968902588
2e1107832601b1d8e00fef91a5a41f69,0,1,1.5342562198638916,1.5342562198638916
2e20fa4b5612ba96f79c29cbd9635dfc,0,4,4.509953022003174,4.509953022003174
2e28fc383fe5ed4a4b0e5cb9492a4721,0,0,0.8618513941764832,0.8618513941764832
2e2d3ed2069dd704dde97c3d6d194b94,0,5,4.017126083374023,4.017126083374023
2e4281fa0f1f749d052579c9855476cf,0,1,0.13713473081588745,0.13713473081588745
2ea5a65f8c7316df537b5f8caf4146d3,0,0,3.622795581817627,3.622795581817627
2ebdf4f501a6a50b16697d8f1b864791,0,2,1.6845887899398804,1.6845887899398804
2ebf6b50e4c245e4078976a271b7aa79,0,2,2.510066270828247,2.510066270828247
2ec367872ec7245522d6090ae792d6e0,0,1,1.9891880750656128,1.9891880750656128
2ee04159001b56e9f28dfa9541e1b9fb,0,1,1.7882578372955322,1.7882578372955322
2f305c85a7bb5ce4ea89ceee84f17f6b,0,1,1.4851516485214233,1.4851516485214233
2f307cc31799996529e44c0bcc87b9dd,0,4,4.232428073883057,4.232428073883057
2f4f8ac22786b2606a4e307d9cb116e0,0,5,2.082188606262207,2.082188606262207
2f5c2f001402c02682217050f718d375,0,0,0.42400339245796204,0.42400339245796204
2fc6bf2ccab59b08bb4b3cb2ee0602d9,0,3,1.36081862449646,1.36081862449646
2fdc521c56b6cce0e7907d05a8db1f25,0,0,0.05888447165489197,0.05888447165489197
2ff022519be7751ee90020e3c71c7c4f,0,0,0.1950051188468933,0.1950051188468933
2ff7164620f1d249f39598329ff7690c,0,0,0.5838695168495178,0.5838695168495178
3046035f348012fdba6f7c53c4faa16e,0,2,0.9902558922767639,0.9902558922767639
30703edaf3bf39b0d04685f0f0a1d43b,0,3,2.4001920223236084,2.4001920223236084
30714dc10ad30cb8cda2ed487ebd4934,0,2,1.289231538772583,1.289231538772583
307f2f1883a10ac0e49787c25eacbd9f,0,0,0.29483097791671753,0.29483097791671753
309a240cec8d3f98a615f8cfba3f7624,0,2,0.968867301940918,0.968867301940918
3109bea8f9be6a92c492ccf55c2ec5a1,0,3,3.5003445148468018,3.5003445148468018
3118e3e9bd7f836ede5bc6e3cb0cfecd,0,1,1.5060720443725586,1.5060720443725586
318ff075e5d3a785584049343b93843b,0,0,0.7568075060844421,0.7568075060844421
319e18fe9a6e761753d858a42e1e9c87,0,1,0.22413073480129242,0.22413073480129242
31ad7f884a90445e3031e60e00c4146a,0,1,1.5983352661132812,1.5983352661132812
31fd11d1920dede9f0fa0dcb35baa34e,0,3,3.893876075744629,3.893876075744629
320543392885dbaff272faaae7657749,0,2,1.9994027614593506,1.9994027614593506
3205cf61128c41e20cf2c12c3c89b2a5,0,0,1.3906619548797607,1.3906619548797607
32291426a698e316ff990f4b93e27e98,0,3,3.2485413551330566,3.2485413551330566
322fec2e148f8a2d3ca008e1cc20d8c4,0,1,1.323262333869934,1.323262333869934
327e57e785d4808c280054de8f4639b0,0,4,3.5793278217315674,3.5793278217315674
32993cdc127974fa9a42424bf060a203,0,5,3.9629619121551514,3.9629619121551514
32a1954e415796b8d5f01ff1a6d7b1c5,0,3,3.467585563659668,3.467585563659668
32d22cb31348b9bc05db98b08da8c867,0,0,0.27581074833869934,0.27581074833869934
330823f8120df480aefdbf1d107747ba,0,3,4.8245954513549805,4.8245954513549805
33169dcbdfa0088266152accc011f8c8,0,4,4.437103748321533,4.437103748321533
33453ab3633e39269f3368e83acb993b,0,4,1.305266261100769,1.305266261100769
334bfff5b9f41e36cbc1869ea86aad38,0,0,0.6234281659126282,0.6234281659126282
339bae6b7ac013bc70f243812c863125,0,3,2.703340768814087,2.703340768814087
34159ad757c19c1bded93e4505dc2903,0,4,2.427046060562134,2.427046060562134
342873df1a459c1480c270e4185d2748,0,0,0.5346170663833618,0.5346170663833618
3431b6b189e8547fb02ced891b4201b4,0,0,1.3006436824798584,1.3006436824798584
345308e335f09ee04152c18426ad9a91,0,0,0.534861147403717,0.534861147403717
345f3e86a3dcc26dce73ceeacc5a4a0a,0,3,2.37060546875,2.37060546875
3479b69cf34e5241ddabe268dc304c56,0,0,0.02314508520066738,0.02314508520066738
3482a1ac6b5279fb56a14504a6c9fed2,0,0,0.21877095103263855,0.21877095103263855
34a48086263adb0c3245ec2bbb925809,0,5,3.319873094558716,3.319873094558716
34b9896eebff5d0501dc23156b26f2b3,0,0,2.130037784576416,2.130037784576416
34bbbf1788a8c12eefb14f8b8ef71e79,0,1,1.3446297645568848,1.3446297645568848
34f9cb8a992bc7fab6593d27d59f6abe,0,0,0.05256795138120651,0.05256795138120651
3517a8727c26bcdb6846648c9867692a,0,4,3.033055067062378,3.033055067062378
35281ad4d124eaa1546bd64e7bbdca86,0,0,0.5258554220199585,0.5258554220199585
3531763820dc825219b9d6283721a959,0,0,1.2000113725662231,1.2000113725662231
3539e2470a916da8d98b749d89ee69ce,0,1,1.0583393573760986,1.0583393573760986
35590689349e29d6540a7c14f8a3d42c,0,3,3.7044942378997803,3.7044942378997803
35b2e442142f53c58e83e1a0f0636472,0,3,3.344146490097046,3.344146490097046
35b3399925cc2f2f00d65c842b6cf536,0,5,4.7361741065979,4.7361741065979
35e09396b1a536c593466d45285c7d85,0,0,1.1435626745224,1.1435626745224
35f629e359399d425289242b698b3f66,0,2,2.1290512084960938,2.1290512084960938
3600b9f393854a0c456904beaff22ae9,0,2,1.6468696594238281,1.6468696594238281
3602a55ad5d1bc6c6cd903538b5b5abe,0,1,0.5404099225997925,0.5404099225997925
3605ec5ecd6cd8f36a046746b1888cad,0,1,1.9837859869003296,1.9837859869003296
361e1ffe1964442b325efbfb9f682a26,0,3,4.089039325714111,4.089039325714111
366cff575902d8a3e43cf0634e05d96c,0,4,4.290085315704346,4.290085315704346
367107929408ad6c749310a0f665bdac,0,5,4.667448043823242,4.667448043823242
367f122e80bcd0bffc02f6a04c1d8234,0,4,3.110079288482666,3.110079288482666
36909d9bacf3828022000e94bc4d02c5,0,1,1.265934705734253,1.265934705734253
36b09d17def11b696c090d9faff277d6,0,2,2.497184991836548,2.497184991836548
36c8f9a16788be091884e5cd1688767f,0,5,3.9856836795806885,3.9856836795806885
36dd11dbc0aba4413623bdc44775e6fe,0,5,4.312203407287598,4.312203407287598
36eeee47a868b8ac66b6ece9e6372984,0,5,3.370100736618042,3.370100736618042
3737e0d7e43e1b09167f4036e9cc414b,0,0,0.11529041826725006,0.11529041826725006
374d5401159d9bf39ce20b395d82c0b4,0,0,0.2847262918949127,0.2847262918949127
3752b697cae9f81a9d5ffe44dac58e7a,0,5,4.518345832824707,4.518345832824707
3754b01d3ce8fb9f89062dd30929b7f0,0,4,4.561570167541504,4.561570167541504
375771fed439d26b5374aae3f6b1d653,0,5,4.588842391967773,4.588842391967773
376a5058f8fcf38a3df4a0c431e974fa,0,0,0.9849255681037903,0.9849255681037903
378f0ea443c45b7cb1cb8e0cc86a5992,0,0,0.1374601125717163,0.1374601125717163
3795ba90ba4303d37accaa4eaf82c747,0,3,3.9339795112609863,3.9339795112609863
37a8139578e30b6572bfd3d2145e6543,0,0,4.1420369148254395,4.1420369148254395
37aba3bbad701308106b141471c063f0,0,0,0.6534476280212402,0.6534476280212402
37cbb00ca8f207cb9fde012b0ad7d670,0,1,2.5236165523529053,2.5236165523529053
37f5f5eeed547c62c951aee3ecdc97ee,0,0,0.7502238750457764,0.7502238750457764
38020becb73cea2d52e02adb5d3704ef,0,4,2.335162878036499,2.335162878036499
381655124cc7fc032195c4033e8575ad,0,1,1.0009185075759888,1.0009185075759888
385d7a1e8b6174ecd264b7c763853058,0,1,0.6162737607955933,0.6162737607955933
3874ee8af95029da74a9d821d6ea26ae,0,5,4.33590030670166,4.33590030670166
38a223dada7f3cf7e108d661bb19f6e0,0,1,0.684563398361206,0.684563398361206
38ed9636bac9547da263faf1d068dcf6,0,3,2.5666089057922363,2.5666089057922363
38f32b275b2bf74ee659cd5acdb14a8b,0,5,5.2037129402160645,5.2037129402160645
39026a5b4f7486acd7ab9d02482ff69b,0,0,5.247659206390381,5.247659206390381
3916b0e11e209f1afa4cbcadb3f1b9dc,0,5,4.482216835021973,4.482216835021973
39830eda8211aeed9f46a835a835d398,0,0,0.16676895320415497,0.16676895320415497
39eb89fcccf2ffc38f65fc9874435d40,0,4,3.5216267108917236,3.5216267108917236
3a025fffbcd1734f4472d6cc8fbb7d0c,0,1,0.4531383514404297,0.4531383514404297
3a182bad75cc603d81f6b423849fc6a4,0,5,3.7312183380126953,3.7312183380126953
3a29c247ba9bea6c502265d526f76202,0,1,1.1554107666015625,1.1554107666015625
3a6161c02efaf0c49fe4dc6ffd76c838,0,1,2.7757863998413086,2.7757863998413086
3a624ae0d560c6d61d4143a5f90bd801,0,2,0.3391589820384979,0.3391589820384979
3a6d539ff2b274703bf4c8b50c6d599d,0,0,0.1953263133764267,0.1953263133764267
3a7cab9e25fff3d4eb7626258dedbff8,0,3,0.8695728182792664,0.8695728182792664
3a88831048e734048b59f99f3e2e7133,0,3,0.4081729054450989,0.4081729054450989
3aab40b14fab46f52f53a5f85bf8ea34,0,2,2.8294126987457275,2.8294126987457275
3ae66332c2dd50c6ce458937d49f8232,0,1,2.592240333557129,2.592240333557129
3b270128881636a1af2e73865943fb1f,0,3,3.3309214115142822,3.3309214115142822
3b31f5eba8578eb248aafbabbb5240d4,0,1,0.6576186418533325,0.6576186418533325
3b596f8a7757d68bf9d4cc68015d9a82,0,0,0.19377757608890533,0.19377757608890533
3b8a504e9cb1a71c7d8810dbc83c1f3d,0,1,0.724612295627594,0.724612295627594
3c71188a45f5bd87ff4736de84cad35e,0,3,0.9446669220924377,0.9446669220924377
3c89c48cb5db0af4ff08d1b8568e5687,0,0,0.5553159117698669,0.5553159117698669
3c8b636f1d0af8f8e4d5cfa2479b4069,0,1,0.14331920444965363,0.14331920444965363
3c978c3d50eeb3eb1dc90ec153ea3637,0,0,0.38898512721061707,0.38898512721061707
3cc67455d9062474ce93c37a0be18240,0,0,0.6295009851455688,0.6295009851455688
3ccec5ef9dcb8b71c538f0e893f1d563,0,0,0.32159048318862915,0.32159048318862915
3d4cd7d76ac3fd28bcb64af6e7a4ad9e,0,3,3.2337992191314697,3.2337992191314697
3d4dfa23ca380f4883de30231e679fe0,0,2,1.8316940069198608,1.8316940069198608
3d5b16b57612afc445ab30c74f2b6972,0,0,0.5133564472198486,0.5133564472198486
3da913b3f89eefa02a90c878ebc4c3ae,0,5,4.9189043045043945,4.9189043045043945
3e41f9ccdb229ca569a863db0ba32278,0,0,0.9732665419578552,0.9732665419578552
3e507aaa776e4fb7b43b007a45656067,0,1,0.8909767866134644,0.8909767866134644
3e508c22af058baeb48beebd9b03be01,0,0,0.012110436335206032,0.012110436335206032
3ea2cc78e880904c398deb6d51adc136,0,2,0.953216552734375,0.953216552734375
3eadfdb7feb929568275aab75c0c0710,0,3,4.324556350708008,4.324556350708008
3ec8cdd4bcb971eea9c54d7dd1a49e1c,0,0,0.3668128550052643,0.3668128550052643
3ee16cef000a96c344248a90e5cfccd2,0,2,2.1727848052978516,2.1727848052978516
3eea18b89ad8caf07946476d89a7aa8a,0,1,0.18582116067409515,0.18582116067409515
3f1eb8236e85a6f701f658153f4ecfa6,0,2,3.4697182178497314,3.4697182178497314
3f316d47791713e958f9383d049de6dc,0,1,0.8333244919776917,0.8333244919776917
3f3ea480b6f8748d6e826f1c1d6474e3,0,5,4.268150329589844,4.268150329589844
3f57013cfe0c23cf57b5039a590b306a,0,4,1.8684990406036377,1.8684990406036377
3f73471876577f909fcf6464ca0cd25a,0,1,2.0179615020751953,2.0179615020751953
3f7aa0cadbf025a6bb6d728412e6e100,0,1,1.7095592021942139,1.7095592021942139
3f92431272720b409a74cec554e2573f,0,3,2.9554498195648193,2.9554498195648193
3fd0880e1ae00b12e9b5c4022286e180,0,0,0.4199552536010742,0.4199552536010742
3ff66cdd5153f0dcf3edff969f38dd66,0,0,0.7402424216270447,0.7402424216270447
3ffc717414973b70eeebb9fb3d273c5d,0,2,1.8692786693572998,1.8692786693572998
401c18c4391e1550b5b2718a2493e261,0,1,1.4038143157958984,1.4038143157958984
402e98804850c7e2ba7fc6d4f7e9ba99,0,1,0.4465412199497223,0.4465412199497223
402fa51bb615b1a88200c65ce22c76fe,0,3,4.3638787269592285,4.3638787269592285
4035885f764d0e277b0a7f058711c6ba,0,0,0.25990113615989685,0.25990113615989685
40b77e31c4eb3d38482d0670f27fd17c,0,1,0.5953160524368286,0.5953160524368286
40b8995e152c9965d198d7edb5932121,0,0,0.2516115605831146,0.2516115605831146
40c4b095b9c36b452a0de20e95f04969,0,1,0.29382413625717163,0.29382413625717163
40f620868c9f202a2cf669e4f20ffcf3,0,0,0.42137470841407776,0.42137470841407776
40fe12c95fcb153affac97575937819b,0,0,1.4371886253356934,1.4371886253356934
410d4294d2a7981623f97ff5311dfa27,0,0,0.22477586567401886,0.22477586567401886
4128ca0e15f207127c2a25b9055ea07b,0,0,0.7200409173965454,0.7200409173965454
415003c963bf2f51f949fed42d5d7220,0,3,1.6319711208343506,1.6319711208343506
4153de7e570031e2562b8ea98e963951,0,0,0.4462636411190033,0.4462636411190033
41785d75132693f972b4f95b0f4e5e95,0,0,-0.13976719975471497,-0.13976719975471497
41b01a396f04c9ad63b9382d91f05cb9,0,3,3.5992681980133057,3.5992681980133057
41cb4989ff5f99e7fee7af7e666e8319,0,5,3.7525956630706787,3.7525956630706787
41ec90343ef5c7b2c92e58d1ada4035a,0,3,1.753574252128601,1.753574252128601
4201ba655b6456240e68e7122614e6a5,0,2,3.3752872943878174,3.3752872943878174
420afbed1eae86101d12b1b18a7e02b4,0,2,0.6236027479171753,0.6236027479171753
425d3b83fe4750a2ac67b978263995fe,0,1,5.109279155731201,5.109279155731201
4274afab5a0dfcdb8296d351150a754a,0,3,2.0014026165008545,2.0014026165008545
42a4d1519445a251149be56ff8d9ed12,0,3,1.7894041538238525,1.7894041538238525
42c97dfa8a8d7ab5ee5ddcc6a5c968da,0,4,2.364901304244995,2.364901304244995
42eede78f4743416e600783e0773d1c0,0,0,0.3581620156764984,0.3581620156764984
42f5948e3b2a487ace2c9bf3ca7a5ff4,0,1,0.9388343691825867,0.9388343691825867
430b5a7cdb95a3cfc6ff30bfb4de1ac2,0,1,0.9111512303352356,0.9111512303352356
431054766be0a31b6a652aa5d1caea41,0,4,2.952042579650879,2.952042579650879
43111f9c3a9aca9f3b1daf09f392f3c8,0,3,1.698580026626587,1.698580026626587
432589e7402d6d79d3d37131db002d54,0,2,1.9107513427734375,1.9107513427734375
432757c5b256f8e55d71863b486c89ee,0,1,1.0744338035583496,1.0744338035583496
439d66d2d3cb43a3208fd15917941334,0,1,0.9432099461555481,0.9432099461555481
43b6a97c91c43fd8cd8a66210e2dfce5,0,1,3.5710341930389404,3.5710341930389404
43c2e485e4b5b12e1e5da69bcff065a4,0,1,3.086395502090454,3.086395502090454
446c3b4a2ef50d763c8f2f0546bac208,0,1,0.8337673544883728,0.8337673544883728
4470d180d87a7ef590c3979b0069c96a,0,2,1.816094160079956,1.816094160079956
44d8195408cf47c03270035175e63a05,0,0,0.35657936334609985,0.35657936334609985
44f20df33112cfc1ae49f18ee2efc913,0,3,2.1961557865142822,2.1961557865142822
44fa7e7bcc30222e8313bb28bbbf3b73,0,3,3.0626113414764404,3.0626113414764404
45536830c0c451c9397571656c5f36ce,0,2,1.3749700784683228,1.3749700784683228
45a9246ffe8005b732769f04824dca96,0,2,0.933555543422699,0.933555543422699
45a9d45f2407a6c68d665e2327f82cb0,0,0,0.24879159033298492,0.24879159033298492
45abd719007c004e8b172a18bac7d2d1,0,0,0.29734763503074646,0.29734763503074646
45d223ee70909ce1839b31a988beec22,0,2,1.4942231178283691,1.4942231178283691
46238218f38cd4ab08a945755fb5fc63,0,1,1.119830846786499,1.119830846786499
462d4231224f8acdc85dc9449f803a2d,0,4,3.1547036170959473,3.1547036170959473
4639b28cdc127ee5809e2223d50035ed,0,4,4.026256561279297,4.026256561279297
463b0017e84cfe5ed9e1e78c99a22554,0,0,0.043850429356098175,0.043850429356098175
46ba7e08ffab2db7ec66bc84b2f7efbe,0,3,3.1132733821868896,3.1132733821868896
46fd2b305a7d998540ea08435804e825,0,5,0.4988694489002228,0.4988694489002228
47043e84cc443828de9fbf077a936303,0,0,0.2734048366546631,0.2734048366546631
4726ffb66a6516baff6de98df2b5a26b,0,2,0.9622868895530701,0.9622868895530701
4730b9f5b855da483a7c7a18c06c3366,0,3,0.9012964963912964,0.9012964963912964
473af71fb330ea26e33a3c24eaa14b6f,0,5,4.83347225189209,4.83347225189209
4758f0c0f3fbcc8dee2d2c898b4c40f5,0,4,4.208216190338135,4.208216190338135
476f0dfb144aee7d5422dcc3b2b97a9f,0,1,0.20556320250034332,0.20556320250034332
478261713d5379009e2f1be1ad3deb63,0,4,4.064205646514893,4.064205646514893
479c67e60b431a189c31e65be43f3741,0,5,4.255660057067871,4.255660057067871
47de9353032a12ede4ea28c8217b8a35,0,0,1.3413236141204834,1.3413236141204834
47ebeac86bb4d9eb51f2cb5ce110a823,0,1,0.2082623988389969,0.2082623988389969
47ef18a50c1eaabc451a8083e0f6d4b7,0,4,3.6919875144958496,3.6919875144958496
4840094b5f83d841f77859ed1ce6865f,0,0,0.7994551658630371,0.7994551658630371
48440a60d18ab8e5a6f09de20a50bb27,0,4,2.987967014312744,2.987967014312744
4848dd56a8f4a49a77f8535469b9de1e,0,4,2.8115170001983643,2.8115170001983643
4859aea02180c9b02fbd1be4e538240c,0,2,2.593118190765381,2.593118190765381
48978e6f6ae7bcc2044599737aee9b8d,0,2,1.7856688499450684,1.7856688499450684
48c19698b16ee7d6f04ef2a1f7188176,0,1,0.41279301047325134,0.41279301047325134
48c427f785410f88f8eddb1f1a13fa14,0,1,0.44344446063041687,0.44344446063041687
490a74ec501de5be85b6e2b6d32d8514,0,4,3.0258047580718994,3.0258047580718994
49133c1015b7f1695b6225f4b0f1985c,0,5,4.30871057510376,4.30871057510376
492bf65046ad2ac9f710930418b15a75,0,0,0.5419147610664368,0.5419147610664368
495141a4b5d6dc8067a636025981f25e,0,5,4.732391357421875,4.732391357421875
4968e5f9e8c2d58318e33902e4617575,0,0,-0.0003482941538095474,-0.0003482941538095474
49ad3b1fca450036f56b4844f178b837,0,3,3.4819719791412354,3.4819719791412354
49b5f3ca83f207b2848770101cacb82f,0,5,3.810431718826294,3.810431718826294
4a9fb957b8c5af5a98c8e8fbb70d2e74,0,1,1.8548787832260132,1.8548787832260132
4aa8963308d58ec77d216b3f4c60a9de,0,1,0.7785352468490601,0.7785352468490601
4ab63251f53c02b01c453a8408c169b1,0,1,1.0923367738723755,1.0923367738723755
4ada62a4e80e0cc01ceac327b2f5c57f,0,0,0.24100427329540253,0.24100427329540253
4aeefb17109509ee7eac25844586dbf5,0,4,1.2333358526229858,1.2333358526229858
4b1312d9b5424760305a6430a174d8c0,0,0,0.24659974873065948,0.24659974873065948
4b223c776c0ddb0699d74f3334c1e5e6,0,4,1.518273115158081,1.518273115158081
4b22c4bbfb4c64cb76db6f0319dacc8f,0,1,1.4323859214782715,1.4323859214782715
4b2af68b112c6842e2fce65b9f69473a,0,2,1.556452989578247,1.556452989578247
4b38723b387a432075f7cb3544172900,0,0,0.5049216151237488,0.5049216151237488
4ba2c9a9103bbbaa575dfb3b888dc195,0,0,0.29525426030158997,0.29525426030158997
4ba91dfdc9e3dadbf2a947592ec3ac0c,0,5,4.681127071380615,4.681127071380615
4baed07e2381293cb782253baea6056b,0,1,1.404261827468872,1.404261827468872
4bb86006d6608773f3e1de6f204a8ee4,0,0,0.6442243456840515,0.6442243456840515
4bc5aa61ba3fdc8c4257a621fda84e6b,0,5,4.215432643890381,4.215432643890381
4be06d7d1bc7ea4676a57de44d76f76c,0,2,1.4542639255523682,1.4542639255523682
4be68ecd2fdbbf7a19ccb574950badd7,0,3,3.3310749530792236,3.3310749530792236
4c268d06891916dbc528a6de7d953819,0,1,1.5037143230438232,1.5037143230438232
4c7ab20052bb5e2a11e998f4b8936898,0,4,4.0854973793029785,4.0854973793029785
4c86814c036b5c7f89f7872567b59be2,0,0,0.24356213212013245,0.24356213212013245
4c9cb3b8e0f18845b3911cdc31d6fa94,0,4,3.6334359645843506,3.6334359645843506
4ca21d08bb5a350a586fca9867943535,0,0,0.13021768629550934,0.13021768629550934
4caa862898249617f3100a0b9cf3d5a7,0,1,1.204622507095337,1.204622507095337
4cb3100510a02886dd307a686bf4e4ea,0,1,1.6999047994613647,1.6999047994613647
4cb433e030dfd0340d2bdced51425a4f,0,0,0.2201790064573288,0.2201790064573288
4cf55b23a96f8015915487ff129d585c,0,5,3.812950849533081,3.812950849533081
4d05d7ab251d8f7aced4193b9f2a66ea,0,1,1.4912035465240479,1.4912035465240479
4d24fcac403f5bea73a53bc6289d9044,0,2,1.6681036949157715,1.6681036949157715
4d30d4e5e4ad03b56b9125263caff7ee,0,5,4.070398330688477,4.070398330688477
4d4ba449d51b491a383e9c80c442cae4,0,5,1.017185926437378,1.017185926437378
4d729d269ecb5ccfde006fc7ad498280,0,5,4.235616207122803,4.235616207122803
4d87ea697b26548b98d3591c5ebd5a4b,0,2,1.4119871854782104,1.4119871854782104
4d9c3e20ad441267152a9d36f61238ac,0,0,0.32232633233070374,0.32232633233070374
4db9a5906b55661f277770dee7a4e3c8,0,3,4.198825836181641,4.198825836181641
4df489a9cfb4d30f8613a9dcdcdb6697,0,2,1.7427215576171875,1.7427215576171875
4e1702de80175bad5ba65290d3898d43,0,1,0.36680957674980164,0.36680957674980164
4e5805c117559a84553665683578f1be,0,3,2.1584088802337646,2.1584088802337646
4eb223e44d06eb8d9019a78c2e60969b,0,5,3.4381747245788574,3.4381747245788574
4ebbb0e1da2ee61497432d8410567368,0,4,4.277982711791992,4.277982711791992
4edeef3fc8d40f2f34d4a82cb13dc28d,0,0,0.22701552510261536,0.22701552510261536
4ef6decdc9422567eb07d8048f0febb6,0,2,4.151997089385986,4.151997089385986
4f066c3230d1e0d5f38a1837ea1a86e6,0,3,3.668177843093872,3.668177843093872
4f2dd6a27901e34c92e14dc4e853b7e9,0,0,0.08489728718996048,0.08489728718996048
4f3009804e0c17dc7431a57a0d2e544e,0,1,2.0087971687316895,2.0087971687316895
4f504a9f8f34f1c73dd28eff81be423d,0,0,1.0954514741897583,1.0954514741897583
4f7748b6eb69e97cb9c7d4c00cf3a1d3,0,0,0.26645970344543457,0.26645970344543457
4f7b524ea37437c9dc146096f3494928,0,0,1.0264310836791992,1.0264310836791992
4f8c97e95011e0949b32fb9f3118177a,0,0,1.1395705938339233,1.1395705938339233
4fb0466bef8ba34cfb92cafa959f029d,0,5,3.524096965789795,3.524096965789795
4fc9b7a068848becc2f8cbf978bb393c,0,0,0.26809102296829224,0.26809102296829224
4fdb930e10a03f26ab85cabf770b5ec6,0,4,2.794010639190674,2.794010639190674
4ff695dbae442434b502b0605fd14675,0,1,1.2075769901275635,1.2075769901275635
5005f9cc40ba417daf4ceefa86fab751,0,1,3.1616642475128174,3.1616642475128174
500d4f7a12600df45965673dd4642d4f,0,1,2.866985559463501,2.866985559463501
501e4c383b777dd289d4e4f49a6bcf0a,0,0,0.8573399186134338,0.8573399186134338
50416fa0e1642f024c10c25c90ec5bff,0,4,1.1608742475509644,1.1608742475509644
504412fae0060c9e33565ee870c5f9b3,0,1,1.3522652387619019,1.3522652387619019
507bb5873324858d94e7ea6bd043fa66,0,2,1.1410300731658936,1.1410300731658936
50c1a18ccd556a1cc34f3b21e34fe03d,0,1,0.3778146803379059,0.3778146803379059
50d2485d0802f6b27cff432ed6f8be70,0,5,2.745286703109741,2.745286703109741
50ec3c5cb23d1b97d2b2566608d47c36,0,4,4.321488380432129,4.321488380432129
50f2942a4d731666067eab3d0bf0011a,0,4,1.680720329284668,1.680720329284668
50f74e7e621541065c3b5955d41782f2,0,0,-0.15643775463104248,-0.15643775463104248
5102e1dcf0e7e165bc15966bc8062a12,0,1,2.5036630630493164,2.5036630630493164
510375129659a7bf90d2b85b42ce1efd,0,2,2.0516462326049805,2.0516462326049805
5112ffdb6b267c33eb57cb47580d7bb5,0,1,1.1622049808502197,1.1622049808502197
511a33b7aeb1153407ed2d55cae001c8,0,1,0.6510129570960999,0.6510129570960999
513df48401c90bccafdf9546dc25909c,0,0,1.5838899612426758,1.5838899612426758
51575a95f3abba1c044c63402ed9d219,0,4,2.2085464000701904,2.2085464000701904
517132eda4a696009a058752af6e0c5b,0,1,1.0467225313186646,1.0467225313186646
51acf15cbc6a76eb67f442f1d9dfa7a0,0,3,3.462114095687866,3.462114095687866
51bafd5da96470feb83f9a928c4bf540,0,1,1.3073456287384033,1.3073456287384033
51cae066e83f4428d6d3c60d7543a105,0,1,1.4907400608062744,1.4907400608062744
51d0d7b3a0f1769117ed6e3d64445f33,0,1,1.7535085678100586,1.7535085678100586
51e36cff1aec1dee198a6119c9b9a5ba,0,2,1.4888384342193604,1.4888384342193604
520d1cc8cb7136e54472a33e202b3d1f,0,5,3.6567087173461914,3.6567087173461914
522ba29396cc5b28294738ff91bbce1d,0,1,1.5477991104125977,1.5477991104125977
529ba9e8521115b9d2a606a2dd5ef7e9,0,4,1.748616099357605,1.748616099357605
52ac318ac783a2d2daef8aeb5f5f9a7d,0,1,1.4093624353408813,1.4093624353408813
52b260338eeedbc3f85c42d33153eb45,0,1,1.6217889785766602,1.6217889785766602
52e91bbb11b859111ab98684c53451a8,0,1,1.2283134460449219,1.2283134460449219
52ebb96589e05091e3ec2376f1e90e2b,0,1,0.29563286900520325,0.29563286900520325
52f220bec1a2db42fee7a708e957d725,0,1,1.4091569185256958,1.4091569185256958
530f322b76df13d90d37b08b7c592e39,0,1,0.3271813690662384,0.3271813690662384
5347a36e1d6860792dfa5c88c32853a6,0,1,1.2635140419006348,1.2635140419006348
53dfff0cecd06c15f600d334e7324b78,0,3,2.8960444927215576,2.8960444927215576
53f9f8b1c02567febb3209a7671117c1,0,2,0.5643903613090515,0.5643903613090515
53fbe04e3897ceaf1f6fdfc55cd6be24,0,1,0.7176980376243591,0.7176980376243591
5401cdaad5df404dd6eecec32235f58a,0,1,0.47052666544914246,0.47052666544914246
541ca59ea8cf6d83fd1f84351934663a,0,1,0.29624345898628235,0.29624345898628235
545c6237342e0a0d2a6af3d06296ac44,0,0,-0.11413975059986115,-0.11413975059986115
548590e1e989bb302539aa8ef1e9809c,0,4,3.399397850036621,3.399397850036621
54883537f4a3ea484ad6465453852466,0,1,1.3953616619110107,1.3953616619110107
549d801ed6595fccfe5a7087c35df1f1,0,0,0.1341390311717987,0.1341390311717987
549f87924e4800a7112f6edd5c250ebe,0,0,0.039055004715919495,0.039055004715919495
54e704b4854f66b42a6accec834e530c,0,3,2.6492717266082764,2.6492717266082764
54f5546d5e8afe397e0180510148fb85,0,1,0.5237743258476257,0.5237743258476257
5534719b308ca4fb9f6662a81eb3e002,0,0,0.05279660224914551,0.05279660224914551
5546f7cadb86a731b7a1591070316dc0,0,0,0.3954479396343231,0.3954479396343231
554970412cd2907b5a93ee5ec013965e,0,2,2.5370171070098877,2.5370171070098877
5560bd3b03194cf9cdb514f7254b17b5,0,2,4.542552471160889,4.542552471160889
5563ecd2b196ed9f44541bb2ce32505a,0,5,4.004726886749268,4.004726886749268
5568eb519a51d50f5b2ac52321a6efdd,0,2,2.2952730655670166,2.2952730655670166
55be95a3ff46370abfe9883b2293e630,0,0,0.5632604956626892,0.5632604956626892
55ecc799551e0cd9b81aa545fa091ad2,0,0,0.025285175070166588,0.025285175070166588
5610328a948bda29dfd0e939d28e9f9c,0,0,0.9273310303688049,0.9273310303688049
5618b00aeacbdf535a22fa008a8f2ad7,0,0,0.6355242729187012,0.6355242729187012
562f3b08fc6d89e07d5ca8321e2b17a5,0,2,1.20721435546875,1.20721435546875
562fcf2bfefeabc1ab87b205fbb7e2cb,0,2,1.5274145603179932,1.5274145603179932
56cbb29cfb7448a5250255d7c729102b,0,3,0.7562995553016663,0.7562995553016663
56cc8c2d96c1c1589e7d6e564f14c174,0,0,0.34059199690818787,0.34059199690818787
57486ed4621c7d8e0938d629895c7666,0,1,1.0724555253982544,1.0724555253982544
574e38e823dca53296ee4676b3de106c,0,0,0.6863410472869873,0.6863410472869873
577e010bab3273901812fba55ea8706c,0,0,0.36480337381362915,0.36480337381362915
5793129d5309364fe1d706764c78cf3e,0,0,0.2813595235347748,0.2813595235347748
57af8fa4543f49ebd8daf1fde15b9c8c,0,5,4.987063884735107,4.987063884735107
57cccd066af8374b532f812c280571c1,0,1,0.8121820092201233,0.8121820092201233
57fca8dcbc2f311382970f20842a923c,0,1,3.0908076763153076,3.0908076763153076
57fedc6c794b7ef4e0011fb9882ccaf9,0,3,3.2989230155944824,3.2989230155944824
58068fcdb3562d6c87a5984660f7c81b,0,4,2.056550979614258,2.056550979614258
5816a0df3d7ee85e541bc091cd279e9b,0,5,4.775119304656982,4.775119304656982
5842e1854d2e47373e8ede504d525071,0,3,2.9366209506988525,2.9366209506988525
5846acd1f690271cfb0264154dcccdd9,0,0,0.911085307598114,0.911085307598114
589fb4c43782864aa69fb1b7d08abe1c,0,3,1.8832404613494873,1.8832404613494873
58b7c3ce1d0d5a2c1d9f321695d60577,0,5,2.9807307720184326,2.9807307720184326
58d694da01f1b0a9c828857ada4ce80c,0,0,0.3105821907520294,0.3105821907520294
58d791d4597f6ad6c0f041d9e474f195,0,1,1.4059888124465942,1.4059888124465942
58e94ef72ca17c465d4702f55e6c0751,0,5,3.7518839836120605,3.7518839836120605
58f43b3f94c07e3a15fb8bf8658bcdf7,0,1,0.19575519859790802,0.19575519859790802
59015fdc81a6151f09a59e807f6ed5c9,0,0,0.7637223601341248,0.7637223601341248
5905e3c1f548ba9dfa8b314d95deafda,0,0,0.48363304138183594,0.48363304138183594
591da133fabcfdfa629d09729d356cda,0,1,1.6070411205291748,1.6070411205291748
59273487fefd0612a56959315cc476a1,0,2,2.6563353538513184,2.6563353538513184
5928bdfc6686f27736c3248c3e4db6e6,0,3,4.982563495635986,4.982563495635986
5930e03671314482e9aedb6050d1776d,0,1,0.6298636198043823,0.6298636198043823
594e8397dee44b86e26ba2afc5aa6cb1,0,1,1.4666941165924072,1.4666941165924072
5974c6321830dfa922dfe5f6d919fc21,0,1,0.41723886132240295,0.41723886132240295
599648926096c44487968b630f9b4fb9,0,1,1.810537576675415,1.810537576675415
59a0932027596ac986f52a74d30217bd,0,3,2.007847309112549,2.007847309112549
59afbd8eceb90a30ccfb99eb039fa5eb,0,3,1.4644434452056885,1.4644434452056885
59bc7df93b3b01dc3a1f3935555c3009,0,2,1.8030688762664795,1.8030688762664795
5a06d394902b921255cce2ed1bfd2f57,0,3,0.7230899333953857,0.7230899333953857
5a2deec84849fdc2216bab61452451b7,0,0,0.28817513585090637,0.28817513585090637
5a559062e13cda0bf20a0cb475a11daf,0,0,0.07882660627365112,0.07882660627365112
5a599e2b3cb03e9525de22d1c27f4ed5,0,1,0.48611393570899963,0.48611393570899963
5a6187e95ca3bdba7d35de992f98a1a8,0,0,0.6665295958518982,0.6665295958518982
5a6b69b21fd586cb4d71597a614c07e5,0,0,0.47455570101737976,0.47455570101737976
5a807e403c27e184ab85c9f1b339a38b,0,0,1.6908702850341797,1.6908702850341797
5a82ab21ce6d0d7413e3a6180f1ecde4,0,0,0.2066093236207962,0.2066093236207962
5a94f8031f8dfc6f222e1f4c2df0fade,0,1,1.7946186065673828,1.7946186065673828
5aa4b7f84cae372f9ee6d63e32c964db,0,4,4.732733249664307,4.732733249664307
5aa7cc54ea328d8b61385a4cd2ff2352,0,3,3.098828077316284,3.098828077316284
5abf7737cdd199a1b7ca5af6d653696f,0,2,1.4435927867889404,1.4435927867889404
5ad2c7349c24ed5c4901522bec9d3077,0,0,0.31536728143692017,0.31536728143692017
5ae2d48a5907763cfad33ce3a1d911f4,0,1,1.806194543838501,1.806194543838501
5b068fcb3a6af7142be9e39d24d1a8bf,0,4,3.221632719039917,3.221632719039917
5b4e570fb99964bf3c44ab052c3d19e1,0,2,1.151536464691162,1.151536464691162
5bccc3ae5587647b3f6b3a1f807bd9ed,0,0,0.48291417956352234,0.48291417956352234
5bd19956ab63289395ba2b259a9aa8d1,0,4,2.8090133666992188,2.8090133666992188
5beed3b27daf64fe7fbc4d065883826e,0,2,1.3014570474624634,1.3014570474624634
5c018c5568dd68ee12ba2e22faf69811,0,0,0.38041362166404724,0.38041362166404724
5c49f67702374025434387903daffdb7,0,0,0.11994291841983795,0.11994291841983795
5c4baef054d63b3b93c99a885fc94fac,0,0,2.176900863647461,2.176900863647461
5c6a9d25b7c602062f4095c2518aa46a,0,3,3.1333982944488525,3.1333982944488525
5cb6c271e5c7b766f1a25abadd8880e3,0,2,2.3374040126800537,2.3374040126800537
5cd64763e1df1acf97df32f5e310bcd6,0,3,1.6186425685882568,1.6186425685882568
5d19888551175c95a3b3cdd5da9dcd6a,0,1,2.2627806663513184,2.2627806663513184
5d33e6224a522400d7a4bb76e47fcfbf,0,2,1.9447089433670044,1.9447089433670044
5d48c52e804a1b1d565ad60a71e38df0,0,0,0.3216204345226288,0.3216204345226288
5d7632f1794e2cebb36e21c51c9f4402,0,2,0.4399038255214691,0.4399038255214691
5e063bb2352ec2d6dfefa038d9bcb70d,0,1,2.366672992706299,2.366672992706299
5e334341a65fa0b9148fd9eddabbe5b0,0,0,-0.03243382275104523,-0.03243382275104523
5e4c64013fa5bc2c652e0bc5479be8c4,0,0,0.6614308953285217,0.6614308953285217
5e61b98028b2e0014f5686a04c6cb48c,0,5,2.106472969055176,2.106472969055176
5e95f26615d4021740de50892e57e565,0,3,2.617633819580078,2.617633819580078
5ea3b6705b0f21ed9cbe1899677a2ae9,0,1,0.8433555364608765,0.8433555364608765
5ebc2544193fed9aa6e846641a8d8f1e,0,0,2.501204252243042,2.501204252243042
5ed3bb060e0e6d7fe6472f1982e530e9,0,3,2.9992830753326416,2.9992830753326416
5eeb5f06877a051a7a7f99ff151919c3,0,1,2.477165460586548,2.477165460586548
5ef00d3ae104d72001ef09e9f16deec0,0,0,0.15410809218883514,0.15410809218883514
5ef0bfdc969fb9d7bbadab5f9c10a3da,0,2,1.8246310949325562,1.8246310949325562
5f0f7d362bd640eaef0be4076229a7ef,0,5,2.4236838817596436,2.4236838817596436
5f1ccf6d3f6fc9977f54755c8d96784a,0,4,3.2129621505737305,3.2129621505737305
5f204e4117e261c6bfb06626e5bb2410,0,1,2.3115813732147217,2.3115813732147217
5f26395749b5f5c85bafdc8bbdfcda3b,0,4,0.7732740640640259,0.7732740640640259
5f45418a3b57cbecf56652b63ce8939f,0,0,1.1506292819976807,1.1506292819976807
5f488a50b6910c735e114c7482c393bc,0,1,1.7114359140396118,1.7114359140396118
5f6b700d24076d52b81361befbc88af1,0,2,2.89816951751709,2.89816951751709
5f7f609c150bb74255eef591bba15ab1,0,3,3.367543935775757,3.367543935775757
5fefc2506c90deddd4bd9854b52895c9,0,4,4.2053985595703125,4.2053985595703125
5ffcf2372542336fe4ee3585bd07b6f2,0,3,1.402278184890747,1.402278184890747
6001e27f6577164029e34413c8c019ce,0,0,0.49978262186050415,0.49978262186050415
601216d398fcb7c5f0e05f69ac5734e4,0,0,0.0642218366265297,0.0642218366265297
6022674dabca016474586aa350e7a67e,0,4,3.871535062789917,3.871535062789917
603d87fc24c27eb0abf8d363b2fba941,0,0,0.5123374462127686,0.5123374462127686
6070e2185deaf498cd54f08383f0591c,0,2,2.6448254585266113,2.6448254585266113
6071aa8ba6c71f822201674f662a2058,0,3,1.8027808666229248,1.8027808666229248
60a56a0ab535c04b4f4f39955fc9d268,0,1,1.7113327980041504,1.7113327980041504
60a98f3fee72df06894ae985cd171b06,0,1,1.5517839193344116,1.5517839193344116
60b1e0a6eb4de198026b8119e7543a8b,0,2,1.5839269161224365,1.5839269161224365
60c90d72afb6a820a0a539bc97a144fb,0,1,0.8966489434242249,0.8966489434242249
60d9a3ab35617fe5ff59e006d176657e,0,3,2.7594475746154785,2.7594475746154785
611dad205c637ac04eb23386dc32601c,0,0,0.3236146569252014,0.3236146569252014
612aa3391b33578ba22ef3d3f3ef9d90,0,4,3.6834685802459717,3.6834685802459717
61345c737bad7df617c23577e7bb2349,0,2,2.9979376792907715,2.9979376792907715
613e995dfa9d43f4666e43ec46a9cafe,0,2,0.9709662199020386,0.9709662199020386
6192cb59689c4dfe0800df8b4a86412f,0,4,3.781071186065674,3.781071186065674
61af9a116d196c47cc049a122eb7b7f3,0,4,4.422952651977539,4.422952651977539
61b70ccd7da821f89bae917b204242a5,0,4,2.9233272075653076,2.9233272075653076
61d85127f0fb841fe6241e6b4d3f89c7,0,1,1.0400426387786865,1.0400426387786865
61ebefee1266d2cfcc7c0d23cc66062a,0,0,0.28004664182662964,0.28004664182662964
61f2699cd3c0c4f31e35c3d1f44f9b9c,0,1,1.5785815715789795,1.5785815715789795
61f60c51646f693dea9c21722c075201,0,0,0.2081768959760666,0.2081768959760666
62051bf14d0220a68c0c82644eae6264,0,0,0.414798378944397,0.414798378944397
621f180f39962cf8dc87f62cf681200b,0,1,1.1141064167022705,1.1141064167022705
62202e376a671af629cc7c309561ff56,0,1,3.3241825103759766,3.3241825103759766
622e036c40d720a7bf557668980ea1ce,0,0,0.4786367118358612,0.4786367118358612
6272bd8c72545aa42d1abb9045bd7a97,0,0,0.5364850163459778,0.5364850163459778
627aeb9327a85228458ad20ecd8d77c3,0,5,1.490358591079712,1.490358591079712
62b7b103e94ad6c24140203cd105d387,0,0,0.27849066257476807,0.27849066257476807
62dc9e6f426847d6d58e12c30e35a35a,0,3,3.886894464492798,3.886894464492798
6303244b26eef8e081298bfeac827403,0,1,0.5870369076728821,0.5870369076728821
630ead3f5eee9ca3d292d65a785d480b,0,0,0.3163280785083771,0.3163280785083771
63226114e772943ce7f8017d9f5d4b90,0,2,2.3155479431152344,2.3155479431152344
633389c0591bdabc6cfd4b0d4fc245e4,0,1,1.4701693058013916,1.4701693058013916
6338d2b38bc1568196ff0a7cd3945819,0,0,0.3587978482246399,0.3587978482246399
63405137826f43487be86096f7191a76,0,0,0.04671887308359146,0.04671887308359146
636430b4495809e379c2623c22f95d59,0,0,0.38874801993370056,0.38874801993370056
636a1fa2cd4d66297c4f63eda2ba16d1,0,2,0.25988662242889404,0.25988662242889404
6372e988e276e2b77a2ce257ed1b21aa,0,5,4.384652137756348,4.384652137756348
6392947d42a28861f68363b1f2e536e5,0,0,0.6984391808509827,0.6984391808509827
63af8bc50ca5f1f8b8aca0a46a7fc428,0,5,4.304006099700928,4.304006099700928
640fe9b2e7bf30c2bd5e5d9c9a4ed258,0,2,2.131976842880249,2.131976842880249
6437f1be7543631458919813cc6ba8cf,0,1,3.4886233806610107,3.4886233806610107
6447c06bb4e5d34646a8e0c97c10b588,0,0,1.1771621704101562,1.1771621704101562
644fd820f63428eddc8e4f180e99c345,0,0,1.5073082447052002,1.5073082447052002
647d3abfe758692da202e00ba263b41d,0,5,3.3454525470733643,3.3454525470733643
6499001d40ddb478089f9636ca5a6033,0,2,2.653737783432007,2.653737783432007
64a33315a1c5d2f6aa9f04a9c2ff4650,0,2,2.962226629257202,2.962226629257202
64b85f161787d11d1c292f8a04aa9bde,0,0,0.5822234749794006,0.5822234749794006
64f10c850ec77932295654d030ef330a,0,1,0.5882584452629089,0.5882584452629089
64fb4585a1a2f2ec2cdfe6e0e831dddf,0,0,0.02317524142563343,0.02317524142563343
65002e22794ec60c9b98df5a6a75b609,0,5,2.5830459594726562,2.5830459594726562
651c31ff55b8cee36320d24e2e8697e3,0,0,0.2924126386642456,0.2924126386642456
659d40f953cf502899d937809b870d23,0,4,1.8598108291625977,1.8598108291625977
65b59d73dd788168afab76694d39529c,0,4,1.063611388206482,1.063611388206482
65bed78cb62fb1647b84775d6e98c553,0,3,2.180605173110962,2.180605173110962
65cdcb805fec2c1a88caa6bed1cae86b,0,1,0.9811726212501526,0.9811726212501526
65facde89bdf8b5b52c51fa5668a94cc,0,1,0.4153198301792145,0.4153198301792145
66197db203b87630238f7199434cccba,0,5,4.254818439483643,4.254818439483643
664e570c2dc978f6711795f6a8c9bc6c,0,4,2.2652010917663574,2.2652010917663574
6658938e029f1bdba9c0ef30a7ecd484,0,0,0.32254496216773987,0.32254496216773987
665fcad8a2159796d111633809f6d0b3,0,5,5.2237467765808105,5.2237467765808105
665fd2746696d225966ae4f714203914,0,4,2.268066644668579,2.268066644668579
6680a6ff460fc841b3898bc55926a3dd,0,5,3.965392827987671,3.965392827987671
6685582686a1bb08c0d57f5dbc1f53fd,0,0,1.9095922708511353,1.9095922708511353
66a8bfc1d23aace57c50b9aa6bcb60ca,0,5,4.575973033905029,4.575973033905029
66ac9acd0174425c2ad47448fc55ca45,0,2,2.385348081588745,2.385348081588745
66bf5fa7e14d885f38e3dc61a64f41ab,0,4,1.2402955293655396,1.2402955293655396
66c2c9894033a7e09a33548f4e51c2be,0,2,0.16034378111362457,0.16034378111362457
66f5cc9041b6485114cf9555c31e908d,0,0,0.2171875387430191,0.2171875387430191
67470bde06cb2a3fe8460fdfc41891ff,0,1,2.0714609622955322,2.0714609622955322
6748bc59dcdccfef45a9f45c1dac18a1,0,1,0.7573297023773193,0.7573297023773193
6751cb7d31cd06d4f9ac9ff32a8e60b1,0,1,1.4833149909973145,1.4833149909973145
67b316fcbdac6392f500c587f2cb2b16,0,0,0.976753294467926,0.976753294467926
67c66e9eca1fcfb74aa64b5b8b9f1615,0,4,1.7286518812179565,1.7286518812179565
67e16e12cd58ddb642e5e2412b5807dc,0,2,1.785361647605896,1.785361647605896
67e80d7930675251b17a42baf5920293,0,3,3.7312541007995605,3.7312541007995605
67edf831a7b0e716ed35b4d637dd66a1,0,2,1.7595621347427368,1.7595621347427368
6811459c1bf02a325e7b475a97abbdb5,0,4,3.5762641429901123,3.5762641429901123
681468136874819bea62f9e2e3aae357,0,0,0.9759754538536072,0.9759754538536072
683847ef5ab5ddac7fa74ba56acd06ef,0,1,1.2523349523544312,1.2523349523544312
6852a90de22d33d9a04d831ba37395a3,0,0,2.676926612854004,2.676926612854004
685903725349cde80b2be656ab872194,0,5,4.51489782333374,4.51489782333374
685ab779723fe6dca2f06e66b520d7bb,0,4,1.1598737239837646,1.1598737239837646
68825cc3e6cac82167c6c7ccee576b2b,0,2,1.740524172782898,1.740524172782898
68e6f2bbdbb308624ed004484a1da2b8,0,0,0.9253639578819275,0.9253639578819275
68ed043642fc8749303ec2a03e143ec7,0,4,2.156398296356201,2.156398296356201
6905286a3f8f3d33dfa27a738f2b7f67,0,0,1.63288414478302,1.63288414478302
69093012b7c700d47368bc993df2f2eb,0,1,0.1962573528289795,0.1962573528289795
691ff411542b91ee34c47726a5665c47,0,1,1.5074124336242676,1.5074124336242676
692bd821a86c9a9f34a421b21debfcf2,0,2,2.2522871494293213,2.2522871494293213
6979ba75d53caea50d85c1df133f5009,0,5,3.5623440742492676,3.5623440742492676
697d92515038d4f651881ae13fb49d95,0,0,0.4127623736858368,0.4127623736858368
69a68245b813fb5a105dff02d32c6143,0,1,0.2899753153324127,0.2899753153324127
69aa17f4856a40568185449b4d2db5c3,0,0,0.5318101644515991,0.5318101644515991
69cbb87f131ddaa6b2ea5e9b6694c01d,0,5,3.66255784034729,3.66255784034729
69ed9b36a92904dcee7b78c338e5f4f4,0,1,0.7119981050491333,0.7119981050491333
69f0dfb6f42c910861aa0bbb23a12639,0,3,3.4419631958007812,3.4419631958007812
69f32b20f51e4166809a29e594764865,0,0,0.03538007289171219,0.03538007289171219
6a145f3d5ff13433f0ac7a92a7cf0bee,0,0,0.1737128347158432,0.1737128347158432
6a363e70baf98838b0093f9ae93052fd,0,4,2.7275683879852295,2.7275683879852295
6a4705f723c23536d58a72341e0eac1f,0,1,1.1965196132659912,1.1965196132659912
6a723ff5302670dfa4fc477095791a59,0,5,3.518948793411255,3.518948793411255
6a8d4ffb2841130c1817f5650b52d4cd,0,3,3.205629825592041,3.205629825592041
6ac9e66e78a3eb76259395c7b3ed8dac,0,5,4.363610744476318,4.363610744476318
6ad78c89d6b8feadad6d3ad85c743e32,0,4,4.037889003753662,4.037889003753662
6aef69fc1907d69b998ac90f07528fcc,0,1,1.4224966764450073,1.4224966764450073
6af8999282337b9d7255ad5b12fe3909,0,1,2.7244386672973633,2.7244386672973633
6b083db10343b3e91558b13bf2faf62f,0,1,1.1176038980484009,1.1176038980484009
6b551001da9ab34a28cf56529df5fad9,0,3,3.523131847381592,3.523131847381592
6b64f58e84416337cb14d50fca10c2ea,0,0,0.3749558925628662,0.3749558925628662
6b8b24a489695a356845b7fa1485b599,0,3,3.0266377925872803,3.0266377925872803
6b9ff194b8290ba500f3f8bbdeda253c,0,1,1.1201814413070679,1.1201814413070679
6bb4cd81976d643a0fdb67c50636d01c,0,5,4.863008975982666,4.863008975982666
6bb5a1ea7cae19a7a11fa7cbd55a7410,0,4,3.712705135345459,3.712705135345459
6be53a9c6190b5a9240fac9b5b5eef58,0,2,2.815599203109741,2.815599203109741
6c20932e84b65fdc93dcfa63d9fdf1d5,0,1,0.9796658158302307,0.9796658158302307
6c31153c5dffb6276f8adee046a09166,0,5,4.941301345825195,4.941301345825195
6cbc6f7259cb45a4086cd584aec53857,0,1,4.409681797027588,4.409681797027588
6ccced7f24b2fa0a84639d192f3a9679,0,0,0.6470319628715515,0.6470319628715515
6ce32756e33b10bd4569aa15b5db3355,0,3,3.925142526626587,3.925142526626587
6cfc94f37392dc3c9ef5d7c00e706828,0,2,1.1113111972808838,1.1113111972808838
6cff031b8d7dd8c2cf34364ad1ee6c1a,0,2,1.2205612659454346,1.2205612659454346
6d0a1caf87967cd36a6a2a850f8b6c52,0,3,2.5562407970428467,2.5562407970428467
6d177be639f1b8388faaa200eb81aa26,0,2,0.1283709555864334,0.1283709555864334
6d451a9fd1764df154ba4c19c16ad79f,0,2,1.318031668663025,1.318031668663025
6d86f19eb226c49cad23b4b0d5ba9ef9,0,5,2.9221677780151367,2.9221677780151367
6d9a037aa211ac62d0701d625de70904,0,1,1.2612000703811646,1.2612000703811646
6dbc3f061f2ba35a4d6d370901023de4,0,1,1.0950496196746826,1.0950496196746826
6dcb18dd02dacd979a9610cc18c0d213,0,1,0.26494309306144714,0.26494309306144714
6dcece3682e1f8d8772be8dd3649b1ab,0,3,2.7851741313934326,2.7851741313934326
6deb79f9bae408e2b5bec3b5bb5414dd,0,5,3.758664846420288,3.758664846420288
6e1fa7c1156d3e0dda56638b893d86b6,0,5,0.9102137684822083,0.9102137684822083
6e320ef7485ec6c55962007956985821,0,0,0.5221315622329712,0.5221315622329712
6e3e91f569a2ca2730a9a23811f12ac4,0,1,1.265962839126587,1.265962839126587
6e4491b337dde383cdf2a75685dee968,0,0,0.3063634932041168,0.3063634932041168
6e4a5f12ebdbcd25db876280c85915a4,0,0,0.10396727174520493,0.10396727174520493
6e4dcecad6279bd08a31ec5d920a4984,0,1,1.1016868352890015,1.1016868352890015
6e6c2361d595ec7d96bccb42051c0f4a,0,3,3.953768014907837,3.953768014907837
6e70fa6670bda66963853ad613e8fcc5,0,1,3.0928702354431152,3.0928702354431152
6e84abc520fb2ab84a3aabe84291f0f4,0,0,0.23777706921100616,0.23777706921100616
6e84edfad5dc1ebd5bf547931febf704,0,3,3.5389907360076904,3.5389907360076904
6e9b1dced21f3757410975de012f3a15,0,0,0.3419780135154724,0.3419780135154724
6ee803a651ec9f2bb7c7504dff596207,0,1,0.5193187594413757,0.5193187594413757
6eff2e378f54056138537e0bb1249ac6,0,3,4.0158796310424805,4.0158796310424805
6effabbce9e1637d70e503677d42c09d,0,0,0.554608941078186,0.554608941078186
6f164921ffbb37995b6a95a0e94ea892,0,2,0.695493757724762,0.695493757724762
6f86752732ac1a1edc4eb785a9251516,0,0,3.8116862773895264,3.8116862773895264
6fa92edb736bd9191d197ab8eab2e535,0,0,0.531294584274292,0.531294584274292
6face919f28ca99a0acf083cd58181e3,0,1,1.2425856590270996,1.2425856590270996
700a11960e7458ed75689c47eeebe141,0,4,0.4881013333797455,0.4881013333797455
702a3a5fd638c2f5ca38ed562122b407,0,0,0.08139471709728241,0.08139471709728241
70b7cff0f9d491805f74132bb41bb8f3,0,0,0.2973838746547699,0.2973838746547699
70d2cd1db18265d9f01addecdfe13d7f,0,1,1.2761789560317993,1.2761789560317993
71229858f8c8f974e6307b1268e18e35,0,5,3.1716558933258057,3.1716558933258057
71284c0b091060bd4d353a9e94c8a491,0,5,3.880554437637329,3.880554437637329
713f7390942cd359d21b5340f1508427,0,4,4.5077595710754395,4.5077595710754395
714a9564b61a4daee6c8a39a61e04500,0,1,1.817138910293579,1.817138910293579
71680defe4772070e47b0b407ddccce7,0,1,0.8304256796836853,0.8304256796836853
71866d9b0216c9023de83ef2f9906cb8,0,1,1.369343876838684,1.369343876838684
71f3ff8361e8d200a0b497ec2cdc2097,0,5,4.591722011566162,4.591722011566162
720fbd3ae39bbc0f60fbc61313a400e7,0,0,0.10886707156896591,0.10886707156896591
721690a32ab390374b3f0aba58e0e722,0,0,0.25247207283973694,0.25247207283973694
723a7750742b4b7630fe743c74ce9cad,0,2,2.7976276874542236,2.7976276874542236
7252d0b847fb0a633458317990b22496,0,4,2.6868503093719482,2.6868503093719482
725f6e74ba6aed08098c779047a19559,0,2,2.666302442550659,2.666302442550659
725fc40fce67c6980c56cc17eafd0eb0,0,5,5.039146900177002,5.039146900177002
72a669da75812594654ab2097000c32c,0,3,3.09663462638855,3.09663462638855
72bac273a1df78ff5d3c8628a95f8fba,0,0,2.303072452545166,2.303072452545166
72bd56326bacd70420b41ec463aae7e8,0,3,2.7625880241394043,2.7625880241394043
72d976f2ad72cdab7c812f170cfa8a4f,0,3,2.7898542881011963,2.7898542881011963
733fcfe0b7b216c5e4e114305bb4b05c,0,4,1.9649150371551514,1.9649150371551514
73a68f27d9581434d99b621f0c2a434c,0,0,-0.11198101937770844,-0.11198101937770844
73b0a645fdadb31c74ffba963d4350bc,0,0,0.21154256165027618,0.21154256165027618
73d77ab122d5236e46e408e73d3f8639,0,0,0.38408663868904114,0.38408663868904114
73f0114ee40c98cb1b85cd0ae6614e67,0,2,0.16876651346683502,0.16876651346683502
740977ee68851c61e48f108eb3e996fc,0,0,0.597726047039032,0.597726047039032
741c3cea01151450aa8a04c021978b70,0,0,0.48786959052085876,0.48786959052085876
7436cdbf9876ac812cdc3ea7557aadaa,0,0,0.4101075828075409,0.4101075828075409
7459ad1c89716d7160c67bd1b7083f0f,0,3,3.5569703578948975,3.5569703578948975
746b95b3a32975082d0ad357527ad701,0,4,3.2101850509643555,3.2101850509643555
7493b991594249bb3027be2df62a4dfd,0,0,0.5143858194351196,0.5143858194351196
749daa61a4a9b3adc9be11e75a38b9e0,0,5,2.4770727157592773,2.4770727157592773
74acf0cf4abb0e8ffa7afc0fa06eb53e,0,0,0.2714104652404785,0.2714104652404785
74d22c241baec436993abf1416138165,0,4,1.362552285194397,1.362552285194397
74d36d7627cf7642675e3ecc574eefa6,0,3,1.7116338014602661,1.7116338014602661
74dba0e17c566cfe5063d8f161c61ef1,0,0,1.2224289178848267,1.2224289178848267
751016133b7a6d0cea31c75ed46ca532,0,0,0.23005861043930054,0.23005861043930054
7573282cf721d6997937fe8eb05d5c5f,0,1,0.9701867699623108,0.9701867699623108
757ab0daaac5935f83521a2e226e4fc3,0,0,0.12622542679309845,0.12622542679309845
75a60b119d3a12f697976603962372e3,0,3,1.0799833536148071,1.0799833536148071
75b2b6247093645b5725130edb8f14ce,0,1,0.5729755759239197,0.5729755759239197
75dc1015740869115a4caed7e345b591,0,5,1.3784947395324707,1.3784947395324707
75e60534dd93f29fda25575c1c2e910f,0,0,0.22054775059223175,0.22054775059223175
7621cfcba348f4069137a9fb5399d2de,0,5,3.078110933303833,3.078110933303833
762a82c19ca0324ee1fba2b8fad35534,0,1,0.5449733734130859,0.5449733734130859
76511406b9d7b53a531f4205c0660a6b,0,5,4.154170989990234,4.154170989990234
76541217a60105571466b759358ab8df,0,0,0.3162005543708801,0.3162005543708801
7657e325f5f8e11b05ea3428ba89b53d,0,3,1.9619985818862915,1.9619985818862915
765f379ba8bbc988d29c8e706512d053,0,3,3.5735838413238525,3.5735838413238525
7661a735826854e0f106a93768439452,0,2,1.4682531356811523,1.4682531356811523
76646d841dfa7b647f6034e73417c1ee,0,1,1.162153720855713,1.162153720855713
768098d5b47a4b3e2f18993da3bda0a4,0,2,1.6834269762039185,1.6834269762039185
76c8934b7350a3ad777b94f624390dbf,0,2,0.5072283148765564,0.5072283148765564
7703dca0de143ad38738f53bee104632,0,0,0.5923233032226562,0.5923233032226562
77087895140c470801c962615845e36a,0,0,0.5168267488479614,0.5168267488479614
77168b76ae7d1734b51e0d3601b7ffec,0,1,0.5305785536766052,0.5305785536766052
772161b22125c50b1d78d9b8c8a2bca2,0,1,1.2787253856658936,1.2787253856658936
773997a45c3f0aa4f7483f3972e4b53f,0,4,3.274519205093384,3.274519205093384
773e080a5857ba8c0669c435af2f1095,0,0,0.31889328360557556,0.31889328360557556
7746e3e26cb571b77521d430398c2cc0,0,1,0.6207334995269775,0.6207334995269775
775d39466b474d54ae714215034c5a83,0,3,2.9828238487243652,2.9828238487243652
777fd967a1a841b60733bc1b0679576c,0,1,1.0272791385650635,1.0272791385650635
77a4c2c4f65015fe548e5c07db9e805d,0,0,0.12659667432308197,0.12659667432308197
77bd87b225a08ba9983b605d2801d2bb,0,1,0.5762938857078552,0.5762938857078552
77be3c7dd3fd2f401366fc8e565a88b4,0,1,0.6932870745658875,0.6932870745658875
77c54076f96efce539cf3efc58d891ed,0,2,2.6146433353424072,2.6146433353424072
78079f0be01cdfed7111f16d2a3473da,0,0,0.2809244990348816,0.2809244990348816
782211a8e7b058a8b90697bbe9ef573a,0,2,1.8154499530792236,1.8154499530792236
78492483abe19fd7ec29697e2c87557b,0,2,3.8187267780303955,3.8187267780303955
78501527e96d0992e314221af62dca45,0,2,1.0732823610305786,1.0732823610305786
78ab08388dcb0af78e8692e9e482952a,0,1,3.3065526485443115,3.3065526485443115
78b2a52265722810be3fc2f3a562630c,0,2,1.6762583255767822,1.6762583255767822
78d70c1732ef444ad636a5d3e2ae733c,0,5,4.85618782043457,4.85618782043457
78ef82c809a7a83e145b2ff221af942d,0,1,0.4223875403404236,0.4223875403404236
79076a8b8c506ea1a5ee4649abc2c073,0,1,0.5903192162513733,0.5903192162513733
7917868832afbdb15a7106ebc5c85950,0,0,0.32625052332878113,0.32625052332878113
7929c4ab2e5c659112d6f274fcb1fa9f,0,0,0.10481500625610352,0.10481500625610352
7949ecf12e340288cf6a60bd28698559,0,1,1.3019986152648926,1.3019986152648926
79774fafc9e6a361b6abb548739bf119,0,0,0.17900992929935455,0.17900992929935455
79af987e53cfb0bf7187058829f811e0,0,0,0.45933404564857483,0.45933404564857483
79b3f2787261e5c96b3c9bf9a33c7537,0,3,2.403341770172119,2.403341770172119
79b91beee42bcf1aa1e5cc91da08f683,0,1,1.4389667510986328,1.4389667510986328
79c8f162b231aebb6c639afa3f4395ae,0,5,3.1762819290161133,3.1762819290161133
79dfa97a2655441fdc5cd428789d7759,0,4,3.6463427543640137,3.6463427543640137
7a037cc442f5e4795192c1631d5af535,0,2,3.6565959453582764,3.6565959453582764
7a06c24907b5a0474a182905cb0c8dae,0,0,0.383541464805603,0.383541464805603
7a42019fe50ed38d182095e380b9e038,0,1,1.7883496284484863,1.7883496284484863
7a4a98bfcac87d4496e2b182a4b1a293,0,1,0.38943207263946533,0.38943207263946533
7a5f4e79d1efd7b32518909b00753bd5,0,4,0.8879576921463013,0.8879576921463013
7aa2c45fdc9434e85965643dbc10093f,0,3,0.41433629393577576,0.41433629393577576
7ac75b11d166936c552ce33e170afd4a,0,1,1.1234139204025269,1.1234139204025269
7af4089a1002c57b8418fffe9c9f2eee,0,0,-0.06216518580913544,-0.06216518580913544
7b3f3b2a473fa265132ca41c139372b0,0,0,0.28945454955101013,0.28945454955101013
7b50f6e3c388c3eab68df2aa2403e7d2,0,4,0.50862056016922,0.50862056016922
7b662caf1d1ce381c184dec903a20483,0,1,0.5509116053581238,0.5509116053581238
7b6dc08185aef4a4739b8ac8eefa47f8,0,1,1.2757956981658936,1.2757956981658936
7b77301b3eba03e9b47d927d212d64aa,0,0,0.6222677826881409,0.6222677826881409
7b845b428b07584b93d5d07a1b0de2b6,0,0,0.7640448212623596,0.7640448212623596
7ba5bdeb014cf2d27421bc65b2759bbc,0,0,0.6952406167984009,0.6952406167984009
7bdba25e2792ffaa6255a2d4914efe41,0,1,0.0707084909081459,0.0707084909081459
7c0b64e1c730a010c9c94f3462ab60a7,0,0,0.7763751149177551,0.7763751149177551
7c26678aadba2c12ebfbf4dca5d23781,0,0,0.6249122023582458,0.6249122023582458
7cbc9de18c7205d762b1b65748eaa2ad,0,4,3.1912319660186768,3.1912319660186768
7cc3935f0c256daf77c943ca91f2fcd3,0,0,0.220478817820549,0.220478817820549
7ccd39e3586ef393247e71af2374dac2,0,0,0.19885121285915375,0.19885121285915375
7cda8336608881de4ecf64d5319721ec,0,5,1.953629732131958,1.953629732131958
7d0638e2cf13708c2047178ab83ba894,0,1,0.18343345820903778,0.18343345820903778
7d1d9ad923a9f67ffbb27c9d3c62ab06,0,4,2.7989490032196045,2.7989490032196045
7d32888275863ea91d8db46b242b0368,0,1,1.800947666168213,1.800947666168213
7d5dbfb91ce9be33221e4ba9358326fd,0,3,1.9735314846038818,1.9735314846038818
7d63d7ef507d747a87b3b15814a60185,0,0,0.868824303150177,0.868824303150177
7d80be46df79c4afb186fc953f934399,0,3,3.5999717712402344,3.5999717712402344
7d87113027d6155a406eb732e2355040,0,1,0.5843687653541565,0.5843687653541565
7db49c48802f5608f38c993982b1dcec,0,4,3.332942008972168,3.332942008972168
7dc96e4c875886e486b787b3787249ac,0,5,4.553506374359131,4.553506374359131
7e33e3ef6468638fc307b42f5b78e98e,0,0,0.284415066242218,0.284415066242218
7e5edcdc4718c09f87a59d4d10ae64ec,0,4,0.9174760580062866,0.9174760580062866
7e6194d098fcf07efafbe3803cb4c321,0,5,3.3172409534454346,3.3172409534454346
7e61d1d767697f88ab5c32e9074d5196,0,4,1.0934772491455078,1.0934772491455078
7ea51e31d596215a29b15b7c2127365b,0,1,0.7427037358283997,0.7427037358283997
7eaf35bac398cda4ffe48178e07d384e,0,3,2.660992383956909,2.660992383956909
7ecb64a8c648f375961dda6a3ae97629,0,3,5.146227836608887,5.146227836608887
7ee441bf99f40865e465910785ea56ce,0,3,1.7843865156173706,1.7843865156173706
7f70358de767d2a47aae0773933f84d3,0,0,0.6230898499488831,0.6230898499488831
7f728a48a92ce32c073cf8d68338b2a4,0,1,0.4655166566371918,0.4655166566371918
7f99c8b70a5d283079d10fefeae1d8a5,0,3,3.456202745437622,3.456202745437622
7f9c400a79bb91af19137b1d39d20e0a,0,0,0.46108278632164,0.46108278632164
7fa721b04e1ddd786cdcccf5263e608d,0,2,4.032305717468262,4.032305717468262
7fbd12db8dceaec4f97268f44853fc57,0,5,4.579591274261475,4.579591274261475
7fdae33284031ffb88063882bb16d14d,0,1,0.6995086073875427,0.6995086073875427
7fe61b9b65a634fe07f56668f51d1d91,0,3,1.0701913833618164,1.0701913833618164
7ff087f115da59175d26c39b123e6162,0,0,0.6596182584762573,0.6596182584762573
7ffcd16547f539aac56a0a1520b13a06,0,0,0.4463825523853302,0.4463825523853302
8001484017154333b90372d0055508b8,0,0,1.1599946022033691,1.1599946022033691
8013d514fff8374e2f0435f808a57d8e,0,0,0.3110024034976959,0.3110024034976959
8017c7b5f7d8928a7465e6d41417c21a,0,2,0.7804170846939087,0.7804170846939087
803fade140992ca225f034458f38f1ad,0,1,0.8885852098464966,0.8885852098464966
808b08eee6fcba85c15f66c78d2ad293,0,0,0.2040792554616928,0.2040792554616928
80a9fb86cc68aade057a0e680f3e5c0a,0,5,4.267237186431885,4.267237186431885
80bcb015af8cf6373cb9fca64c15eeab,0,1,1.385466456413269,1.385466456413269
80c676be159548673ff236d808209e33,0,3,1.4496413469314575,1.4496413469314575
80c69b5f428d37636414e89a0adaf228,0,0,-0.1895069181919098,-0.1895069181919098
80e2221ab978a5978d1039977b335ca9,0,1,1.5480923652648926,1.5480923652648926
810ade586864058f358c1253fc09a8eb,0,0,0.36604636907577515,0.36604636907577515
8143e5473a650fd79750a6b4cf7c52e1,0,3,4.744380950927734,4.744380950927734
8155f65396046e3efc544ff5b24fb205,0,4,1.3436260223388672,1.3436260223388672
81b61c22e893d8f7d5d9a32e6ff1bc3c,0,3,3.748948812484741,3.748948812484741
81da1181330200bf01e70ecc233ba989,0,0,0.8474119305610657,0.8474119305610657
822c5bce81fb31e02a3561f4e083c52d,0,2,2.395334482192993,2.395334482192993
82b6a503020b79bec7b2a5f981a0a915,0,0,0.587822675704956,0.587822675704956
82e256f4d2c2cc281dc0492a68137c3b,0,2,0.9742560982704163,0.9742560982704163
82f3e320faea249555b7b85c7cb4d071,0,0,-0.24946267902851105,-0.24946267902851105
82f647e446251f53f15f8ccfe86608f8,0,4,1.2669966220855713,1.2669966220855713
830a3227ef20baac63414e821f96f740,0,5,4.285431385040283,4.285431385040283
831183f19516eec017c0ec264ff75eaa,0,0,0.11609023809432983,0.11609023809432983
83388ee25283c6bdc0cd5ed50b5fb50d,0,5,4.178947925567627,4.178947925567627
834654070eb44fb589d68557f0f48587,0,0,0.24386624991893768,0.24386624991893768
835c8af6ba7ba991a5788192bfe0759f,0,0,0.3328135013580322,0.3328135013580322
838e413e9561b104afa20bdd1d02f8ae,0,5,4.005599021911621,4.005599021911621
838f568ca7e26cc18b1b247f9e6bc20d,0,4,2.724414587020874,2.724414587020874
83c1a647fece3c47e101b9e53b1fff0a,0,4,4.027332305908203,4.027332305908203
83c2217eb9a431a577a83b606d5d24bf,0,1,1.3712186813354492,1.3712186813354492
83ebc436de663c1259561ecec01d96ed,0,0,0.2642112970352173,0.2642112970352173
8410fae68bb5de5c8c1b080810903bed,0,5,4.256565570831299,4.256565570831299
84110cd444dd25fd974e0cdcd1df8065,0,1,1.0757849216461182,1.0757849216461182
84219af34ad6929dc1a9d5b1d7ab2ac0,0,0,0.8364273905754089,0.8364273905754089
8426c787d63aaf8a8a5e14c110525bb2,0,2,2.114978790283203,2.114978790283203
8434a27f3a5aa65aac6fd2728c31297e,0,2,1.4778218269348145,1.4778218269348145
84405e9c0ebeae71e44866948dbb6e92,0,5,4.333369731903076,4.333369731903076
844f0c8d150040ab3e802a9e5df029bc,0,4,4.254960536956787,4.254960536956787
847b0bf590fcda3530dab8f6b419b1e5,0,1,0.3198852241039276,0.3198852241039276
84859c9c3bf27b78b300204cb328baf0,0,5,3.969017744064331,3.969017744064331
848c7be5504d4f2e9ba4e949c619ef62,0,1,1.2941460609436035,1.2941460609436035
84bc390199b8e7466a020ca6abe11852,0,4,3.953212022781372,3.953212022781372
84c2a5a9252e223ab8e84010b685dc11,0,3,2.920602798461914,2.920602798461914
84d0f286cb639e7ceb3b185c62776100,0,5,2.7295286655426025,2.7295286655426025
8546b73cb1496ba85aed909ee151290b,0,2,3.015956401824951,3.015956401824951
85498a9955849a6c8292b35b66628cae,0,2,3.1014764308929443,3.1014764308929443
85625c85e373a173e14ef00da2e5218d,0,3,4.15252161026001,4.15252161026001
8582b59b41635fa38401d1bddad66707,0,1,2.135899305343628,2.135899305343628
858f5e5afdc19cfe16e0f8be97a28cd5,0,4,4.29719877243042,4.29719877243042
85b8c93811739e3677accdbb8c12e8ba,0,0,1.0722935199737549,1.0722935199737549
85d99c61b0182b04d4c420e95c2cc48d,0,2,1.1785764694213867,1.1785764694213867
85e36b2e92010c5d08a31ade8df8089c,0,3,1.7924128770828247,1.7924128770828247
862f8e7fbc9b0d2eae3bb8d12f36af51,0,1,0.43860098719596863,0.43860098719596863
867da7854ce25b5ca56249420b8231b8,0,0,0.22782962024211884,0.22782962024211884
86d4f3bac81c1929300eb270c6aea4ea,0,3,3.2829198837280273,3.2829198837280273
86d57d54f0bf4d5a091aaa2d8a8ed9e7,0,1,0.9829556345939636,0.9829556345939636
86e1e1f8d6a8d630b1577b3a5f3d65a3,0,2,1.0105936527252197,1.0105936527252197
86e9f3d79f01fef41988dd51ca75adbb,0,1,1.5941579341888428,1.5941579341888428
871b51f7bba1b86959706048ebb3707b,0,4,1.0330134630203247,1.0330134630203247
871e9ccf18d457762de141db98a043e7,0,0,3.2659432888031006,3.2659432888031006
87393dd2d0f7be44deb5c4df03fe84a6,0,0,0.6106840372085571,0.6106840372085571
874be9a5b3a7fc7127d02977c1f8a0c8,0,0,1.0789432525634766,1.0789432525634766
8751f19f273f69ba8ea5c49dc9dd4654,0,4,4.337998867034912,4.337998867034912
878be7ee5bdda3b29e2417f6dc93af64,0,0,4.017250061035156,4.017250061035156
87a1d44e21700bd0eb3db27371eb3999,0,1,2.0445775985717773,2.0445775985717773
87a463cb0b4da2f78e25cd0986475367,0,5,2.7676026821136475,2.7676026821136475
87b4ae0ff357c21aa62e84d63fdf9977,0,0,0.18710102140903473,0.18710102140903473
87c150feed1c5b7c7b4f80739cfc1060,0,1,1.5053184032440186,1.5053184032440186
87d8ed5a94679182d79403a19e89e9ef,0,0,0.4163956344127655,0.4163956344127655
87d977502667eb1d44ca13d5b658dc3a,0,0,0.5392400622367859,0.5392400622367859
87f54ef4d144fdbcc7a97541396e3a9b,0,3,4.68890905380249,4.68890905380249
880b2358d6b9893858c8d24102774456,0,0,0.35743603110313416,0.35743603110313416
881c7c271ef07405693650be45fe1b56,0,4,3.6415653228759766,3.6415653228759766
884f20408db7e6c39b69e4eb8e048e35,0,1,0.7503907680511475,0.7503907680511475
8884df5d60449673685793c63b8d4b33,0,0,1.205693006515503,1.205693006515503
888f79c029f30ea78bc955396a17b233,0,0,0.3804408013820648,0.3804408013820648
88ad8f5f0b58dcc80e039de9f1591dab,0,0,0.37128832936286926,0.37128832936286926
88d828c35fb9072e4de849b75fe9f721,0,0,0.13851532340049744,0.13851532340049744
8900095e28a92eebb25f469b67d29b84,0,0,0.18707074224948883,0.18707074224948883
891f54c0f474191384a4b5e2d97b4696,0,0,0.415958434343338,0.415958434343338
89272db689ac176dbad0d77bc23df032,0,1,0.5824589133262634,0.5824589133262634
8954785af321c52f1eb73ffd4c6b9367,0,2,1.7988003492355347,1.7988003492355347
896aebfb6f7b259cf57f240fb48fbf3c,0,5,3.7886874675750732,3.7886874675750732
89951a13926913dec08f584dd1830c8b,0,0,0.16201545298099518,0.16201545298099518
89cd386b165497663c49aa6f416d8dbd,0,1,1.37796950340271,1.37796950340271
89dc2910f86eb2f24aeb28fbcf55d996,0,0,0.3555818498134613,0.3555818498134613
89ede291a13f7e38b926fc6ad5c4b959,0,1,1.1761815547943115,1.1761815547943115
8a1deb06940aa081c0cd103659e57510,0,1,2.563962936401367,2.563962936401367
8a4f3f6ba6b4107029e77e1b1b75c069,0,1,2.8412764072418213,2.8412764072418213
8a50e044874fa8db8fa504e642d694d7,0,1,0.48188382387161255,0.48188382387161255
8a5337e8ec132dc7f60b25764ba346e9,0,1,4.23109769821167,4.23109769821167
8a76998072bccebf4c6f78ff7cc7b94e,0,0,0.799741804599762,0.799741804599762
8ae069858aecbad846f4d69d405f9bd6,0,3,2.143699884414673,2.143699884414673
8b1498de9e4860dfa6318d2426c9ffa8,0,3,3.5006654262542725,3.5006654262542725
8b201b0e7f10c44a86046aa1da0f37e6,0,0,0.20102719962596893,0.20102719962596893
8b301972309a5509bbb5946b9f133e37,0,2,3.1892688274383545,3.1892688274383545
8b4f2bfe25c190c76d74ee59725a99e4,0,0,0.4446902573108673,0.4446902573108673
8b670faa5b39f947705e77fec2068cdc,0,0,0.3729091286659241,0.3729091286659241
8b7c2c4d3c69f89b0fb709634e774d22,0,2,1.9681636095046997,1.9681636095046997
8b8eb1cfa610bf99c73b771db76be17d,0,0,0.31379297375679016,0.31379297375679016
8b9a688d97ed3104b1ca96883df272e5,0,4,3.3254029750823975,3.3254029750823975
8c2de4d3ad43ab2d960337fe7b14f0aa,0,0,-0.06075277924537659,-0.06075277924537659
8c32b55128cb5d99d9c50b7904f9bf80,0,5,2.109365701675415,2.109365701675415
8c4f32285302c83919d972072b52cb0e,0,3,3.937274217605591,3.937274217605591
8c85b3c695c3a7ae3a9265cd7aa68769,0,4,3.215848207473755,3.215848207473755
8c8fc85ded58f6e097a0aca8c56c35e0,0,3,3.001413583755493,3.001413583755493
8c9c9fbe9fe4e3787e94905f9d617db9,0,0,0.38331139087677,0.38331139087677
8cca652bef7a75a8a035bedb78b58832,0,0,0.34712958335876465,0.34712958335876465
8cd79170b9a39ff09db077594b8ef415,0,0,1.0282933712005615,1.0282933712005615
8cf19589a1981643086e40e44940a4c5,0,2,2.4941532611846924,2.4941532611846924
8d0a5af2726888ec9012768280f0837c,0,5,1.0451245307922363,1.0451245307922363
8d0e5feb0e72d7d75c73d8d5df4810a7,0,0,0.36993321776390076,0.36993321776390076
8d14e4160147a34111189383ecae42ec,0,0,0.20779426395893097,0.20779426395893097
8d26d0a42e1e8cc6e77979f84c811ac3,0,4,1.8264816999435425,1.8264816999435425
8d4ab7ab94540477432ec85f1182b0a5,0,1,1.0247533321380615,1.0247533321380615
8d58a0c1160a5cea99d5073231becd89,0,0,0.5186423659324646,0.5186423659324646
8d9bf04e714c959d4c571030c51ee9f5,0,2,1.2908637523651123,1.2908637523651123
8dab7a3c32ea29419e0ee7db4beed1f5,0,0,0.32441774010658264,0.32441774010658264
8dafcf8fe216a675953bddb06de7a3f0,0,2,1.107127070426941,1.107127070426941
8db3ab06b4efd9c799bb2eb1e3e0289d,0,5,3.934292793273926,3.934292793273926
8dbe3cdc6b82d368c82e44f054477769,0,1,0.07460987567901611,0.07460987567901611
8dbedd97ed2b7b01525d6800d52ae073,0,3,2.8154618740081787,2.8154618740081787
8dd500d60fbef656e2745aee230cd58b,0,0,0.13727381825447083,0.13727381825447083
8dfe44375f062a6de5aac69741ae7dbe,0,0,0.40412476658821106,0.40412476658821106
8e24d78eb3a2e377b4d169ad456fe5a3,0,1,0.7124533653259277,0.7124533653259277
8e3d3a5d3a5cae900595db0f9f5df6bb,0,0,0.2717515826225281,0.2717515826225281
8e4d95c12fd86268fb764544dd341c49,0,0,1.1668306589126587,1.1668306589126587
8e777c9f9c3cf64231bef6cdd1fa19d8,0,1,1.0901968479156494,1.0901968479156494
8ec127d5165fd03111cf492b0161662c,0,1,0.9859321713447571,0.9859321713447571
8ed11de0354e0571d6972983dfcefd60,0,1,0.9964279532432556,0.9964279532432556
8ef60407163c62c9fc4f2a3f6bf7691a,0,1,1.5291122198104858,1.5291122198104858
8efdb7429bd48a9e77862d5af5351267,0,3,1.6628220081329346,1.6628220081329346
8f01bf374ae51581432658526d895b22,0,3,4.488866329193115,4.488866329193115
8f1bb0798e87ca88ea912d942b0b32f8,0,0,0.3992539346218109,0.3992539346218109
8f2fc01533c47283b751e802f05c920f,0,0,0.5228469371795654,0.5228469371795654
8fb12946881047895dd14ed095a99367,0,1,0.35854074358940125,0.35854074358940125
8fc8a9625136be2a7a2d0b394d82a382,0,3,0.9285256266593933,0.9285256266593933
8fcc3efc049396629dedaf22cb4a1c14,0,3,2.8361852169036865,2.8361852169036865
8fdb492c7886b65948dd0b174f331b21,0,1,0.3231876790523529,0.3231876790523529
8ffe7685159750981a83f8d372aea931,0,0,0.40533509850502014,0.40533509850502014
9064f0eb9ef8bbb376649033116fc380,0,1,2.247521162033081,2.247521162033081
9066877b4c62ee46babd387370424709,0,4,1.6917028427124023,1.6917028427124023
907cfae3e090f5d21946d59705ed3abb,0,1,1.1268675327301025,1.1268675327301025
90a1a09e8b9543d69f9a90982ef5a789,0,5,5.000611305236816,5.000611305236816
90b46d166cca71d23d7158ce41f5863c,0,0,0.673473060131073,0.673473060131073
90b8c7eac5e1df7eb3310d2346a24ebc,0,0,0.0541224405169487,0.0541224405169487
90bded96836ea370356065826e6e5824,0,3,4.053388595581055,4.053388595581055
90d0e6728b0cae76570b1abb459b522a,0,2,2.9034626483917236,2.9034626483917236
90f76a1838fa7aa6f0f5e77777b2b4f2,0,0,1.2439532279968262,1.2439532279968262
9127ce46a7d8ebdad6c877c3ea4624fe,0,3,1.9683345556259155,1.9683345556259155
914e46fc6ac2be2f83511951fb44b6a6,0,1,1.0093441009521484,1.0093441009521484
915dd7918f5bbd16aa1ec7a677dcfe13,0,1,1.6047639846801758,1.6047639846801758
917d123875f9235226a28cdef5320302,0,4,2.5354394912719727,2.5354394912719727
91af122d94f80bb3d32eaed47bbce034,0,2,2.547384738922119,2.547384738922119
91b53c8308cd140ab55518b1df7a370d,0,3,1.8565523624420166,1.8565523624420166
91b65eeea73dd7309880c990458e97ca,0,0,0.42779502272605896,0.42779502272605896
91c2ff4afc2ebfc91581c582ac5ab3d5,0,2,0.4507512152194977,0.4507512152194977
91cda229f5cca86a0d2c7bf78cfce02c,0,0,0.2265237420797348,0.2265237420797348
91e3ceffadae98811ca5bb20593359ab,0,0,0.7200509309768677,0.7200509309768677
9217d01f99e5ae534da606486464a812,0,4,0.08986347168684006,0.08986347168684006
921fad66b248407bf850a7d77cb1a930,0,1,0.18378011882305145,0.18378011882305145
9264efc13ba91622d0d641b49c8caf52,0,0,0.8858112692832947,0.8858112692832947
9299df757a39cb1114a4345346048a68,0,3,3.93247389793396,3.93247389793396
92a7876fa3e636c7cae555a615c6c192,0,1,1.8585317134857178,1.8585317134857178
92d2a85fdb81d51f59c5781eb2c5d0a8,0,4,3.8353781700134277,3.8353781700134277
92d63d4d12f72506fc03dd25f0bc776b,0,0,0.30095306038856506,0.30095306038856506
9334b0446f58b8434f9d149d0a11af28,0,0,0.2189667671918869,0.2189667671918869
9336705a0567f81bfbf9dcabfc4acf49,0,1,0.28672152757644653,0.28672152757644653
9362e969027cc9260ceabfcbe2a7ceda,0,4,1.1561585664749146,1.1561585664749146
9362ecc68839f01d586019a2782f3552,0,2,2.578570604324341,2.578570604324341
9363078b5551157c88ef7e405f422ef2,0,0,0.46829652786254883,0.46829652786254883
939821c6b92db7fa382c47c1c5c120e6,0,2,3.060863494873047,3.060863494873047
93c3721f35d6693ac28d99f530b78233,0,0,2.6460230350494385,2.6460230350494385
93c61a53aab1f24ced17419d1992bdf6,0,3,1.5915534496307373,1.5915534496307373
93d0dc29c48d0c31738d20d3c5c38aab,0,3,1.4863921403884888,1.4863921403884888
93ee46eb8bda86d390bee02fd3766238,0,1,0.721909761428833,0.721909761428833
94357950df8207565fbe7d59a3084a1c,0,0,0.8568413257598877,0.8568413257598877
944993e4e26b18e41b3693a4095cbf77,0,0,0.1305849403142929,0.1305849403142929
94a91bf6dc832eda6a8f9fc70aae77bb,0,3,3.9044549465179443,3.9044549465179443
94ad34192c1c300da99532bb24fd7bf3,0,0,0.25910231471061707,0.25910231471061707
94f02c7d0a57b89c1815e1e18314a037,0,3,4.274925708770752,4.274925708770752
94f59c80441412249d37ee784bbb64aa,0,0,0.3423599898815155,0.3423599898815155
94f6b16d7289691642d1a611c4f1997f,0,1,1.2728936672210693,1.2728936672210693
95687706ffc4a2750ca1709258cc88de,0,4,4.202508449554443,4.202508449554443
95c16154511d02d6cecdd6cb9b3a7ffd,0,2,0.5777035355567932,0.5777035355567932
95d063f94f4fcad63503a33aef7d88aa,0,1,1.123701810836792,1.123701810836792
95eeb46ecc4a9693119627fedb8df55c,0,4,3.446648597717285,3.446648597717285
964eaa4f691fa26ef2b0f6ad487510d8,0,0,0.931725263595581,0.931725263595581
9657fb90657d1914ee938c71b51b5fa3,0,1,0.5605905652046204,0.5605905652046204
96aac9c3672cadf72e9e60d634bb145a,0,5,5.374892711639404,5.374892711639404
96bb7ad81bef9aa7ce0280d7b49b6476,0,4,3.765763759613037,3.765763759613037
96c62d8799651597247be49bf790d585,0,0,0.37759092450141907,0.37759092450141907
96e6bbcdb71b1053c96ff1f6a0dd2487,0,3,1.438544511795044,1.438544511795044
97110ca07f2d550b6c2c7578e30e0925,0,3,1.992264986038208,1.992264986038208
9716b5d2e13a28be3dc836134153720c,0,4,3.8210225105285645,3.8210225105285645
973e60e06a743e34fdac3675a6c72e86,0,0,0.3920612037181854,0.3920612037181854
9762f8802af1ea235bead734d59e6c1f,0,0,0.6459241509437561,0.6459241509437561
9764904c92cb4febaa3c7a4182bd4902,0,0,0.1563826948404312,0.1563826948404312
976e53986cf5902e6d8eb26e04fa44f9,0,0,0.9458463191986084,0.9458463191986084
977cf7eff248c3fe87a235ae3d051b1f,0,1,0.3219890594482422,0.3219890594482422
97b36902754bad28b6fd335ddfc6db55,0,2,1.1778078079223633,1.1778078079223633
97bf4d65f07954809658e01478408637,0,4,4.731910705566406,4.731910705566406
97f263002f98ab37ef16cf44d087596b,0,0,0.2702861726284027,0.2702861726284027
98052e108edf90a5e0d327745ca0a2a0,0,4,3.9142801761627197,3.9142801761627197
9829d40987b54b96a0c2a56db7f4a45a,0,0,0.23403309285640717,0.23403309285640717
9841424d99b28242ac069a04eccf5155,0,0,0.24922935664653778,0.24922935664653778
9878c2c100b5bad2fac735ef46a0321e,0,0,2.3179945945739746,2.3179945945739746
98c9716452737dafd3a149eb32aeee29,0,3,3.347325086593628,3.347325086593628
98e4e81e968d40a2b8999f8e6e945a60,0,2,1.6242542266845703,1.6242542266845703
98ec8d1647323eabbf356e9a87065edf,0,1,0.642280638217926,0.642280638217926
9904b0e39429fe1c957c7c1ee53bb248,0,5,2.4030559062957764,2.4030559062957764
991b6a11393bf5d10e91a50f581cba68,0,3,3.4712958335876465,3.4712958335876465
9921310eb85fdef96f5ec4b5bea102c5,0,2,2.5187063217163086,2.5187063217163086
9942438b5f067cd1dd4a7e8f37b02f4f,0,4,1.508152723312378,1.508152723312378
998ba3a62b969bbcc7799b9e75202f39,0,1,0.16895224153995514,0.16895224153995514
99a7a8c490db6494b855a35f3f248e86,0,1,0.9224689602851868,0.9224689602851868
99c6eb1d87928dfae4d098276b85b98c,0,3,3.658583402633667,3.658583402633667
99ce1fa103014b5486f882bb82994acf,0,4,3.660325527191162,3.660325527191162
99fb9478334093d729eeb281d522ed63,0,3,2.323629856109619,2.323629856109619
9a22abb1da9fc91bb8ae7b91bfe1451e,0,3,2.1436355113983154,2.1436355113983154
9a3595bbbc36b9ae6880ad57ae3a597b,0,2,2.1828434467315674,2.1828434467315674
9a947bb2c389def80ba16bfe12587d24,0,5,3.9842331409454346,3.9842331409454346
9aa0df0ab8a359bb619a18dade394912,0,0,0.819903552532196,0.819903552532196
9aa99fdb2c7e1853041be93f9c36bbab,0,1,1.4588271379470825,1.4588271379470825
9af29ff084d57c2054d6ab6d4f7410c7,0,1,0.5874596238136292,0.5874596238136292
9b16f18bbaecf31ae19380009a076862,0,5,3.1043648719787598,3.1043648719787598
9b1f3966737b74ae375dd220e56806d1,0,4,2.939809799194336,2.939809799194336
9b42c63d8a82e49ae1c724f5d58fe304,0,4,1.113341212272644,1.113341212272644
9b6513bd810e25a7b7f3bd91b4d16803,0,1,1.9950367212295532,1.9950367212295532
9b6cbe06b1f3e5620fd9ac5e69a8cb4e,0,2,2.225679397583008,2.225679397583008
9b6d1475e8c89d399ad6d5934bcd6037,0,0,0.8437864184379578,0.8437864184379578
9b92d948f0a8ca765ef5ca7ae650273d,0,1,2.916433095932007,2.916433095932007
9b9b11aa65e492ece39e3fde93a89d82,0,0,0.6427707076072693,0.6427707076072693
9ba7f932ed3494e9b53913a57ada7361,0,1,1.2246910333633423,1.2246910333633423
9bedf764a1ebbe84c6610edfb1cbd101,0,4,1.7631123065948486,1.7631123065948486
9bee26fca37e17fccd88264bece3d921,0,5,4.5271172523498535,4.5271172523498535
9bf6e3e027908a65c558ddc1fb07f7a0,0,1,0.526745617389679,0.526745617389679
9bfcdc2688d900c09603255fe0acdcd4,0,1,0.6876347661018372,0.6876347661018372
9c28f2bb8ecc9e89f8c141b768434d67,0,5,4.666862964630127,4.666862964630127
9c848808794be6026fe4166547f40293,0,2,2.218571662902832,2.218571662902832
9cb403f9210675606bac5259b8cdc3e3,0,1,1.4848027229309082,1.4848027229309082
9cc0b83fe973227ce03e633f5c6e5d8b,0,3,3.9411513805389404,3.9411513805389404
9cd46c6f68b4c67c06e48fabf85a6a45,0,0,0.7233348488807678,0.7233348488807678
9d0a77ccfb9aec1bf877bbb23d703cc0,0,1,2.4815621376037598,2.4815621376037598
9d0af138de2abfa5e43b475f941993a6,0,2,1.2089359760284424,1.2089359760284424
9d0bc55b262f263dde42556320e261cf,0,4,3.670482873916626,3.670482873916626
9d283bf4e70970f0a5931a65dd0d5211,0,2,1.203942894935608,1.203942894935608
9d36aeb4b4430baae6853ec391168e4c,0,2,2.3879709243774414,2.3879709243774414
9d37a84912687a7594646ce21657db2c,0,0,3.966998338699341,3.966998338699341
9d3e66d1513d70f510b33d11a65c425c,0,1,0.18726341426372528,0.18726341426372528
9d4780682e3ea21c145521716e1880f2,0,0,0.30926215648651123,0.30926215648651123
9d4c5ce00066b0d774020a40d307c974,0,0,0.9947707056999207,0.9947707056999207
9d4c88beba0b2d533f205f1b615e6c7e,0,2,1.2775793075561523,1.2775793075561523
9dbc64b9e7a18cfdd825ea44219b8330,0,1,0.47619596123695374,0.47619596123695374
9dc28ee23b2f728632e3ac9c1421e23b,0,0,0.03965425491333008,0.03965425491333008
9dc34fcfebf02fc4fac7a84a1c99ca5d,0,1,0.5655574202537537,0.5655574202537537
9dd40c0127d217bc4917e4db40e06e94,0,5,4.638553142547607,4.638553142547607
9e03b5aae46d92a1442fd7e439b0c6bd,0,0,1.2393261194229126,1.2393261194229126
9e0703920062ce903dad42cc471ca2a1,0,5,4.3669586181640625,4.3669586181640625
9e1830d84aba70d6f4dc2c67c3063370,0,1,0.22346259653568268,0.22346259653568268
9e1d450a04253ab097601c9934fb5e6a,0,0,0.04830633103847504,0.04830633103847504
9e214636c44de44bb1b3c62e5f2af44b,0,0,0.9787677526473999,0.9787677526473999
9e40b83c6ac2b92e2426b717ed1a200e,0,4,3.4157395362854004,3.4157395362854004
9e5cd1fc52ee72cb0658f1e403aa00ad,0,3,2.8016130924224854,2.8016130924224854
9eb7f1c7814891f609ef2fd6d80cf80a,0,5,4.544283866882324,4.544283866882324
9ec64c6c8719927e925732777d70254c,0,4,2.526007652282715,2.526007652282715
9ed8ec7bf90653bc4ca86b3ca53cbb96,0,1,1.089605450630188,1.089605450630188
9f0d890a2dd6e2d2acde15c1fc6e649d,0,5,3.8486244678497314,3.8486244678497314
9f17dc61c028d8f3b160c2ccbfbf884c,0,0,-0.09086832404136658,-0.09086832404136658
9f2a22b244a146290d6b6671f909c04c,0,5,3.9518299102783203,3.9518299102783203
9f63a48ff9b5d0014f8685e43ad28d80,0,5,4.237425327301025,4.237425327301025
9f8ffcb10930f5dd48949eceb79a869f,0,5,2.8459625244140625,2.8459625244140625
9fa42d765e1d7d376d4fddc4c590ab37,0,5,4.474462509155273,4.474462509155273
9fa46cfece4259875670f7e788b3326d,0,0,0.10919114947319031,0.10919114947319031
9fd1cf3c7669bab2fbceb2c1dcb99cb3,0,4,3.9932916164398193,3.9932916164398193
9fe39d85be93f02ef46c1863533f923d,0,0,0.721369743347168,0.721369743347168
a00490d2957a82f8ee606fa0391666bc,0,0,0.4119471609592438,0.4119471609592438
a00844370a83e216bd79a161d794c423,0,1,1.6686944961547852,1.6686944961547852
a03e7ddadc046c8eaa40c95e416ad0a8,0,3,1.4824273586273193,1.4824273586273193
a04846524f108bb046c4e39f3dcce5d3,0,5,5.4265666007995605,5.4265666007995605
a05442db760d52a1763492f9ca03ca0d,0,1,0.8714136481285095,0.8714136481285095
a0ac3589042f9e99d31b521b5b56ac06,0,5,1.3332273960113525,1.3332273960113525
a0d4b7a115f83077d88361dd38399cf7,0,1,1.9365885257720947,1.9365885257720947
a10ba9a0d61fd41d9ca9aae25788504c,0,2,2.004600763320923,2.004600763320923
a10eb69fb260132fde150bd76bd7b15c,0,0,0.43379953503608704,0.43379953503608704
a1182a350f2f7c5b6d75aacaf5aededc,0,0,0.15635967254638672,0.15635967254638672
a11991dab102085728874c2f348eeffa,0,1,1.1669776439666748,1.1669776439666748
a12cf12bd480d36325d9141e5fce729d,0,2,3.3030407428741455,3.3030407428741455
a1465b24268c98766baa0ca70b11ec6d,0,0,0.19640636444091797,0.19640636444091797
a17c932c887c075dfce694750276088f,0,1,1.0685956478118896,1.0685956478118896
a17e3c28db1efe5c03c927e64399f6aa,0,3,3.153437376022339,3.153437376022339
a18dd083ecf438507441cb0d5fc3122e,0,0,0.15536613762378693,0.15536613762378693
a1ab959d088e199003230644b58cd22d,0,5,2.424069404602051,2.424069404602051
a1f37b944f9590270b529e9f83610ebb,0,5,4.352384090423584,4.352384090423584
a20eedc8f4a55e36f0bfc88bc5f8dd06,0,2,4.1595778465271,4.1595778465271
a23accdd92c621553d8e58b8b40eed83,0,4,4.552542686462402,4.552542686462402
a26020fc089bd826b2d3eee48435b5e1,0,4,3.478505849838257,3.478505849838257
a260fec22534be7e93d7f456ada4f452,0,0,2.249297857284546,2.249297857284546
a273a79b0d6373074b9f75aafd1dd11c,0,4,3.3987653255462646,3.3987653255462646
a27ab1c1998e93cfb6d34a3cdacd1b5a,0,4,3.5991480350494385,3.5991480350494385
a2876051374ff6110f7572e64013441d,0,1,0.16640323400497437,0.16640323400497437
a28b628b33608b2cdadff12fc6aa2537,0,1,2.3506650924682617,2.3506650924682617
a28d07249631a811d3c801881c7fee47,0,4,0.20362155139446259,0.20362155139446259
a295321349862720b6541d443b46ee33,0,4,2.9924919605255127,2.9924919605255127
a2a51dc406006d4c31f173c89cee7fee,0,1,0.6025487780570984,0.6025487780570984
a2da57c1097f25266b22084b9b2362a4,0,1,1.658635139465332,1.658635139465332
a2ea42fa1f08d6f672e3c826a885f849,0,0,1.0730762481689453,1.0730762481689453
a341bd2f51b0913bed2a23c315287002,0,3,3.326822519302368,3.326822519302368
a36b91d58c9dae658708fac3ae14b969,0,0,0.0062128398567438126,0.0062128398567438126
a37b456a2bc920630c60c2ff0c7d6325,0,2,0.7543887495994568,0.7543887495994568
a3a96d6827a3708af480708035a3cfc4,0,4,3.371426820755005,3.371426820755005
a3abbe79d581ceec56f3be32f1fd145e,0,1,1.0929944515228271,1.0929944515228271
a3af37fbbe60a833bd33c10c2f88e9e9,0,0,0.7956517338752747,0.7956517338752747
a3c369f4a14bb6887655e5a45c96bd62,0,1,0.40914466977119446,0.40914466977119446
a3da6a9b33b3bbbbc3a2121a06a75ee3,0,0,0.6954247355461121,0.6954247355461121
a440e5380e942333ce9d94d229b7a935,0,0,0.5348972082138062,0.5348972082138062
a456f5100bc16e29cd730f2f226755ed,0,2,2.350755214691162,2.350755214691162
a47472a2ba96c2936dacc23b938bd9b6,0,3,3.7490570545196533,3.7490570545196533
a48b27a0f0f78595b8d71a4b373acf81,0,3,1.4250435829162598,1.4250435829162598
a4d8550e3c9eeb147f16812c33fe594e,0,4,3.6778647899627686,3.6778647899627686
a4edf7a1424c33511b31ce8b541c76e2,0,3,1.8708261251449585,1.8708261251449585
a4effa6d0c2e32e36e45f32f9e7e4977,0,5,4.723100662231445,4.723100662231445
a4ff02d4ba4e5f4420fab051ebd975aa,0,1,1.582970380783081,1.582970380783081
a51ad4ec379a9209c740025a6d410708,0,1,0.30616024136543274,0.30616024136543274
a53b780941263a252bea531c73f2294d,0,5,3.4776337146759033,3.4776337146759033
a56ae1d3606285c478b66fd417093c25,0,4,1.7746177911758423,1.7746177911758423
a59374f392ff144bfbe15d5b03c23588,0,1,2.811405897140503,2.811405897140503
a599d35b7674406256a5915ffbb23e33,0,3,3.3346145153045654,3.3346145153045654
a5e2deac3b93d0f64589072881e39ca7,0,4,3.0399813652038574,3.0399813652038574
a5e5be1ada0cffbfa2e935d487d32539,0,1,1.4920645952224731,1.4920645952224731
a5efb875158cabc314fcb2308e4f32ff,0,2,0.6802229285240173,0.6802229285240173
a5fceab3ef69e4dd200e317738fe7b29,0,1,0.6161803603172302,0.6161803603172302
a639966cd3a4bf121202b3dd166c935e,0,1,0.36160364747047424,0.36160364747047424
a63b1104e5fba617aa8262d8a58df325,0,1,2.1314427852630615,2.1314427852630615
a6971c7b02a5182bd69acb81102b6f16,0,0,0.15496821701526642,0.15496821701526642
a69badf4b6b8c73c40d30cb9dfeffea5,0,0,0.33884960412979126,0.33884960412979126
a6bb14d29c43bd60e289adda03de9687,0,5,1.2314505577087402,1.2314505577087402
a6df5267338c181ee62b42087d0e2292,0,3,3.4452483654022217,3.4452483654022217
a6f90c6723707e9f7a40d1339bfbf0dc,0,0,0.32671478390693665,0.32671478390693665
a6ff29f4165716b6fa1ef549346689b5,0,1,0.45400533080101013,0.45400533080101013
a7542dcc3123f9cce837cd93f13c0a27,0,1,1.3465452194213867,1.3465452194213867
a76cb105593aaea1617759e233fb226e,0,2,1.3895246982574463,1.3895246982574463
a7920e075a4c8784da50bb39c8414e92,0,2,1.2062032222747803,1.2062032222747803
a7aabb264c56acdfc440595515cea27a,0,0,0.9450268149375916,0.9450268149375916
a7b9fecfa7046194a48d717d7629be69,0,3,0.8280278444290161,0.8280278444290161
a7d5887200c7cea7046aa1adad829a1b,0,2,2.72286319732666,2.72286319732666
a8321af1b53320df308a2dd4554fff52,0,0,-0.0016032680869102478,-0.0016032680869102478
a8351b2fcaeee06e74f4481b7930cc78,0,3,1.016605257987976,1.016605257987976
a83efb2f72bce568e8500f7bce347538,0,0,0.23354485630989075,0.23354485630989075
a87dead1b6909eb28749a88d7610c5ff,0,3,1.312983751296997,1.312983751296997
a8989e31dbf651ce7abfb4dfe87827ea,0,0,0.5544437170028687,0.5544437170028687
a93eb7e0b8eda6a822f36448c946b9e3,0,1,1.390594720840454,1.390594720840454
a97131332ef816130b9e024155c311e5,0,2,1.3681695461273193,1.3681695461273193
a979f5e3d61ebeec3dcbe8943c9316ca,0,1,0.16554242372512817,0.16554242372512817
a996595380b54dc905dba46b751ec82f,0,2,0.520522952079773,0.520522952079773
a9a2bdda9278e216b19a3a948f4f29ad,0,0,0.596207320690155,0.596207320690155
a9b04c7dad29444f8422d0c31fb678ea,0,0,0.40830519795417786,0.40830519795417786
aa3823fe81947ebf35daa0b90af7bbc2,0,2,1.9596284627914429,1.9596284627914429
aa3c01d5326e3ed117d9266d5ed6ef37,0,1,0.5278108716011047,0.5278108716011047
aa3d385635fdfe96d5194d0f0991b565,0,0,0.6294063925743103,0.6294063925743103
aa4a74ecfa3460efebc1951c29b5a96a,0,2,2.090179443359375,2.090179443359375
aa6fa0228a86251c04d6a74b7bcf1b12,0,4,2.604167938232422,2.604167938232422
aaaf612f7fec8578ed03e4075b429a21,0,1,1.6024184226989746,1.6024184226989746
ab0c6950b69d38008bea90173b44aefa,0,4,3.775447130203247,3.775447130203247
ab2b0d15632c3e9858be2b2889c5ff45,0,1,1.5656872987747192,1.5656872987747192
ab53934e13fe844e43c6c903dabf0128,0,0,0.3640609681606293,0.3640609681606293
ab751c7c6887d27377f5a3bb09deaee9,0,3,2.2891485691070557,2.2891485691070557
ab81f1e238ba4350b836f161a0c5c043,0,3,4.016202926635742,4.016202926635742
abc48431c594fdbb2441e59e9572bee6,0,4,4.864978313446045,4.864978313446045
abf5960dc8f8c6ba6b9d987a6dc603c0,0,0,0.20554254949092865,0.20554254949092865
abf623f6f7c184855e3ddc607a75bad1,0,1,1.1736798286437988,1.1736798286437988
abf943d2bd73e975a5e8a762df7b2e13,0,0,0.425833135843277,0.425833135843277
abfe06f56b989f9e1d6034b12bb885d8,0,4,2.1743381023406982,2.1743381023406982
ac22e5a3ef26a2942ff5c0d0edd11040,0,0,0.082816943526268,0.082816943526268
ac32ff7089312633858bcd96747b4046,0,2,0.9885581731796265,0.9885581731796265
ac40c07b6e50003a3cff24e992ad465a,0,1,1.1663376092910767,1.1663376092910767
ac7383c33d7b376592a2ebbc512d7493,0,3,0.6635633111000061,0.6635633111000061
ac8682bef4c6309210b50279feff0a83,0,0,0.39789313077926636,0.39789313077926636
ac9f59ca466750dbc43bae3ade2676a3,0,4,4.7944464683532715,4.7944464683532715
aca0433f0f62079f335cb8c727f9aa82,0,0,0.396651953458786,0.396651953458786
aca465b1eb4bbea86b38939c897a462a,0,4,1.9509191513061523,1.9509191513061523
acde9000c58a22bb2d5adea3a7be531a,0,3,2.8205790519714355,2.8205790519714355
acfed41a5a0a64fa710d51bf6bdf5bd9,0,1,0.1537933498620987,0.1537933498620987
ad4a5651b91f3194db3ed570a0b80e84,0,5,2.566457509994507,2.566457509994507
ad6a50e18cdcf0c1493d46f96caa4421,0,5,3.9118430614471436,3.9118430614471436
ad6e90147030566df6b1353432f41662,0,4,3.647963285446167,3.647963285446167
ad97dd252df818cb6536fe7bb6a7de33,0,3,1.5931521654129028,1.5931521654129028
ad990202d6e12f56b9f354b707eab35b,0,3,4.112761974334717,4.112761974334717
addd75f7f9ff775fa34e6a1d7b0b3f46,0,1,0.6686597466468811,0.6686597466468811
adef73f1a19ad047a97ba507c3312798,0,4,3.166083574295044,3.166083574295044
ae142e3c31b3a30b29fbb5b0d7408c11,0,1,1.7822188138961792,1.7822188138961792
ae1c06e88f2823b7d13c453e8f1e2756,0,0,1.0287084579467773,1.0287084579467773
ae2e55ae29c56bb4e122410aba1603e8,0,1,0.17586147785186768,0.17586147785186768
ae4eece1cdf581598449b32f7747f3a6,0,0,0.3643038272857666,0.3643038272857666
ae7ea9f050c9e839359a6ec640efe607,0,0,0.501300573348999,0.501300573348999
ae83188e4dc8d72324d0c897d57f67d2,0,0,0.5247756838798523,0.5247756838798523
aed7330d040f019f279d673133cbfe53,0,5,2.948042392730713,2.948042392730713
af5341277e4627293fb84ff9777ce792,0,2,1.542141318321228,1.542141318321228
af79e4772667773474dea5134a7d006d,0,1,0.250923752784729,0.250923752784729
af9e760beede5c77eddec0aaf70fe197,0,1,1.4457626342773438,1.4457626342773438
afa9966f243d37df8f8cb04683163c89,0,0,0.08914893120527267,0.08914893120527267
afc78daa6ddc6402ae6ecbdba39f427d,0,2,1.2847803831100464,1.2847803831100464
afd477abb13dea3e8d517efcb19233c2,0,0,0.0717683881521225,0.0717683881521225
afe59339b8fe3ed8a390ccdf9030f6b1,0,2,1.421933889389038,1.421933889389038
afeba5186c7d74ca11169ccc018553d9,0,1,1.0354831218719482,1.0354831218719482
b01f92809dbfa747dc4d1881f400d99b,0,3,2.0030009746551514,2.0030009746551514
b0654fe0bbf7b60f93eeea050b99f553,0,1,1.5156656503677368,1.5156656503677368
b06e7d1627d5ec60135b82b4c0663898,0,5,3.9205129146575928,3.9205129146575928
b091f8134325f137e62fa225e00435af,0,0,0.756141722202301,0.756141722202301
b0977afdffe62b39dc66b4c2313563d3,0,0,0.40375447273254395,0.40375447273254395
b0b0bb292409f1613351c5a4c2f6a25a,0,4,2.4079253673553467,2.4079253673553467
b0b8b9f98e54aefbf88c4fca02fde51b,0,1,0.6216287016868591,0.6216287016868591
b0cc06f43c78e42ea4023817397eab7d,0,0,1.1425635814666748,1.1425635814666748
b0d5c1e2c6bc18f2736f06feecccafb4,0,1,2.2472386360168457,2.2472386360168457
b0db6c7062db390ce41581728f2ef122,0,5,4.005917549133301,4.005917549133301
b0ee38976e71dfbfba705974713ee612,0,3,3.845327138900757,3.845327138900757
b10a80d1424221e390b99e5c7a9e6bf0,0,0,0.48276951909065247,0.48276951909065247
b13078f2ae0a4dd072a3509ab1b1a0f0,0,0,0.08751491457223892,0.08751491457223892
b131ecef8477a09fa31aa0cf372c934e,0,5,3.4746310710906982,3.4746310710906982
b178a5e3b3e668381bc66e3dac6fa94e,0,0,1.4954180717468262,1.4954180717468262
b17e49275305849c5820c0e2976c245a,0,4,4.2361955642700195,4.2361955642700195
b1c8b92e790c28010a3f0678db6638fc,0,5,3.7207512855529785,3.7207512855529785
b1ecc44ba2bffeba5ad09c2a339f40fa,0,0,1.8416190147399902,1.8416190147399902
b1fc28c48cb6e83e5015074c3b61ae65,0,3,3.318254232406616,3.318254232406616
b208b788a4b144436ca1ac84d99f4d7f,0,1,1.1543989181518555,1.1543989181518555
b20cf1d40c0f9925fcc8a04baaae451b,0,1,0.8385605216026306,0.8385605216026306
b23fa1eb9b60a23d45c43df4c20e180e,0,2,1.3365988731384277,1.3365988731384277
b25d89f0b0cfe730c74db9e616b95522,0,4,2.1808393001556396,2.1808393001556396
b25f6e37fd35d5d8f7e2e7726ada2368,0,1,1.5308947563171387,1.5308947563171387
b263e89dbfd95e61cc803eabc460d4f6,0,5,4.520196437835693,4.520196437835693
b28cbb288d6f8bb2f45895287a621f43,0,3,3.095623254776001,3.095623254776001
b29e5425308f0f10cded9bb6c75b6049,0,4,0.32961082458496094,0.32961082458496094
b2d9c8835a45e3ad96ecf8596de851e2,0,3,4.3487677574157715,4.3487677574157715
b31da8462061d770024e293ca92e0086,0,1,1.0304546356201172,1.0304546356201172
b339e44aaf55e0e76d307ffb21ad5eac,0,1,1.5345923900604248,1.5345923900604248
b36b56a7df47298eb36c6def50c76ca1,0,1,0.6322532296180725,0.6322532296180725
b3852036b9bab5f90891f5f18617b559,0,5,2.14396333694458,2.14396333694458
b398c381f4263375bfba1da2649a1eaa,0,2,1.6080762147903442,1.6080762147903442
b399c54dd9f6ee4add1b4a21dbdbf6f6,0,2,2.1627700328826904,2.1627700328826904
b3bd3ff9e2f3a2d68aa60f937787726c,0,0,1.6993463039398193,1.6993463039398193
b3c0102531dc15c340cec074c10bcf83,0,0,1.1292238235473633,1.1292238235473633
b3c60fbbe0aaf63d8ca7ffd939643934,0,3,2.3515725135803223,2.3515725135803223
b405faaaaf67c571d5d64206eb162878,0,5,4.178462505340576,4.178462505340576
b4265cba12f772b5bb29989f775f8906,0,4,4.2802019119262695,4.2802019119262695
b4320e9769062a33fd948fa2593b1417,0,4,0.7429088950157166,0.7429088950157166
b4375e422395f7dfdaa2619d18929446,0,3,1.3589919805526733,1.3589919805526733
b44f323b60014eb06669f55be99bea78,0,1,1.4996212720870972,1.4996212720870972
b464d85e4e09357df39fe623cb28fd5d,0,3,2.8072445392608643,2.8072445392608643
b48da7b81527cb6b406f2187043d9626,0,5,3.552882432937622,3.552882432937622
b4e0fb2f9fef51df23589ef04c578b83,0,4,4.234886169433594,4.234886169433594
b4e5cfe0f1616168c2a4524202c85327,0,2,2.3063366413116455,2.3063366413116455
b53d446fbf97184b24acd35dc7f34429,0,3,3.4202282428741455,3.4202282428741455
b55cae845662dfb081970488f46909fb,0,2,0.633085310459137,0.633085310459137
b5690097b91784e3b0d4487765d5978a,0,1,1.4034841060638428,1.4034841060638428
b5db121ca6ba4d979a6bef814d5fdb17,0,3,2.7140023708343506,2.7140023708343506
b600f26e7bc2daf1917e4078496d37ac,0,2,2.821560859680176,2.821560859680176
b6084b84b97f67f4bd6adbf1fb74f2d2,0,3,3.628373622894287,3.628373622894287
b6808a211b62298e06b0ac7f30f29882,0,1,0.7605305314064026,0.7605305314064026
b68551866ec91a3417b5c51a82f807bb,0,5,5.246372222900391,5.246372222900391
b6b7accb239bacc0e3a8455acf3833fd,0,0,0.8040773272514343,0.8040773272514343
b6c5a96d088a39ffb721401c6aa341c4,0,2,3.1920394897460938,3.1920394897460938
b6ca31583bd0acc777d60f88750c3db6,0,0,0.4058822691440582,0.4058822691440582
b6cffe7fcd24b70b911495e4120e6d84,0,4,5.015783786773682,5.015783786773682
b6f1c3c748055235a8130ee71f4d3efa,0,0,1.914036750793457,1.914036750793457
b6f5bd8eaf13e4fad8dc583faea86484,0,3,1.8617992401123047,1.8617992401123047
b70651a991d293e0fa741ebb1754e15e,0,3,0.644756019115448,0.644756019115448
b7131510648c471e74823eced92cf622,0,2,1.263254165649414,1.263254165649414
b7540ad7f233e9c19a6cb083945072fd,0,0,0.4729543924331665,0.4729543924331665
b75ccb008444e0845df0ee3ee505ca5c,0,3,1.216302752494812,1.216302752494812
b75dff02d2f6c823b0a475ce346be0fb,0,4,2.107391119003296,2.107391119003296
b768b6c84849f2ba435eae0f5be52c76,0,5,1.645207405090332,1.645207405090332
b7f4472c49758c448fc8642fc27045aa,0,0,0.4067228138446808,0.4067228138446808
b86bdca8e34a5d265e5df2dcbe0b2969,0,1,1.1337034702301025,1.1337034702301025
b87d20bcf0c7492853ca6cd000e39666,0,0,0.5067547559738159,0.5067547559738159
b88c51aa5a61b5d36c12dd91f7b8fba8,0,3,1.644212245941162,1.644212245941162
b896a5ef96069f889c0e72c59e48b917,0,4,3.021430730819702,3.021430730819702
b8a598ecf3d3351a07ef690f0336b8a3,0,1,2.657851457595825,2.657851457595825
b8c6eb182fab355d181d222b34ae9dc1,0,0,0.050335660576820374,0.050335660576820374
b8d566345af6385e5176a774af8d457e,0,0,1.1594984531402588,1.1594984531402588
b90fb52788bc4fc6be21377c096008c3,0,4,0.6779857277870178,0.6779857277870178
b93fe47e90403bccd91da0fa479dbb2e,0,1,1.255548357963562,1.255548357963562
b9402571270ab62c1e0a690fd33fc9e6,0,1,3.6882236003875732,3.6882236003875732
b94e363b5500bffeb841e2f5ddaad50b,0,1,2.6555840969085693,2.6555840969085693
b9773037c8d578189e4e0882064c0885,0,0,1.4907805919647217,1.4907805919647217
b9944429be6ffac25a0ca12e8f57a595,0,1,1.5343637466430664,1.5343637466430664
b99ca5db00eca6566d106abce9cba70c,0,5,4.081545352935791,4.081545352935791
b9c3f5c0056eca98e23088ee0d8c526a,0,1,1.0741163492202759,1.0741163492202759
b9d7f39fa0980b37d7c53d01934695f3,0,0,0.7415810227394104,0.7415810227394104
b9df338c2d3db201e2bd938ddbd1c913,0,1,3.400520086288452,3.400520086288452
ba2a37a47b802c46d8b931247e9d04fc,0,5,3.6601316928863525,3.6601316928863525
ba4a1e8412d6376304ae051d32184ce6,0,2,2.8972113132476807,2.8972113132476807
ba6440ef35c6feeb3ed6c5b20b8f6b50,0,1,0.5192171335220337,0.5192171335220337
bac06a64ef7244901302f1681deeb5f0,0,5,3.3591508865356445,3.3591508865356445
bacad594d4d9ad882eda3a6738326d52,0,0,0.8166701197624207,0.8166701197624207
bade12795492d77cea24cac88d383e39,0,0,3.930302619934082,3.930302619934082
bb2fb7ab470f27bfd02dd9a42b6c5255,0,0,1.0220869779586792,1.0220869779586792
bb492e6591b672120e827dfd3f6be873,0,3,0.16001327335834503,0.16001327335834503
bb575d53749fe2b8cb9ef5381d968808,0,4,2.4610378742218018,2.4610378742218018
bb6ea8e115a5719d2644a63919858ea9,0,1,0.5969980955123901,0.5969980955123901
bb78a855048e4efc39c79882c6bd623b,0,1,0.7837865352630615,0.7837865352630615
bb7a0a44e75f9a9dfe0676c2226b4e66,0,0,0.08956658095121384,0.08956658095121384
bb96341b3835968d02a0d02ff4def303,0,0,0.4980771541595459,0.4980771541595459
bbc2dc35eb3231adbd2b6f35c029b34d,0,2,0.7555423378944397,0.7555423378944397
bbcd685ce62f785a441a2c8246fa93a6,0,1,1.6252074241638184,1.6252074241638184
bbe3ebb10d3477aa01bb01a6c91a8622,0,0,0.13887137174606323,0.13887137174606323
bc79710a91205883cbaf384d689b87d7,0,1,3.170379400253296,3.170379400253296
bc9c6686eeb1ee886d3b461b2f584760,0,0,-0.07655125856399536,-0.07655125856399536
bca92627fd1a1e37630c13079cb10b4f,0,3,3.535815477371216,3.535815477371216
bcadcbc70af9a0f20cdbfcb2e6689b6c,0,4,3.405038595199585,3.405038595199585
bcdbcdba8799719f161a10a4ab6905c1,0,1,1.048781394958496,1.048781394958496
bd044fc0a6c80e3f94bdbefb3d36cdff,0,2,2.233346462249756,2.233346462249756
bd2272491323c5b546c210316e6209b5,0,0,0.9001904129981995,0.9001904129981995
bd794a0fe18a2b0705a024096c77bac6,0,1,1.3664177656173706,1.3664177656173706
bd86f3cec249d54cd3bd64763da8612b,0,4,2.9694931507110596,2.9694931507110596
bd873805550eccb5ed8acebf217df837,0,2,4.232844352722168,4.232844352722168
bda0fab1431ead234fcca4d4466b12d3,0,1,0.6544589400291443,0.6544589400291443
bdd3d5a2ee02e25f1adf3fd2c8c23acc,0,0,0.2512303590774536,0.2512303590774536
bdd7c058fbd05e43b11d0affb2e14dce,0,4,2.972001791000366,2.972001791000366
bde825d297da93b518ecc510d1f17dfe,0,3,3.3822600841522217,3.3822600841522217
bdee785032e09e6976dfcc2948dc540f,0,0,0.7625659704208374,0.7625659704208374
bdeecdfb4808f38b4672273d3dfcad8d,0,0,0.3950333893299103,0.3950333893299103
bdf79ec5a9d527cc798a46680e6ad040,0,2,0.4710372984409332,0.4710372984409332
be06224070078f6c0e89c247768c7cd4,0,0,0.5446614027023315,0.5446614027023315
be7a589fc7d001393041a9a2fc9c9c5d,0,1,2.5442702770233154,2.5442702770233154
be8584d0393a178557fbcf29e770f690,0,2,2.2674243450164795,2.2674243450164795
be95b2d37a7c10e553e074ad4cc98f78,0,1,3.6672441959381104,3.6672441959381104
be9a4ad52349a7a82f4e8ac2154e93df,0,3,0.7838929295539856,0.7838929295539856
beaab4a58c9ad2c7ee76e96bbcfeca1e,0,0,0.28555452823638916,0.28555452823638916
beaeb46f623d7739758358065ecb0bab,0,2,2.1639821529388428,2.1639821529388428
beb35c12ff6f8649daef79766c83750e,0,0,2.2267065048217773,2.2267065048217773
bebc85c00d7bbf56ebe048147b15ace4,0,2,2.46193528175354,2.46193528175354
bee357c2ab4deb8d82094c1254c40379,0,2,0.781015157699585,0.781015157699585
beefe43af57c31447ce32949615e211c,0,2,1.4617427587509155,1.4617427587509155
befda4b7504b03a7d5e9ca92f2757c41,0,3,1.5048291683197021,1.5048291683197021
bf19a7b2fec443748d36284aea98d71f,0,1,1.4656777381896973,1.4656777381896973
bf282897514555144100efbee376bce1,0,5,0.4966510832309723,0.4966510832309723
bf779325c9c16f04957839ba92518ab8,0,5,4.0698161125183105,4.0698161125183105
bf8c6536be863b2e21d467ade2972889,0,3,3.5007164478302,3.5007164478302
bfa0d8a65df9b8c5230599c120f5aa99,0,3,2.0546505451202393,2.0546505451202393
bfc6ccb20af434cfb505aafc00dce754,0,3,0.9924479126930237,0.9924479126930237
bfcc9e5ac8e39cf903c5a70ca5f8e2e7,0,1,1.6275901794433594,1.6275901794433594
bfdbe56fb7fc4d7b3d151370f897d503,0,1,0.9016994833946228,0.9016994833946228
c063c9764a21587b9b44ad2bec29af99,0,2,3.427140951156616,3.427140951156616
c070301c3c6b834827e398708c6481b5,0,1,2.6881401538848877,2.6881401538848877
c071f89d0a9d629aa19c3ea7f90bd38f,0,5,4.705232620239258,4.705232620239258
c0852776d3142ce132a90c6142bd7146,0,1,1.6377524137496948,1.6377524137496948
c0a0956a39319920d02c5c4eb30c5e10,0,3,2.2168307304382324,2.2168307304382324
c0da73c46a21776fb36b8c1333521ca3,0,0,0.26053696870803833,0.26053696870803833
c0e652d920384bc328d1e1283178b566,0,1,1.4523473978042603,1.4523473978042603
c0fe404fe0a24f435d7edd6b3e189768,0,2,1.605952501296997,1.605952501296997
c105c2ca793d49297acb88eb4eb49c76,0,4,2.2744648456573486,2.2744648456573486
c10d4753ac1782268289014b69697b90,0,4,3.5688796043395996,3.5688796043395996
c129618431d0a7f63cf0c8e6c6da82c4,0,4,3.4390432834625244,3.4390432834625244
c1313ee5d78612ef92532f89fb3e4072,0,0,1.1567755937576294,1.1567755937576294
c141ed8d4226eef5e743d77790063398,0,3,4.024424076080322,4.024424076080322
c16546e5849d9f71c87530af65cbc522,0,1,1.366498589515686,1.366498589515686
c166cd559ecbd36762004e302c2a3d0c,0,0,0.5944570302963257,0.5944570302963257
c17fbe7ddf1c9b5993bb144c00d5136b,0,1,0.3685528635978699,0.3685528635978699
c19623cc0d82d0d5f219400b027d8190,0,0,-0.04572436213493347,-0.04572436213493347
c19bc72dee1df0b97ed8527521b57099,0,5,2.5281152725219727,2.5281152725219727
c2230eb928a225c9cbb7d247cbde2b4a,0,5,4.116179466247559,4.116179466247559
c2db09b50aa7bb3d998b5bdd4f4d93c0,0,2,1.757950782775879,1.757950782775879
c2ded53ea0656e34e71bc8993b90650d,0,2,1.740081548690796,1.740081548690796
c2e37dd8d2b6891abb2c78b15a25fe95,0,1,0.8511732220649719,0.8511732220649719
c3206e3a627cf34dfb2b013847b924c2,0,1,0.3097062110900879,0.3097062110900879
c321dc296ee2274e9db04e586c7aabf2,0,4,3.0085058212280273,3.0085058212280273
c330ef6d8c6943ff7c41a493b215d04e,0,1,1.009276270866394,1.009276270866394
c37c0f37a50ccbf5e51b148a28055111,0,0,0.24830427765846252,0.24830427765846252
c3c95b4f53fd0aed77316430bdc69f81,0,1,1.2251696586608887,1.2251696586608887
c3e3c81e70f9124f5872bab7f5c71b94,0,1,0.32279154658317566,0.32279154658317566
c3f6dfc5c801b1f2aed4c9e318bd015d,0,5,1.3762978315353394,1.3762978315353394
c411cf81bd605e263ea8da3b35d05dac,0,4,4.258957386016846,4.258957386016846
c429c26a603910717dbf17e6e7035627,0,3,3.171283006668091,3.171283006668091
c434b351328d1202d90d7468be10c46b,0,5,4.5291972160339355,4.5291972160339355
c445380a860360322df76605978e1618,0,5,4.038362979888916,4.038362979888916
c452a6a33afe1ab834c0e54df1b2ace6,0,0,0.357367604970932,0.357367604970932
c457fa90e865cfd7d755308718d1f6c6,0,1,0.9494530558586121,0.9494530558586121
c484a9ae47f9d99bbeb8f249cbdf4b88,0,1,0.41478025913238525,0.41478025913238525
c48a109638da578b059d9464a4262698,0,1,1.1548153162002563,1.1548153162002563
c49120119e7b66ccffde14e3a3030d8d,0,5,0.5416697263717651,0.5416697263717651
c49e42400702d46c33351ec9e74ccd30,0,4,4.027543067932129,4.027543067932129
c4b83afb97bd83a7f8d83ce85cba4dc5,0,1,1.1160359382629395,1.1160359382629395
c507324c055ea7ec7a235159dc97675e,0,5,3.169142007827759,3.169142007827759
c53a5bd984d2bd2b8b3d0529b081fbcf,0,2,2.004309892654419,2.004309892654419
c541704f5b5f35d974aab3378d11fd54,0,3,2.7358362674713135,2.7358362674713135
c57f886720b4042062b470f807bf1212,0,4,4.845314025878906,4.845314025878906
c59ab7f1ea4c892a0845646933cc3b60,0,0,0.9633116126060486,0.9633116126060486
c5bc1e0b75ef839ab9ea078324f0f272,0,0,0.21525095403194427,0.21525095403194427
c5c8a6e5c44eda5ec0bbfb53e2c81012,0,2,1.3654409646987915,1.3654409646987915
c5d6646dda31ee94cf4bbfef14e08e76,0,4,3.996450662612915,3.996450662612915
c5d7c8c63d643b98b45fe2307970c45f,0,0,0.15210868418216705,0.15210868418216705
c5e101b81e1f457cb9e4c568df7f9b9d,0,2,2.758162021636963,2.758162021636963
c5e6c3efbdf833673fdfa3db1c6c4b23,0,3,3.4857399463653564,3.4857399463653564
c60d25e72004ddd6bc308d3a42ce6dba,0,1,0.37710878252983093,0.37710878252983093
c62d1ee20abb4c019758656681c0b4d9,0,2,3.540410280227661,3.540410280227661
c62f9e66a9215d21cfbb9f5ec9f15daa,0,1,1.6513803005218506,1.6513803005218506
c63361a19fceb15ebcb5340a5712fbb7,0,0,0.7601849436759949,0.7601849436759949
c64dd4f75e74ee4c23f27a8d99a3ed19,0,3,1.8220585584640503,1.8220585584640503
c6bbb7a947f012f3130988fff20c7561,0,3,0.6110119223594666,0.6110119223594666
c6e8d18c225d68c7c783b7ba5c7cc98d,0,1,1.4252246618270874,1.4252246618270874
c6fa851e98eb9d30d6cd93f3b8c0eed7,0,4,3.9881415367126465,3.9881415367126465
c704708bcb669c0198feba47bf9f2c81,0,1,0.4486643075942993,0.4486643075942993
c7276eee7269730bae81a3fde5eb1668,0,3,1.747894525527954,1.747894525527954
c733a6afb1e66a15e73d5e66be3a1c10,0,1,0.6168308258056641,0.6168308258056641
c756f85302c24df011743d63b5282d58,0,0,0.1747589409351349,0.1747589409351349
c76877d174f7020e6194d6b06aec770a,0,5,3.998623847961426,3.998623847961426
c77075a7f8ad3b3f413cee8b8df89203,0,1,0.6646173000335693,0.6646173000335693
c79d24ced43aac04ce0531e229f62f03,0,0,0.4608531892299652,0.4608531892299652
c7b5025d6ca0352a9feb0b83f3ecf231,0,0,0.5979658365249634,0.5979658365249634
c827e7beade04c9b840946c370653009,0,0,0.8111928105354309,0.8111928105354309
c844f963f3833341b444019797bca24e,0,5,1.314943790435791,1.314943790435791
c874de63fb72b5c081bbea4a5a7aae65,0,0,0.9151987433433533,0.9151987433433533
c876728a121713f5d999154f0730d5e9,0,3,2.804948329925537,2.804948329925537
c8a09a4ef05f4b37037251a76d8f5d68,0,3,2.4793827533721924,2.4793827533721924
c8a4a8a30dc11c1e306103cbc9de6a86,0,3,4.10660457611084,4.10660457611084
c8c898c68a6cbe37412468d561e3a7b4,0,0,-0.012011541053652763,-0.012011541053652763
c8ca4858e14ad4bc1a466796f147f1ca,0,1,0.656391441822052,0.656391441822052
c8cff52f615d95917befd491cee1614f,0,1,0.6530338525772095,0.6530338525772095
c8f84d9ecff20af2842de863f6963dfa,0,0,2.2614779472351074,2.2614779472351074
c9600084eb770e9fd5eecff32421e4d3,0,4,4.132715702056885,4.132715702056885
c97c6e31c6bc1b75d455b89ef4f11686,0,2,0.76376873254776,0.76376873254776
c9bcd1d4867a43cec02af7f3b555709f,0,4,4.594285011291504,4.594285011291504
c9c295e486e0f7f7dfb4f0fde6ff8240,0,2,1.715553641319275,1.715553641319275
ca0798453868081bc8aeeabb01847d4e,0,3,1.388035535812378,1.388035535812378
ca1670f5e9408c08518faae1061f4a97,0,1,0.9779168367385864,0.9779168367385864
ca83118f81f560d2f8a27b80307089c3,0,4,2.648118257522583,2.648118257522583
caa14fb2f0bbb55d6718f0d090752a32,0,3,3.912524938583374,3.912524938583374
cab3d02d82d55997dfabc99e84516de7,0,1,2.2241878509521484,2.2241878509521484
cabfce354dfee1e33454eac72a312677,0,1,0.1810123324394226,0.1810123324394226
cac5402710abecbac8e6b597fa0a249a,0,0,0.27409422397613525,0.27409422397613525
cace17160395f1bffc45584c60a2e500,0,2,1.0488176345825195,1.0488176345825195
cacf5097de53eb9db8566f3f48522bda,0,2,2.0811750888824463,2.0811750888824463
caee5cd6d6691f96111daa9a32dd6431,0,3,1.7926139831542969,1.7926139831542969
cb1a32f1ba7386723f1ade48af77ec24,0,0,0.32756340503692627,0.32756340503692627
cb56eeb149fe1d3df30a43e374d7ab94,0,1,1.0792514085769653,1.0792514085769653
cb64b562b53fad75ad9a575bb9150c00,0,5,4.374296188354492,4.374296188354492
cb74b2651f529e460f2a169b5ea176b4,0,0,0.2587920129299164,0.2587920129299164
cb7b640bd2d43968c3bddbfaa66eb4b7,0,2,1.575373888015747,1.575373888015747
cbaaf646e582b153aa87262de00bd4a0,0,4,4.006766319274902,4.006766319274902
cbb06f8997eccd33dc7fc6562f2e06fb,0,1,0.24344347417354584,0.24344347417354584
cbe083d6541a57bdcb503b33d94e6d8c,0,2,3.1099681854248047,3.1099681854248047
cbe148ca500ebddf00d28e37cde97dbf,0,5,3.584963083267212,3.584963083267212
cbf4271aff5c3365e6d9c7de7e49468e,0,4,5.568419933319092,5.568419933319092
cc10f085bbb94d2cf54436567d7c8aed,0,4,4.999291896820068,4.999291896820068
cc2681fc29015a9c20bca401aba9d489,0,0,0.8601202368736267,0.8601202368736267
cc43f8965a64a1f22b3162b91e7a1bcf,0,5,4.91288948059082,4.91288948059082
cc56822c2b73e6729fcaccc06c0b3ce6,0,0,0.21940277516841888,0.21940277516841888
cc62826100999f9afbea8484e18dbf00,0,0,0.22793714702129364,0.22793714702129364
cc69b5e397b5d44eb220566b0bfbed78,0,1,0.6010616421699524,0.6010616421699524
cc749cec9e37b3e141e62a6a33c6eaf3,0,2,1.5663247108459473,1.5663247108459473
cc8e0db9056592acd465f3457bc06177,0,5,3.112266778945923,3.112266778945923
ccf1f6923eb620f03139c36f14f3fe50,0,1,1.7366716861724854,1.7366716861724854
ccf9d24a414565e908da2e72beb306de,0,0,0.1316382884979248,0.1316382884979248
cd6173efcecbac38897f78131119e59c,0,1,1.5912599563598633,1.5912599563598633
cd636fee80a3058dcd3f5428d997a153,0,0,1.2550594806671143,1.2550594806671143
cda73f7fd7553122c26a755fa35b63b6,0,0,0.31696781516075134,0.31696781516075134
cdb7663719497428b4d9243b76da3ace,0,1,2.3336541652679443,2.3336541652679443
cdb85e317139cf608d514e1c8653d0f3,0,5,3.7016146183013916,3.7016146183013916
cdddbff5034599ef91bdeb764280916c,0,0,-0.24882234632968903,-0.24882234632968903
cde5025e8daabf4a99d549a6d76442f3,0,4,3.7883248329162598,3.7883248329162598
cdf1f6e142dcabb9c481c919ada4a4c7,0,2,3.563804864883423,3.563804864883423
cdfb1827419478497bba249af9b7c6ed,0,4,1.8157038688659668,1.8157038688659668
cdffccb112b4bc1ccd2dcc1cc3e948cd,0,5,4.154903888702393,4.154903888702393
ce07aae37ab28e6276bcab332a9706c9,0,1,1.9430179595947266,1.9430179595947266
ce1d724d0212a81bbf8a7f9f52785f1e,0,1,1.462865948677063,1.462865948677063
ce3838c838f9684ab8201482d4454f75,0,1,1.6669195890426636,1.6669195890426636
ce4609213e63dd5d89e2b249d3e00ac6,0,1,1.7828843593597412,1.7828843593597412
ce4acd4784c1eb4495fa69b1ba196266,0,0,0.250824898481369,0.250824898481369
ce4ea0a4caa1d63cef4e6a5b4c9c92c7,0,2,4.162725448608398,4.162725448608398
ce5f21729823eb5d67ce2d874844e70d,0,0,5.114611625671387,5.114611625671387
ce6346510ef11552a1e8f186cf12678c,0,4,3.502811908721924,3.502811908721924
ce8d8607d29aff038a6e27528a9789ee,0,3,2.4530045986175537,2.4530045986175537
ce9bb158136f91131c260e1f37b21980,0,1,0.47773322463035583,0.47773322463035583
cec6d31b042009cc924bffbe794b1da1,0,3,2.2540786266326904,2.2540786266326904
cecdc96ef01669b8823a27ff711d3026,0,2,0.8622265458106995,0.8622265458106995
cee2763f9b1d5b02297ad853104534f8,0,0,0.34659695625305176,0.34659695625305176
cef9240f1890be3b038655d71f74fa78,0,1,0.40222975611686707,0.40222975611686707
cf385dd3211d78cdcfa8c90c2bab5b37,0,3,3.539365530014038,3.539365530014038
cf481e35314bb3e93f3716b6c456e85d,0,5,0.8841227889060974,0.8841227889060974
cf82146a7d5cfc712501c6471ccb882e,0,0,0.8556431531906128,0.8556431531906128
cf843d7b7445702821728d9f3239cede,0,3,1.3869627714157104,1.3869627714157104
cf9f541c28be35984163546c15ddfe09,0,3,4.577210426330566,4.577210426330566
cfaec8e16eae41da6abd659145a865f7,0,5,2.1695170402526855,2.1695170402526855
cfb29a1c64c1c59c8f4837bab2d285d7,0,0,0.2651306092739105,0.2651306092739105
cfcd8b9846989be50730a0fcad497edd,0,0,0.4972383677959442,0.4972383677959442
d0115a12026bc4b8a10ad05fe4992ded,0,3,3.658491373062134,3.658491373062134
d0338a0c3d03cfb83376ce015597c0cb,0,0,0.6295561194419861,0.6295561194419861
d069c3a1245936e89b9d7d8beff2f1d6,0,3,3.023632287979126,3.023632287979126
d086283d558caa08041b9f13b1580737,0,0,0.2914388179779053,0.2914388179779053
d0bd34262db1f6c9753c6ead015e347f,0,4,4.126125812530518,4.126125812530518
d0c4142647b620df5a8b8e5e21f970e1,0,2,0.39472874999046326,0.39472874999046326
d1258da064449272f0791bc950214da6,0,1,0.1563940793275833,0.1563940793275833
d14d2e2f09b3499b43ef1049691cfa73,0,0,0.5155853033065796,0.5155853033065796
d170e740852da74410caa708246dc4de,0,5,3.275092601776123,3.275092601776123
d19db5477bfa4fbc71388d05346c1690,0,0,0.29225221276283264,0.29225221276283264
d1a7929f14a24aad1e0f2178ae2ab08e,0,2,2.401170253753662,2.401170253753662
d1df1946a0d00bdf843cbbedbe98fa4b,0,5,4.4003586769104,4.4003586769104
d2029423ffecf93f8114770e5d061027,0,4,1.0915545225143433,1.0915545225143433
d21fc3c161dc9360ff603454f406f3c1,0,0,-0.006743280217051506,-0.006743280217051506
d227b2a18afb71ff3a163bad22e090d4,0,1,2.430976152420044,2.430976152420044
d22d1b554089814541b4ad97c6300b7b,0,5,3.6954758167266846,3.6954758167266846
d22e7fcc26fb07ea31a8760f374ed4bc,0,1,0.48868250846862793,0.48868250846862793
d238858042506302cfc15c63db81341b,0,2,2.1571905612945557,2.1571905612945557
d290264f0b49f110e26c585e874ff8c3,0,1,0.9959059953689575,0.9959059953689575
d2acc357f4126d54cbfb4ff7ed254616,0,1,0.17528319358825684,0.17528319358825684
d2b1ee78b2dd9b89d02a1f4a1113a801,0,3,3.654886245727539,3.654886245727539
d2bc6a6beb7e4d86acecde314f99ce4c,0,4,3.077120542526245,3.077120542526245
d2c09b4b3af157777fd5f22d8a37dd56,0,0,0.32289353013038635,0.32289353013038635
d34c7fe759808771f0b2dc65ad0df03c,0,4,0.22449146211147308,0.22449146211147308
d3b34f76b7192172d6ace4f167cb3924,0,1,0.5822699666023254,0.5822699666023254
d3c90e3b04360cdbeadad04e64cd5e2c,0,0,2.330281972885132,2.330281972885132
d3ef86275b0da6ce3e7f01faa652c3f7,0,0,0.18712206184864044,0.18712206184864044
d3f6434f43689a211788c03214c49a8c,0,1,2.223876476287842,2.223876476287842
d4326c1148db3d103cef8bab1d1d524a,0,5,4.73084831237793,4.73084831237793
d4503a149810bfdc64b9c10bc247ee48,0,1,2.3440635204315186,2.3440635204315186
d4557d562ab93564514e79c9dbbcc3cd,0,3,2.428288459777832,2.428288459777832
d4a0456a1c023a8d75170ce98199ac0f,0,0,0.3977830111980438,0.3977830111980438
d4dcb1cd15053d17de19d2d63ddcb173,0,4,1.4094254970550537,1.4094254970550537
d4e11ec26633ed74394b8df2228bfb75,0,1,1.9255040884017944,1.9255040884017944
d50739fb64a3c3678a6788c43c0784a4,0,0,0.24896831810474396,0.24896831810474396
d5110b3363bff16460ad266f1ce4ea06,0,1,1.9567358493804932,1.9567358493804932
d54a086123963adeb84c160160bac353,0,1,2.399273157119751,2.399273157119751
d650074cb4c31b78e04d220718bc0eb2,0,0,0.1874159425497055,0.1874159425497055
d6554a3cff6d6ceb5597382238954aa1,0,3,2.363070487976074,2.363070487976074
d676924aa4d2c3259e47e91955fe161f,0,0,1.4110279083251953,1.4110279083251953
d67b041b85b44bdde7dc852dcbc70033,0,2,0.49464306235313416,0.49464306235313416
d68a58ba39e3d072bf9e5a1486465bb5,0,1,0.7033573985099792,0.7033573985099792
d6948dc2044087d9b547df183328084f,0,2,1.8192846775054932,1.8192846775054932
d696ba8f2bf63e937f78dd9e911e9025,0,1,1.204660415649414,1.204660415649414
d6a8117ae79bca1cff29c52a10436da1,0,1,0.5777924656867981,0.5777924656867981
d74ad1248c21f6a8ab77a7462e1dec31,0,0,0.7791934609413147,0.7791934609413147
d74b496f014de5b9c4cbdc5524df720b,0,4,3.3695719242095947,3.3695719242095947
d76180b527e1b7748a99fc37a005d45b,0,5,2.386813163757324,2.386813163757324
d76f1860a05496c0eb2d8c6479f9bee6,0,5,3.4943203926086426,3.4943203926086426
d79ef0a1d3b33827f0dcd0788bfaaeb2,0,5,4.282708644866943,4.282708644866943
d7a038e19036352879564963a63082f1,0,3,0.9792233109474182,0.9792233109474182
d7b7b3e3d85c768d7a453e50679f2a80,0,4,3.6231894493103027,3.6231894493103027
d806807466eed0680d0cf5e73056567e,0,3,1.2710248231887817,1.2710248231887817
d82ed201dc437809e5fb20877310bedc,0,5,5.401477813720703,5.401477813720703
d8442dd9a38b2f244a020c1b39107751,0,5,0.944426953792572,0.944426953792572
d844c98b020831cd13e0dbed2f72e719,0,1,0.3787570893764496,0.3787570893764496
d861180850ca54282b38c782734a7dc7,0,0,1.24753999710083,1.24753999710083
d8888c68d56232a148462a0096b4579f,0,4,1.1262120008468628,1.1262120008468628
d8c4a0a75d72a1f8e94b0939fe27855b,0,0,0.48211202025413513,0.48211202025413513
d8dab9eef691dc2a83874a3560fbaddb,0,1,1.0543874502182007,1.0543874502182007
d8dc5358795768819f229a681d2dc483,0,1,1.4849894046783447,1.4849894046783447
d8e6c24dadbb377b6934a21ba7ce02c4,0,1,1.6516075134277344,1.6516075134277344
d8f6b2a76413e5b03d0ee89d2792e610,0,5,4.8021392822265625,4.8021392822265625
d908ac781e507048dca9b45d93fcec44,0,3,2.164752960205078,2.164752960205078
d9136644c4f688b42dbda45c51236a9a,0,1,0.17977087199687958,0.17977087199687958
d935f3eec2aded067a657c5cf3808d8e,0,1,2.192716598510742,2.192716598510742
d9609c5eb6afb235c803600c3c70ea46,0,2,0.677126944065094,0.677126944065094
d960f3c9327c1baa21ed849d867e29a1,0,4,3.6275014877319336,3.6275014877319336
d97f89398bb6e6e441de40a85a55f762,0,5,0.2570524215698242,0.2570524215698242
d9a122f3cfcf06a7768de8f5eb27a6d1,0,0,1.194427728652954,1.194427728652954
d9a494fcb29c6ba23b0842b682772b85,0,1,0.7035881876945496,0.7035881876945496
d9b54eebe6d08be027aa415a986b19f4,0,0,0.3726707994937897,0.3726707994937897
d9ccb1baa42354825862d4e4b3e48507,0,0,0.1476244330406189,0.1476244330406189
da07bf2ac3a36b2ff58e35561f15613f,0,0,0.2939187288284302,0.2939187288284302
da09fe1419dcf0c2e16c0b2a43979c43,0,2,4.398873805999756,4.398873805999756
da0c4c33709fb5d3372c7e0685b6a767,0,1,1.05056631565094,1.05056631565094
da5bbea85af39c137a264ee0bd56ef50,0,5,4.650394916534424,4.650394916534424
da5e1279af2669d8b8abf40d450bd896,0,0,0.11992450803518295,0.11992450803518295
da62ef30d40ae1efac695a8a73a45b7e,0,4,3.86013126373291,3.86013126373291
da8a2cc5804ba27b9767059bb1a99e42,0,3,1.4736371040344238,1.4736371040344238
da8f1508f953b8a19ca027d8b81bee99,0,0,0.29613861441612244,0.29613861441612244
dac0955cb9071d9394bc235986a55af0,0,1,1.264491319656372,1.264491319656372
daf178053958c9d2e71a7c7bb9c3fbb7,0,0,1.284260630607605,1.284260630607605
db0e00329b9050f7f855d64a882265d3,0,4,0.7122743129730225,0.7122743129730225
db15d2309039edf8bebf4edb44ed4d47,0,1,2.05315899848938,2.05315899848938
db1d65d349a617c13f53307435d42113,0,2,2.429013967514038,2.429013967514038
db2ba90004c04e2de4213fa0c2614f82,0,3,3.19311785697937,3.19311785697937
db5b0d984c07017f0e8ba41d8ed55d11,0,0,0.37311920523643494,0.37311920523643494
db6d351561cec54486ab371f4faf3b40,0,1,2.1911728382110596,2.1911728382110596
dbad8f645978711294f000ea54f903d3,0,2,2.5825159549713135,2.5825159549713135
dbd2b5403eb56faf745ed021e1712890,0,4,3.4999167919158936,3.4999167919158936
dbf7cc49ae2e9831448c3ca54ad92708,0,1,2.320322275161743,2.320322275161743
dbfc9c44024301555f3cc9118f1f3628,0,2,0.32793042063713074,0.32793042063713074
dc10032bf598b0a3268074de4bb2d7b6,0,4,3.8455657958984375,3.8455657958984375
dc229a9490dc183a1b2ac09e66cbcaff,0,1,1.3487707376480103,1.3487707376480103
dc2d99579fbc26a3f92ed835cc944f6d,0,1,0.986322283744812,0.986322283744812
dc34ce090ee7aa4ffe226b4314810434,0,5,3.3669002056121826,3.3669002056121826
dc474e15a61e861a6a14f334e10a7934,0,0,-0.08704757690429688,-0.08704757690429688
dc6d94bacf5a0dd5e886d2c2444a742b,0,0,0.3513048589229584,0.3513048589229584
dcc06d1ff01037f11254e5d5cc3c77d2,0,4,3.1086862087249756,3.1086862087249756
dccae7781a918f447f55273efa464ff0,0,0,0.4703200161457062,0.4703200161457062
dd1db5cd5fad82faf3ae68a17696e31e,0,0,0.11701126396656036,0.11701126396656036
dd3ad530747e67888edb49ddc659536e,0,1,0.9217097759246826,0.9217097759246826
dd4a6b2c2370f47add9ec08e2f7e7458,0,0,0.5737612247467041,0.5737612247467041
dd4b7951eccf92f36cddfb02de6c2839,0,0,0.9087207913398743,0.9087207913398743
dd6ded8699cc4d3bf62c7e961b8a70ec,0,0,1.0969728231430054,1.0969728231430054
dd6e5d9f8560b0fa53b25d0ac43a7f62,0,1,1.2174371480941772,1.2174371480941772
dd780edac742469da23a84d4267163b3,0,0,0.3287506401538849,0.3287506401538849
dd918d3f330e54cd566615c46436495e,0,0,-0.04876090586185455,-0.04876090586185455
dd9df5c972f38a062d8861f5b4513959,0,4,1.6854480504989624,1.6854480504989624
ddc0548b91893ec459bac4504b9b10c6,0,2,0.7343442440032959,0.7343442440032959
dddcb2b194943868b940d25aa3ee6183,0,1,0.68733149766922,0.68733149766922
de16d4d453830a7b68b20e591f41bc6c,0,1,2.5523841381073,2.5523841381073
de1d4eda87f740dc0728868da31511a1,0,4,4.3821868896484375,4.3821868896484375
de25838fbbd4c64febcac5c2a7c094bc,0,1,2.164188861846924,2.164188861846924
ded8e9c00e08496a44415de2d959ec1a,0,3,3.552835702896118,3.552835702896118
dee5779947bf3e93291e7d4ca7e72ddf,0,4,3.6993567943573,3.6993567943573
df29712be2badfd7ae0ef37d30759042,0,4,4.133052349090576,4.133052349090576
df534809f2a9f7bdae92f507f3827816,0,2,0.5665131211280823,0.5665131211280823
df599862faf0cd78b880fa7f6644407e,0,5,1.6234500408172607,1.6234500408172607
df8bd94723b96652f71fbdde64fc8669,0,4,2.1968202590942383,2.1968202590942383
dfefdf0717c69330a75f3cd28abcfff5,0,0,-0.027843782678246498,-0.027843782678246498
e00a9e967dd9d4b5b23d92f7c791fbdd,0,2,0.5097576975822449,0.5097576975822449
e05f477f1d1693f8b4a5e629bb0745b2,0,5,5.407681941986084,5.407681941986084
e0818000c58746e9ac0994202db988d0,0,0,1.7729547023773193,1.7729547023773193
e08e093639ae659b84c6d2c95f542f0e,0,5,3.2114169597625732,3.2114169597625732
e0c370969267c34db431130a881e72f4,0,0,0.1856144815683365,0.1856144815683365
e0ca5e9b18d9d563d7b6a4fe3d919f89,0,0,-0.35501083731651306,-0.35501083731651306
e0f8b96960ada384a00e493545f783da,0,5,3.0364327430725098,3.0364327430725098
e16d8af9ff08e6af48ab539765fe0de7,0,1,0.7227632403373718,0.7227632403373718
e187fc91f755db1d0885f19a0b333523,0,1,0.7897229790687561,0.7897229790687561
e1b95e3bcc154cf1819ce08b778adbc0,0,3,4.57524299621582,4.57524299621582
e1f9d5200c94b8f4c5032cc4753136b2,0,2,1.2698338031768799,1.2698338031768799
e2168717e1a63f3fe37bf55749216247,0,2,0.9112138152122498,0.9112138152122498
e2726cffee3499287c6f87b561dd228d,0,5,4.559876918792725,4.559876918792725
e2786b098bbe9b279a9fbadfc7a0c877,0,1,0.3453722596168518,0.3453722596168518
e2d98ec7b49a8786775c4ad6e6662eee,0,5,5.083291530609131,5.083291530609131
e2ecc681ff1778f6fa897e95221deab8,0,1,0.15216459333896637,0.15216459333896637
e313036329612a13d9c252f591eaff6d,0,3,2.4973793029785156,2.4973793029785156
e3c973ccb8b37ad37da0acd96be64830,0,2,1.5397189855575562,1.5397189855575562
e3f0542a702cef736b649df9a3a98e8c,0,5,4.434532642364502,4.434532642364502
e42266419ea81e25ffbea2954c817ad5,0,5,3.732455015182495,3.732455015182495
e4229a7cea9d61ea5485091142e2fd3e,0,2,1.7603483200073242,1.7603483200073242
e4368e6ebbcd17b0fef1f385f33fd5e0,0,1,2.1370139122009277,2.1370139122009277
e43ca92b64685313429257eab0e43c9f,0,2,3.6222400665283203,3.6222400665283203
e45a21f6937bea7ae6954eafe0f4d386,0,1,0.43424925208091736,0.43424925208091736
e4fe4288bba2a29f9ad2eadbce43cf80,0,3,3.346306562423706,3.346306562423706
e52afd1585ee4930b0005e42118a6e42,0,1,0.5516961216926575,0.5516961216926575
e54cd5fbda18fa3c0bfb22a47ca2bb16,0,1,0.4103008806705475,0.4103008806705475
e55a0a59287bb3e3c51a6775a3ef30dc,0,5,4.4572014808654785,4.4572014808654785
e55c0c51b9ec0963d74029d2de84f85a,0,0,0.4660573899745941,0.4660573899745941
e562ef589d0784d8426c0209bc41de67,0,1,0.1321811079978943,0.1321811079978943
e66a6092ff332e6516c879a4986f8a8a,0,1,0.3660004436969757,0.3660004436969757
e6827b24810e6447a2c88eb4661390b4,0,2,1.8529961109161377,1.8529961109161377
e696a20c83939434527ea9a8b4d26d24,0,0,0.7395687699317932,0.7395687699317932
e6b75c006b7f74f2b4f2f8009b9aead8,0,1,1.2904913425445557,1.2904913425445557
e7043a7f067f15e7a833df1f0e9c7a7a,0,3,2.5511531829833984,2.5511531829833984
e70a78a696e2e294dc4ebaf48c449804,0,2,2.5552871227264404,2.5552871227264404
e726a8eac36c3d91c3c4f9edba8ba713,0,3,4.177338123321533,4.177338123321533
e73b08596d7a8aabfdddbddb4b8996eb,0,1,3.168488025665283,3.168488025665283
e77bb3d37a6a6c32e6669f761b9a601a,0,1,0.5226103663444519,0.5226103663444519
e77e4cdce388cea5f1d08bdc4d136edb,0,5,2.182408094406128,2.182408094406128
e79a05a95711261d27e009c51c53ba26,0,0,0.6381155848503113,0.6381155848503113
e7ae2d3b70141b5cd11808dcd1f84148,0,0,0.3913443386554718,0.3913443386554718
e7b8d4f1978aa78ee6d5ba378a12348f,0,0,0.2883318364620209,0.2883318364620209
e7c1f39c7be220aa89d07d03514c85df,0,2,2.042600393295288,2.042600393295288
e7f434dd3d607e019828f9c1f0a66144,0,5,3.809068441390991,3.809068441390991
e80386a9191e95c3547600d94dd3e3db,0,4,4.451793193817139,4.451793193817139
e8290f572f0e2d4e85248dc375ed3b94,0,0,0.6839470267295837,0.6839470267295837
e831ed42fe3417009705f6ac32c63e67,0,0,0.5893890261650085,0.5893890261650085
e84a9aadb35ccba696e45cc79779525e,0,5,3.2443199157714844,3.2443199157714844
e884656fcde94956590b64acd504a00d,0,4,0.8930225968360901,0.8930225968360901
e891d0d99672757464ee838a0794f424,0,5,2.5090129375457764,2.5090129375457764
e89fd05c02c2297653d93f9bdaa71961,0,1,0.31889238953590393,0.31889238953590393
e8a78f05190df3abb5642e5b0f7a5524,0,1,1.3394476175308228,1.3394476175308228
e8b5dc4dc51b355c689b8bed7d8cc7c1,0,5,4.970888614654541,4.970888614654541
e8f7e16be2dbae2d6ac3cc218d9adb7c,0,5,3.7991256713867188,3.7991256713867188
e936e9d9d5d3a8136ae9e5c4ae048cdc,0,1,2.579009532928467,2.579009532928467
e976c3cf104dcc86cee5a69421bb38b4,0,0,0.8128783106803894,0.8128783106803894
e97f116751795bc832eeefae3227ba0b,0,2,3.80957293510437,3.80957293510437
e9a5c52a32318ec532027258b3a84958,0,1,0.5132355093955994,0.5132355093955994
e9c30a0a07e89ca9ef91a04558d0318f,0,5,4.466054916381836,4.466054916381836
e9db6929c47c3ce5ea489a1187e7e669,0,2,1.9987515211105347,1.9987515211105347
e9e02b1633898ce8d73147ff8017776e,0,1,1.4050010442733765,1.4050010442733765
e9f33468a68c94621a437aee8674be96,0,5,4.226317882537842,4.226317882537842
ea035a96c752f59a4934a91068b318f2,0,1,0.662295937538147,0.662295937538147
ea0f498ce59e7ed24de3737c10ced4f2,0,1,0.7259505391120911,0.7259505391120911
ea295f8383b74ad29cf5ba2daea89f98,0,4,2.0190792083740234,2.0190792083740234
ea2f3faabd452477e8f792ca02925cd0,0,2,3.4909467697143555,3.4909467697143555
eaeb7f15cb0618d6091ef52e685ec284,0,5,4.884195327758789,4.884195327758789
eb15bfa8f37ebcbd3bf26ea07060f491,0,3,2.2265377044677734,2.2265377044677734
eb18e2e49ff4b26634ed4737a7d48b2a,0,4,2.703566074371338,2.703566074371338
eb28a92a005b15ae37fdd43f42b3edfc,0,5,1.9873931407928467,1.9873931407928467
eb88414bf869f5f93e3990b0d08c3bf3,0,0,0.5246535539627075,0.5246535539627075
eb88d9362516b7ff394e7c3b41d2931d,0,4,3.044328451156616,3.044328451156616
ebcc8512888bfadf6c90598a7e0b466b,0,4,1.626096248626709,1.626096248626709
ebd3d4bfc5d1e9ce090e342869cbdefe,0,5,3.9180667400360107,3.9180667400360107
ec31746a04ca87e961b4b9d4d6f6bd60,0,0,0.6737886667251587,0.6737886667251587
ec357f56de67acf8abceb244a2cdf49b,0,5,3.683570384979248,3.683570384979248
ec382d53fa1973de25c35af7af550aff,0,3,0.6597326397895813,0.6597326397895813
ec550454bd72896fbbab24e1146cc904,0,2,1.563694715499878,1.563694715499878
ec5c3e40db39e2e12c39b76f9d5e1ec2,0,5,3.742997646331787,3.742997646331787
ec98a1abb0df9d1de21534c1e40698ab,0,1,2.3661797046661377,2.3661797046661377
eca3e3fbd5646493a0c67b92d2fdd7ac,0,5,3.661766767501831,3.661766767501831
ecad7ce730fc63ac02df4a9da719fa1c,0,5,4.070618629455566,4.070618629455566
ecd4174fb7dfb4ccad0e382aec7692ad,0,3,0.9782534241676331,0.9782534241676331
ecebd05f42f575630c79ca2c759246c4,0,0,0.7263169884681702,0.7263169884681702
ed07f20bfb493e3a0731853a3af20103,0,1,1.5084481239318848,1.5084481239318848
ed2306e1735ee4b91480e74fd44e5a66,0,1,0.986074686050415,0.986074686050415
ed89f08bcd88ebc5ae47925d9660b1bb,0,1,0.9887312054634094,0.9887312054634094
ed9a9b74e2c08c506767af2471d9c1ca,0,0,0.06793354451656342,0.06793354451656342
edac2fa7eb6c5e893625800c4aeea7e3,0,0,0.3073098957538605,0.3073098957538605
edb9c2eec6fa3dbfb0f7443c4ffccb4a,0,2,1.5516784191131592,1.5516784191131592
edcf77f422b243fc13c1050ddfb264b7,0,0,0.5290781855583191,0.5290781855583191
ee0a0e6973db6eff6dbd31ad6dc2beec,0,5,2.207671642303467,2.207671642303467
ee1110b27defb401d09d65145d2c046c,0,5,3.384856939315796,3.384856939315796
ee182a14e532b122f40d561d87eb2136,0,0,0.16499489545822144,0.16499489545822144
ee4957f6544985b0d44ed126ae15500f,0,3,1.382171869277954,1.382171869277954
ee4ae1f43c02cb515484087ff4a5c300,0,1,2.2618958950042725,2.2618958950042725
ee5e98f996430e0ba9152fafb562596e,0,5,0.5525696277618408,0.5525696277618408
ee607b2abd1f6a721b4765ead3fe7aeb,0,1,3.1224024295806885,3.1224024295806885
ee7818bcdaf1b51212aa523778f68ee8,0,0,0.15573900938034058,0.15573900938034058
ee7db8ef1100e67d619ca5513dd55d2d,0,0,0.24236811697483063,0.24236811697483063
eee51ecfd7d7fe5b3f4c2ffe27fae0af,0,2,3.4369516372680664,3.4369516372680664
eefb2c8c791cf40c6a5ca8b131d475f4,0,0,0.0555291622877121,0.0555291622877121
ef3e70ea593ce6a058c14ee6037bcf80,0,5,1.108673095703125,1.108673095703125
ef65ea2c6fcec3156ffb0034135f8d55,0,3,0.2880055606365204,0.2880055606365204
ef7dabd0c4060d46ea36db75136bb57e,0,4,0.7441044449806213,0.7441044449806213
ef7e5ebd23757e3446d0bc4c47dc8e96,0,1,1.2734616994857788,1.2734616994857788
ef9c72d529806d9ba341476d4c159838,0,5,4.509871959686279,4.509871959686279
efadb69675bdbc972dc32aac8f0aed11,0,3,2.2038254737854004,2.2038254737854004
f01ad4a3950dc5bd67223d2ebeb8768c,0,0,0.09396971762180328,0.09396971762180328
f02badb2b1c69c914644ea89c3c5846f,0,5,5.168160438537598,5.168160438537598
f06771072117359ea7dd8012054a3e5b,0,3,1.9030272960662842,1.9030272960662842
f078e8a043122dd2b87426178bec0601,0,0,0.4117395281791687,0.4117395281791687
f09235b441d9c6e5c0164dcd37b0565a,0,4,0.9449214935302734,0.9449214935302734
f0b3a37f233c1a02dc1b7ecfc7dc61b8,0,1,2.61696457862854,2.61696457862854
f0c0e15dbcf050dddb8dd1d03fd07533,0,2,1.8797168731689453,1.8797168731689453
f0f6097376bf887f51d552bd033ae5d7,0,2,2.1766011714935303,2.1766011714935303
f11d6a6a4644cab41b87e6542be7e407,0,4,1.7886255979537964,1.7886255979537964
f12da90682826a7b149fc550722e14c4,0,3,1.7036256790161133,1.7036256790161133
f168fbab6acf64bca970a59aace54ba0,0,0,0.7032107710838318,0.7032107710838318
f1777b0a69cd93142a84756dd8f37c5c,0,0,0.7507261633872986,0.7507261633872986
f187290ba0d588d11f47467ec93ce202,0,5,3.7500436305999756,3.7500436305999756
f18c633e29a58f190d91ec485ef6138d,0,0,1.10612952709198,1.10612952709198
f19c7ece83101042b11178a9bedf68a8,0,1,0.41053786873817444,0.41053786873817444
f1b81dbf9bf629ed8919916bc5287786,0,4,1.6051796674728394,1.6051796674728394
f1f9aea9e0bb9845704f9871346811aa,0,0,3.5329744815826416,3.5329744815826416
f1fa1fcc9c86af57af89f7c5784e8a4c,0,0,0.2992960512638092,0.2992960512638092
f21b4874e7bf5b2061800096e9a080d7,0,2,4.714711666107178,4.714711666107178
f232c70ab2ac94bd8efc9c6dde740013,0,0,0.9261991381645203,0.9261991381645203
f28d60a3f5606122a0f412e1092c94a4,0,0,0.32493558526039124,0.32493558526039124
f29ba486c7737edeed823f93b9fe25fc,0,3,2.592181444168091,2.592181444168091
f2a05cf9e8b20fee5710fd7f32e95b8b,0,2,0.8288238048553467,0.8288238048553467
f2cdbdce3204d8c92da1db6034ff6a19,0,1,1.2227354049682617,1.2227354049682617
f2d3ffcb3aa600272d70fe13b62a56e9,0,4,4.072060585021973,4.072060585021973
f2e0a29fb9a4f366cf2cd9c3e535e852,0,5,4.809850692749023,4.809850692749023
f2f9aa01d545ac770dce5e61e6d756d4,0,4,4.643451690673828,4.643451690673828
f30cd94ed55475f5a660fed3cd4cda58,0,0,3.1293587684631348,3.1293587684631348
f31359d4b52d6111001bd6a27a216821,0,4,4.7892985343933105,4.7892985343933105
f317f98d0b35871e4363580090ed2e03,0,1,-0.0815071165561676,-0.0815071165561676
f31c2c896158865d4665f289e2a79a68,0,4,3.2873177528381348,3.2873177528381348
f32688fe7e4e02caeb04361b8e8d223c,0,0,0.42051687836647034,0.42051687836647034
f327a26eac60aff04d28d21df275b52e,0,1,0.3879691958427429,0.3879691958427429
f332a3076891e25ce5f028081614f5cc,0,0,0.5213280916213989,0.5213280916213989
f35124ad7e0c9d8537a8e57966c06445,0,0,0.36989471316337585,0.36989471316337585
f35466ac37a4bd2190e6aaf668f0dfbf,0,0,0.8418657779693604,0.8418657779693604
f36677a82700c606398b90d5c4719e75,0,4,2.2020537853240967,2.2020537853240967
f37aa1409648143ff45aa2ff7cd2f008,0,1,1.2041022777557373,1.2041022777557373
f39bf22d9a2f313425ee201932bac91a,0,4,3.9854514598846436,3.9854514598846436
f3b08a5e211d74b09025915fa906449a,0,0,-0.014206161722540855,-0.014206161722540855
f3e01d9db68f7eb5ab61db395fd6d18a,0,2,2.3814241886138916,2.3814241886138916
f3efb47e8aa4c9c9f2a4cf9cae2431a5,0,3,2.9639453887939453,2.9639453887939453
f462949a2cc511afbc4e842a44cbe83e,0,4,4.648141384124756,4.648141384124756
f47ce13f49f1d36c3c2fe6be7d6fae4f,0,5,4.145463466644287,4.145463466644287
f526a2ca5612d5913984a67edabaf991,0,0,0.2683064937591553,0.2683064937591553
f5453bb85ab33f0f99e56b296293737e,0,0,0.2640281021595001,0.2640281021595001
f5625710f6b895603f6c942dc6654861,0,5,4.399076461791992,4.399076461791992
f5675cb89a120e225ca8929b64a5af79,0,0,0.31167152523994446,0.31167152523994446
f56b848ef716237930644c45b7480b09,0,5,1.649296760559082,1.649296760559082
f56bfb09d7abb23b45fac3113fee9c9b,0,4,0.9338480830192566,0.9338480830192566
f56e89dc86b2573d9759aa38c8bd05e9,0,0,0.8566133379936218,0.8566133379936218
f58d3c50b2dce653f173900c37651dd7,0,0,0.4505763053894043,0.4505763053894043
f58f8cb8bd83644f21b052a526d69afe,0,5,0.21002645790576935,0.21002645790576935
f5a195a6fa01dc7a6d316948577d16b4,0,1,1.561610221862793,1.561610221862793
f5b849625162c608e13f0c04d24078d6,0,2,1.8156585693359375,1.8156585693359375
f66a4dd851970a5b52968a34a9165dda,0,4,2.087437391281128,2.087437391281128
f67a592b0bb22b35277c751dd0631ad1,0,0,0.7881802916526794,0.7881802916526794
f69847acf7a94039fa4d1fd3bd32ebac,0,4,0.9338849186897278,0.9338849186897278
f6a5026c3875a441ac93945bd4ba9c18,0,2,2.931102991104126,2.931102991104126
f6e5e4bc75b97fe233285449b0e1fb59,0,0,1.2186474800109863,1.2186474800109863
f6e7b15af318c5fdc1990ed6a8b117bb,0,3,3.5141961574554443,3.5141961574554443
f6ffc86aa0c22f0f0e6bb3b5c3dd79e9,0,0,1.2511297464370728,1.2511297464370728
f7090307815e24ae36ef9c66d063015b,0,1,1.9277737140655518,1.9277737140655518
f70ed8ca14b13611e197cf07aae8f5f1,0,3,3.6680476665496826,3.6680476665496826
f71083cb142d89ebfe5a940b6fc06163,0,0,0.3111421763896942,0.3111421763896942
f72312afae5c61af709e35b9bc6418a4,0,0,0.3774442672729492,0.3774442672729492
f745878fb0158e4a39cdebce31d6c4ba,0,4,3.868894338607788,3.868894338607788
f746e9703e48b20b6c64c1b9dce29d8a,0,0,0.38308092951774597,0.38308092951774597
f77965d26573294bdf67672718b3d4d0,0,0,0.39965006709098816,0.39965006709098816
f78401e94f476893dfc9f6be930ab7c6,0,4,1.2185109853744507,1.2185109853744507
f79a0cc2758c510b36de229416cdff9d,0,1,0.8339548707008362,0.8339548707008362
f7a72aee39b9551a4027fd7db0ef8d7e,0,2,1.2727360725402832,1.2727360725402832
f7b209b0f45746e231c10a80bcd7285e,0,0,0.5240278244018555,0.5240278244018555
f7d0df1726b8d909d107938d114294e1,0,1,0.9808382391929626,0.9808382391929626
f800a3979b283e4b697fa2aade0c1947,0,2,1.9393999576568604,1.9393999576568604
f80e5b2afa3ebf635c446fa08a3d7a45,0,2,2.3315212726593018,2.3315212726593018
f80f2d5a9a6f70990132b53d65c796c4,0,2,0.5867735147476196,0.5867735147476196
f81f26aac99df0845173c6f8e21ab71e,0,4,2.5976788997650146,2.5976788997650146
f85334e801a490f557571e1ee2ec7a5a,0,5,4.712984085083008,4.712984085083008
f88e932503d0e42467edb710bb8b9c46,0,0,0.022932790219783783,0.022932790219783783
f8904c574ab1559e37f7399803b09dfd,0,4,2.7022149562835693,2.7022149562835693
f8cf5c37b0ff4f0077ac57241fd2509d,0,1,1.4692747592926025,1.4692747592926025
f8ddeae52360946c80eb4238e01415e1,0,2,1.242125153541565,1.242125153541565
f8fed3a0a18e9073248eaa126fd0a208,0,2,1.7719848155975342,1.7719848155975342
f90b38ef792d1763de8a25d33fdff1cc,0,1,1.4422038793563843,1.4422038793563843
f919ae65f2a3963ffab277696ddad291,0,2,0.3101005256175995,0.3101005256175995
f9285fe284ce30f4d249635062db619a,0,5,4.92140531539917,4.92140531539917
f96885e98ce7050f21a86bb312f90c89,0,5,4.245772361755371,4.245772361755371
f999e08da2e822cceea24d7201eec2bc,0,1,2.0850231647491455,2.0850231647491455
f9a89f44ec2f2cd9f7be47a65be951d7,0,3,1.665280818939209,1.665280818939209
f9b49a2c80d1afe1cba92a169a087b41,0,2,1.3272743225097656,1.3272743225097656
f9c0aa4cd5ad8ff43fcd67fd626964b0,0,4,4.018416881561279,4.018416881561279
f9c648dbc50dc200e49e7859ca7ea949,0,4,3.7827439308166504,3.7827439308166504
f9c7b2b9eb0d45b466f2cf28d78f88fb,0,1,0.354795902967453,0.354795902967453
f9caed448e138e702ee5a2c906a671fc,0,0,0.6192707419395447,0.6192707419395447
fa076b1f64d37f778abe57e454a83b75,0,0,0.5178478956222534,0.5178478956222534
fa5a65d858a5cc0466e8c5a06b735499,0,1,2.0803191661834717,2.0803191661834717
fa724c9d2493e8d587dad738b92f21a5,0,2,1.1605067253112793,1.1605067253112793
fa8bd8ed36122387823f6b268e6ecb83,0,1,0.2730382978916168,0.2730382978916168
faa8152ba98c87d018ea66bb75d381b3,0,1,0.5786508917808533,0.5786508917808533
fab7172275db33a4e186e6deeb435a7b,0,5,2.333646535873413,2.333646535873413
fac926289d51ddb79e2739d2b075d627,0,2,0.23904696106910706,0.23904696106910706
faddad3fc69d1d260189385b8139f91d,0,1,0.6343987584114075,0.6343987584114075
fb44c0094a19b950da9d6e54c6cc7748,0,4,0.9021151065826416,0.9021151065826416
fb5b6a4415b08f8e7e16acc50e14cf0d,0,1,0.31897908449172974,0.31897908449172974
fbb8090f001cfe840cbe84d42e70bab8,0,0,0.8870431184768677,0.8870431184768677
fbed3981222546871069cdc71f07c996,0,1,2.718984365463257,2.718984365463257
fc6e8f4a24257f619a44c3e1a9eacb6f,0,1,0.6840690970420837,0.6840690970420837
fc7ed93be0f56dad8a6e9d2951ac1d01,0,1,0.9540690183639526,0.9540690183639526
fc841358b1ae7c119b6224d0076046f4,0,1,0.7521288394927979,0.7521288394927979
fc8bbe93363ee983d99c949f41ea180f,0,5,1.6498908996582031,1.6498908996582031
fc99a109bcf480c5db49ebb368ab8eef,0,0,0.21471504867076874,0.21471504867076874
fca1f600d0d453a15d9251eb505523fc,0,0,0.1799028366804123,0.1799028366804123
fca2d821dcae271ea5e5851df2f41538,0,3,2.181957960128784,2.181957960128784
fcc021adb67098501a473a959211093c,0,2,1.9027687311172485,1.9027687311172485
fcc6696218319355da02c834a9389d55,0,5,4.263546466827393,4.263546466827393
fce06ebb6c102f4f526a09e8273bded9,0,0,1.5349147319793701,1.5349147319793701
fcf3f8be11a2d67438b6fd39ce1015a5,0,1,1.055558681488037,1.055558681488037
fd03054e356d9e95da6ebba5d9c7fb07,0,0,4.182971000671387,4.182971000671387
fd1deb6f87696b6372ea9c9b109b4ccf,0,0,0.34696289896965027,0.34696289896965027
fd8e22703f13041daec8ee1e560392a9,0,2,0.794988214969635,0.794988214969635
fdb537d9a1961539dbea34f86d115a06,0,5,4.126345157623291,4.126345157623291
fdd274c74c4e52e77e9b0b19e071d1a3,0,1,1.3525326251983643,1.3525326251983643
fe1d0b156ddba991585791769dc9ede9,0,0,0.09315136820077896,0.09315136820077896
fe1f503420d2d5c4a723ef6c2e7efb1d,0,2,1.986447811126709,1.986447811126709
fe5d75959ab6290565b739951f2b8e1b,0,1,1.22660231590271,1.22660231590271
fe69363581685271a5706044447373a6,0,1,1.4823323488235474,1.4823323488235474
fe7dac11b3c6b6f26332b086b5c0e12d,0,5,3.3479597568511963,3.3479597568511963
fe8e6d622955498e6d221940363f57b4,0,0,0.1018063873052597,0.1018063873052597
fed060df1eed19b5c4b62ccc071ba1e6,0,1,1.1493078470230103,1.1493078470230103
fef115f8828a75c61be247aa32336a9f,0,0,0.5482966303825378,0.5482966303825378
fefe14a66d64bff9fa7d05ae8651adb7,0,5,3.8413047790527344,3.8413047790527344
ff0f8705f77b14b2a84b498933adf18a,0,0,0.9568732380867004,0.9568732380867004
ff228af5af1389e09e293692ea479d98,0,4,3.0860068798065186,3.0860068798065186
ff328f9aacb5c8844fb3907c5da69c77,0,0,0.36817672848701477,0.36817672848701477
ff41de2d80bba4b7caf3e0694922601d,0,1,1.0211838483810425,1.0211838483810425
ff80dfefc41b8863b476c5840f88fec0,0,5,4.198556423187256,4.198556423187256
ff9dd750be215c8ba38b5195de612253,0,5,3.6965291500091553,3.6965291500091553
ffe06afd66a93258f8fabdef6044e181,0,0,1.0693458318710327,1.0693458318710327
001d865e65ef5d2579c190a0e0350d8f,1,0,0.32197070121765137,0.32197070121765137
00412139e6b04d1e1cee8421f38f6e90,1,0,0.5684297680854797,0.5684297680854797
004391d48d58b18156f811087cd38abf,1,1,1.489785075187683,1.489785075187683
0068d4c7529e34fd4c9da863ce01a161,1,3,1.0311506986618042,1.0311506986618042
0076bcb66e46fb485f5ba432b9a1fe8a,1,3,3.4595437049865723,3.4595437049865723
008308f099f0c565fbc024ece6b8b08c,1,1,1.1048535108566284,1.1048535108566284
00bbc1482301d16de3ff63238cfd0b34,1,2,0.4280417859554291,0.4280417859554291
00c46b336b5b06423fcdec1b4d5bee06,1,1,1.734803318977356,1.734803318977356
00ee879798782aca1248baa9132d7307,1,1,1.07888925075531,1.07888925075531
010dea54bfd0a4a1eb1c0719949bb4a4,1,5,4.643870830535889,4.643870830535889
011d38d07a0d228d2d3f8433ff483738,1,1,0.3208061456680298,0.3208061456680298
012f41e5276e881af134c1ae218455cf,1,1,2.4058544635772705,2.4058544635772705
01699a34381500901408ba3258f5c61a,1,0,0.3439759910106659,0.3439759910106659
0176ea71c553c3988d886d319b9864ca,1,1,0.6141464710235596,0.6141464710235596
019c1b40e6ec7410e8356c5d8d487954,1,0,0.3469921052455902,0.3469921052455902
01afe81220f729cf1c5b4d99f3abe559,1,4,3.3061673641204834,3.3061673641204834
01b3d1fe5b0bd538d1e9824fe7d2d24d,1,2,3.0057437419891357,3.0057437419891357
01c3fb23ddaec7c51e1c0b52450bb472,1,0,0.18376275897026062,0.18376275897026062
01c977c97e2f5543e65e559d98dec93c,1,3,0.48919570446014404,0.48919570446014404
01dfcde514052a6dc35ea4407f41d6e1,1,4,0.3921833336353302,0.3921833336353302
01e5bb47fb34f075f87cbfbc8d630124,1,3,4.097937107086182,4.097937107086182
0200fa88e8c01546663b9db1726936ac,1,0,0.5897661447525024,0.5897661447525024
0227774a4bea07846d24ddb033767d1a,1,1,2.0071980953216553,2.0071980953216553
02805e3e20ef629ffeeee1e68cf24ab0,1,4,3.1003289222717285,3.1003289222717285
0280f8b612771801229e2dde52371141,1,1,1.6730302572250366,1.6730302572250366
02a2dcd6ad8bc1d9ad7fdc04ffb6dff3,1,5,4.056249618530273,4.056249618530273
02a7b258e875cf073e2421d67ff824cd,1,3,3.413343667984009,3.413343667984009
02ed1bc414852efe74deb5a44bb86336,1,1,2.132622003555298,2.132622003555298
030d8b5c2f9562c574872ab99875aeca,1,1,1.358402967453003,1.358402967453003
034add55dd7134b7b5893d787eb5a32c,1,3,2.315721035003662,2.315721035003662
0355ee153bd16cfb69018d1ff000c419,1,3,4.365649700164795,4.365649700164795
03692c5859b1eb7af0f4292e10586205,1,2,0.2922346293926239,0.2922346293926239
037504061b9fba71ef6e24c48c6df44d,1,0,0.6025669574737549,0.6025669574737549
03a9c795eb81e64e11d95584e3eb76c8,1,4,1.1259257793426514,1.1259257793426514
03c518ce7998b55e5b33d3cf76391fe0,1,1,1.7969441413879395,1.7969441413879395
03cbca92332795356adbdf4dd0c15578,1,2,1.978624939918518,1.978624939918518
03e321735fcdc09782e006f9fca23075,1,0,1.1172568798065186,1.1172568798065186
0452381085998676ae1e3c877df5bd4d,1,0,0.24251581728458405,0.24251581728458405
045abbf620e79d285e7d9d0cbf39ec8c,1,3,0.6127589344978333,0.6127589344978333
0470680842880ac7493bbf5e7cfbc26b,1,0,0.2240428924560547,0.2240428924560547
047dfcfa9deb50e3ca572a902707442f,1,1,0.8678155541419983,0.8678155541419983
04cbadfe2c866c2ff16f04b54ea26c33,1,5,5.087671756744385,5.087671756744385
04e1a953bceb9b1a0a5bf8840614aa04,1,4,3.1796371936798096,3.1796371936798096
04f28a8f394396872b7a9ede5041a80c,1,4,0.6333865523338318,0.6333865523338318
04fb016f937abee73415638884ec0367,1,2,0.8271353244781494,0.8271353244781494
051a2228aadbb0d44e61f8507114a4c0,1,4,3.889578342437744,3.889578342437744
0532c61a5b3b8223b42bc62b6fac4a48,1,0,0.24207720160484314,0.24207720160484314
056806d7a40db6e21868f74a6f4fccc2,1,0,0.17914900183677673,0.17914900183677673
063528c18968c03f23e0c299bbba17e4,1,3,3.823227882385254,3.823227882385254
065762b2ae186afcf91bbedc81142ef4,1,0,0.3418714702129364,0.3418714702129364
06636cdd43041e78141f2f5069fa62d5,1,4,4.506912708282471,4.506912708282471
066f41ab89acaec2ceb40a01b66cd48b,1,2,1.1264190673828125,1.1264190673828125
06a6be84f9a7b7669f27956175566d90,1,0,0.9113626480102539,0.9113626480102539
06cab87cd7a132bd8eaa30aa1ea42434,1,2,1.9156869649887085,1.9156869649887085
06fc0c8a36a83d5150fca83d5bbb2612,1,5,4.041617393493652,4.041617393493652
070f9f27db2db32b456cfc595f29c03a,1,1,2.0312695503234863,2.0312695503234863
0716c93c57221da6de731b0df342a641,1,0,0.3064492642879486,0.3064492642879486
072c26f55ed2317ff8d27d8500483121,1,2,1.181396722793579,1.181396722793579
074c3e01525681a275a42282cd21cbde,1,1,1.8565291166305542,1.8565291166305542
0789100b2b992fa6f2f281a65fa06db1,1,1,2.496943712234497,2.496943712234497
07c52f877d1c531c1da6ea32b3c6bff5,1,1,0.9439243078231812,0.9439243078231812
07d138144a7db2828e4e4efb8e144561,1,0,0.2782028019428253,0.2782028019428253
07e81d2eee07982de62cd5b303d19872,1,0,0.36231550574302673,0.36231550574302673
0838c82917cd9af681df249264d2769c,1,1,1.630405306816101,1.630405306816101
083bbffb698cdc7ab5402052b5b3dfce,1,2,3.1396400928497314,3.1396400928497314
0841bb278823ec53920d723881c7afd9,1,1,1.299399971961975,1.299399971961975
084240df70f5d10ade5f913e7ec86637,1,1,0.7482207417488098,0.7482207417488098
08459aaedfda0679aab403ababbd6ece,1,5,5.0611443519592285,5.0611443519592285
085b0ae5b6a84676463c3d3faf7d1910,1,4,3.3937275409698486,3.3937275409698486
0896c0e0ee1979a0075927acb663f2a4,1,0,0.3027057647705078,0.3027057647705078
08a3bce609b63cb12dbd833319fb177e,1,0,0.16319936513900757,0.16319936513900757
08e77f0dd5d4895c3133efe1056159ad,1,1,0.4019640386104584,0.4019640386104584
0905d7115955cdd6f438a64bf5061902,1,3,1.4202361106872559,1.4202361106872559
091b756470ae8748ad9384fb9eb73574,1,3,2.104387044906616,2.104387044906616
091e4c8eda34e392cbecfc81d7aeb6c7,1,4,3.0879037380218506,3.0879037380218506
09271f0045c19ac6179771054455b2ce,1,0,-0.012321783229708672,-0.012321783229708672
095965e73cfc1094f7bb310d5a6b2e33,1,5,3.1492464542388916,3.1492464542388916
095d32f7716c9ff9892a7696d2325ea1,1,1,0.5473603010177612,0.5473603010177612
0964b1a9a2d9012b729e1ae1a4808d79,1,1,0.2899053394794464,0.2899053394794464
098f7f7024f5c0de68e771c7273fc273,1,5,0.1329284906387329,0.1329284906387329
09a6f9c1f4102521c8bd55871eb857f6,1,0,0.8309666514396667,0.8309666514396667
09a9f7497e6ba14eb0a12388ca17540d,1,3,3.7454211711883545,3.7454211711883545
09c591c160a3a43be8e03dfcab80b4c0,1,0,0.14699330925941467,0.14699330925941467
09e09dacf849bfa8770a2ff9fb9228a5,1,2,0.3358934223651886,0.3358934223651886
09f734438a9b2f3cf78c72eef5c45b30,1,3,3.8115246295928955,3.8115246295928955
0a8b2cefacdad96c6005799832055629,1,1,2.4262962341308594,2.4262962341308594
0ab626bb7e1eb8c7b1eb6ac3fb129349,1,0,0.7441246509552002,0.7441246509552002
0af9dc7262948b51596d3305675e4a37,1,0,0.3231068551540375,0.3231068551540375
0b4fba162fc179a4cf63cc986f72ac4c,1,5,4.330581188201904,4.330581188201904
0b517956117177d8efec1a7efe60a985,1,2,1.9985032081604004,1.9985032081604004
0b60ac39ce977146c4bd7978d62bedeb,1,5,1.8789976835250854,1.8789976835250854
0b6d642c9b160678dcfff095c21ce09f,1,0,0.35471829771995544,0.35471829771995544
0b7e106ad1484a6e887b55b18834b740,1,1,0.37021157145500183,0.37021157145500183
0b90de9a5e884982c165c6f2a46c5762,1,2,2.880737543106079,2.880737543106079
0bb772b06c9e3cd1914e31b509556ebf,1,4,4.489706516265869,4.489706516265869
0bdbe5375568e1df2ac1f3aa984081e4,1,1,1.3581057786941528,1.3581057786941528
0c26185c4a50226bc489999b62860aab,1,3,2.4833314418792725,2.4833314418792725
0c523039461629c0b6ea77d88d412e6c,1,5,2.7743184566497803,2.7743184566497803
0c563af5c4dbd5855a884441d57c8656,1,5,4.355262279510498,4.355262279510498
0c77493e455bd2380f899c278052fb16,1,5,3.196709394454956,3.196709394454956
0c86d570723c4f38b59a5e9678887eac,1,0,0.4458131492137909,0.4458131492137909
0c884ecf6571905365546a078c02133b,1,3,3.205608367919922,3.205608367919922
0ca1096422c8a8ef79428a6d8b2d2268,1,2,3.4412553310394287,3.4412553310394287
0cb2ce337d1a2073f68553d15eacb3a8,1,4,3.888061046600342,3.888061046600342
0cbfd6b7a0e0e936db19b032096621ad,1,4,3.7666990756988525,3.7666990756988525
0cca0b4c31ebd9672ea216b2c6603408,1,3,2.4681742191314697,2.4681742191314697
0d19c87a2ac19e41556441cdfafd7234,1,0,0.41080978512763977,0.41080978512763977
0d2a6f5c754e82c42ed5f8117d13fa52,1,2,2.9482200145721436,2.9482200145721436
0d9ebaacb0ccda0312b5fca401e699c1,1,2,1.586582064628601,1.586582064628601
0da878110769739fb9439908862be9ba,1,2,0.28061720728874207,0.28061720728874207
0db426156d588a5bb0b6036ac0465be0,1,0,1.4677551984786987,1.4677551984786987
0dfaba8f37fac34150fb70ca8e425141,1,1,0.667285144329071,0.667285144329071
0dfd3861c03378ff72a1d6607ea72829,1,4,2.206662893295288,2.206662893295288
0e46418f938971abebfda741d6840e9b,1,5,4.97247314453125,4.97247314453125
0e492e8df48427de3324676b8df25fd0,1,3,3.495979070663452,3.495979070663452
0e8b496c4be0464a4808bbbe846334a9,1,1,0.8619093894958496,0.8619093894958496
0e96f3cc7cdc244d53d817842d78b703,1,4,3.742637872695923,3.742637872695923
0eb6bb946906a834fb91bfd5fc0f720d,1,0,0.157201886177063,0.157201886177063
0ec18b204bb91f36ae7367016df623ec,1,4,4.1421427726745605,4.1421427726745605
0f0cb9aefe4adc765a1d91318d075c4b,1,2,0.8066987991333008,0.8066987991333008
0f1ea91c9f917bb3d198f02fd432e4ce,1,0,3.504335403442383,3.504335403442383
0f5c1fd0f3e0662cadc45432a81d99ab,1,4,3.153082847595215,3.153082847595215
0f7e1771e31bc1e8fb2014f9aa23cf98,1,0,0.502861499786377,0.502861499786377
0f84142b14d262cf937566629ea76c67,1,1,1.5788218975067139,1.5788218975067139
0f914d1f044c187e6a5be7e996d877a9,1,1,0.11604510992765427,0.11604510992765427
0f958c8bbbc828b2e043e49ea39e16e2,1,4,2.7507987022399902,2.7507987022399902
0fa091b9d04aea7cb4bb047d75939204,1,1,1.5465329885482788,1.5465329885482788
0fb9b3a05b5cdf37f6c20513c4075d3c,1,0,0.4069884121417999,0.4069884121417999
0fbd680b68f4245a539b628563484f28,1,4,2.363447427749634,2.363447427749634
0fc7609bce8a244da2acfb417c80db7d,1,1,0.8559285402297974,0.8559285402297974
0fdc638497683fff29f753e08a347200,1,0,0.329352468252182,0.329352468252182
0febce723014e9ed2afe3bf5325775cc,1,0,1.3168455362319946,1.3168455362319946
10218e6dc6a4fb9af7879333c11af510,1,2,1.7888593673706055,1.7888593673706055
103b9b34a5c6a68bccd320b924513711,1,0,0.29202762246131897,0.29202762246131897
105639feabdeb9be2a7a1b1db7ea7625,1,1,1.1121068000793457,1.1121068000793457
1065338563d9c597516c2aa684329554,1,4,2.0970733165740967,2.0970733165740967
106bc932dfebc6ffb887fe799f01caab,1,1,0.7506908774375916,0.7506908774375916
10cc280acc57c3653201a07bc07ba6a9,1,4,2.311785936355591,2.311785936355591
10d6b8614b2c6daa7335f6de0492b049,1,5,3.5720150470733643,3.5720150470733643
10dc2544e17f8446dda51f9a9b05181c,1,2,3.62363600730896,3.62363600730896
1131645a3637519663bd25b10778f048,1,1,0.717479944229126,0.717479944229126
115bd4dfe4bfd01f17f11c13eb61a77c,1,2,2.602076768875122,2.602076768875122
117e082dcd41f3e3244100693ceef2b8,1,0,0.41193118691444397,0.41193118691444397
119d1c736e13f731478d2437a4c25c02,1,1,0.6910625696182251,0.6910625696182251
11a3ed5470a0ed68fbf58c562f9683d9,1,0,2.726716995239258,2.726716995239258
11a715facad7b619e3213ce126be1c77,1,4,3.3698232173919678,3.3698232173919678
12093daa08f6c758c689b8ba4dec2a93,1,3,3.4858388900756836,3.4858388900756836
120f3222f28aea27936ebacdfc0af3b6,1,0,-0.10364630073308945,-0.10364630073308945
1247e37756a0359a031295879d1d4fa4,1,1,1.0447056293487549,1.0447056293487549
124a0616099409f5b9aaedfd3ac3ab6d,1,1,3.2804057598114014,3.2804057598114014
124c10bdb11d578dbff37e79de0a7ca2,1,0,0.4600084125995636,0.4600084125995636
125ed8b10ae6c064811a76636e949515,1,4,3.6768264770507812,3.6768264770507812
134d69e06d397dc06ed6794b737c63fd,1,5,3.11881685256958,3.11881685256958
139aa5db6376a70044c4c6dd6f4a6666,1,0,0.4287334084510803,0.4287334084510803
13aba34105b637fcf77e4efdc4ccaef4,1,4,3.708529233932495,3.708529233932495
13e4be70b22c03bb8e39b3804e6a9099,1,1,0.45108622312545776,0.45108622312545776
13f6953762b4d8fd146b19d2b7514832,1,0,0.5980721116065979,0.5980721116065979
140543a4d39b1a3ed0fce740ba2feb3d,1,0,0.321412056684494,0.321412056684494
14411930ca92c73dac58d94db37e7581,1,0,0.3050406575202942,0.3050406575202942
1459943bf3862e70c71fe36be825aeaf,1,0,0.3182249367237091,0.3182249367237091
145ae6f948b36cb450a7eeb9cbac4cfa,1,5,3.9016456604003906,3.9016456604003906
149013f5cddc13244ac55531bf74f8f7,1,4,1.7057162523269653,1.7057162523269653
1496bd10b5eb474af7b764aed67309ba,1,5,4.05535364151001,4.05535364151001
149fd3c5d3ede543589633ea0e711c24,1,1,0.3868589401245117,0.3868589401245117
14ce3c173f87224952e91d6fbfeebeba,1,4,3.3846933841705322,3.3846933841705322
14cfeff25aa96b156a952fae9669162c,1,3,4.602695465087891,4.602695465087891
14d85920aa1445d33deaa0d5ff443fd5,1,4,3.846628427505493,3.846628427505493
150fa2f94a0066c9e5d2a604f90a5b82,1,1,0.4095725119113922,0.4095725119113922
1563523865810e5763f7f1dd1a30da85,1,5,4.4221577644348145,4.4221577644348145
1570eb633e568a39a3da4477f9620c5d,1,0,0.316316157579422,0.316316157579422
15a3396c7f121c19977fb8cf543da766,1,4,2.6080780029296875,2.6080780029296875
15b76986fa6a5826ed39c184aea31e4f,1,1,0.5458828806877136,0.5458828806877136
15b9c9c16952a563a85bc7a9c91e323f,1,2,0.2748887240886688,0.2748887240886688
15d988a363c6d81572a8ed9ccc3f46f6,1,5,4.46279764175415,4.46279764175415
16245569965bf8a154f6bd2defc8df7e,1,1,2.7768402099609375,2.7768402099609375
163fabe883fcd17de4f899ca8ede45a8,1,3,4.2198004722595215,4.2198004722595215
166631bd73e53e8ebb1ab844dcd6d3dd,1,1,3.1636569499969482,3.1636569499969482
16a9e8227156e2d8598cd22e633610be,1,1,2.0582938194274902,2.0582938194274902
16c54daa33d67cc8de9b995611fca90e,1,2,0.3330956995487213,0.3330956995487213
16cc34b16c0b30e43e8c33f572440ae6,1,2,4.192617893218994,4.192617893218994
170c91c206648c545cfe69c718c059f2,1,0,3.203063488006592,3.203063488006592
17186646a2ce2b1697b6d3cc8d32344b,1,3,1.4707564115524292,1.4707564115524292
17234e71a8ef40303017a71da8988a9e,1,5,3.900794744491577,3.900794744491577
172d4c7386d55a10b4ab726280279cd6,1,4,3.422731637954712,3.422731637954712
17364682bc0141eab397828f49642a60,1,0,0.2793985605239868,0.2793985605239868
173b49fe81aff971168dc5d7ef4124d8,1,2,1.3272842168807983,1.3272842168807983
175dca62ef815a4e6d053c230fddec9e,1,0,0.5540965795516968,0.5540965795516968
1760aef18a699d58272ee68c01df619c,1,1,0.5255605578422546,0.5255605578422546
17ce197283f339f4ab406de74d03f6b2,1,4,2.4852263927459717,2.4852263927459717
17cedc9620be373816ca026a94e0d6c3,1,1,0.37831422686576843,0.37831422686576843
17ed38674f65ff958bef435280acd1dd,1,5,3.703772783279419,3.703772783279419
18157fa5a744739d34a3c498e4aa8dab,1,5,4.852443218231201,4.852443218231201
1879de2690c241fab002235b2d6e0d6a,1,3,1.0093051195144653,1.0093051195144653
1896b63650679d190184e973cb3f2be6,1,2,2.9098470211029053,2.9098470211029053
189d912db86a01560ba6bd090e06034a,1,0,0.29812440276145935,0.29812440276145935
18eb49f9b5f5b45b3a93717ec10bfd7e,1,3,4.4497270584106445,4.4497270584106445
194bdb6540c1d8b3e65bbc1f7cb506ca,1,0,0.7064560651779175,0.7064560651779175
1955abe61aaf0edc0a62aed6d25f00e5,1,4,3.0335347652435303,3.0335347652435303
1987d293a6345a3fdfd2accf524bc2d1,1,1,1.221036672592163,1.221036672592163
198fa06f052feedc1684e42829c137fc,1,1,0.8820480704307556,0.8820480704307556
199cac82a1dd58d80c3f29213f2de1cc,1,0,0.6543353796005249,0.6543353796005249
19f3f3265bd80f1ee68cff968541639a,1,0,0.6762576103210449,0.6762576103210449
1a09038fa60de37d48cdec28144cf98e,1,4,3.7143454551696777,3.7143454551696777
1a1dd1f3590e710d0613a768a5c928c7,1,0,1.4241982698440552,1.4241982698440552
1a1e0aae09fdf97a2e4554cf6146c6d7,1,4,1.6514970064163208,1.6514970064163208
1a54fe096ab9492e54984e3e4b3a02d8,1,1,0.6815676689147949,0.6815676689147949
1a9fa82127c61ef9c0babf2de4173be8,1,0,0.24983565509319305,0.24983565509319305
1aa9e4bf5ddf5317e7ff4366a56a8fb6,1,0,0.49440303444862366,0.49440303444862366
1abf1e5a8a5aef4100c97ffd8ea09ce4,1,1,0.6672778725624084,0.6672778725624084
1ad564271dc93cc93f29cd271bad5937,1,0,0.24273261427879333,0.24273261427879333
1ad725c53a59666f85d84dbea616000f,1,0,0.1650976836681366,0.1650976836681366
1b0ad4aabcc4be89e9134534ac554a19,1,0,0.1957087516784668,0.1957087516784668
1b56aa5e47dd082eec700054ff320db9,1,0,1.463012933731079,1.463012933731079
1b75a56162b47135cd93def864901042,1,1,0.5504128336906433,0.5504128336906433
1b95a0c32503e4549326e820a57127fd,1,5,4.92746114730835,4.92746114730835
1bad13504eda64538804494754164afd,1,2,1.804832935333252,1.804832935333252
1bd161a24fc63eed0e1bc3742e0dc7fd,1,1,1.2055649757385254,1.2055649757385254
1bd7ebd175fec439e449bb17786dd824,1,1,0.6497069597244263,0.6497069597244263
1bf018aea8d9b1546d3d3461b37d215e,1,1,1.381845474243164,1.381845474243164
1c0305b42ca0c55668c8144e27dc8ba5,1,0,0.26812219619750977,0.26812219619750977
1c6073151697059354f3b8b03d9c4c8e,1,5,3.4567391872406006,3.4567391872406006
1c8a65cafba1a82092bf5ff231205f71,1,3,2.7495405673980713,2.7495405673980713
1ca7e07743aef6606933cb060829f2f4,1,1,0.968144416809082,0.968144416809082
1cb70e0b07ae87537d5bc98d2555d7a5,1,5,4.266354084014893,4.266354084014893
1ce690a5968d81df0b732a157625c112,1,1,0.730426549911499,0.730426549911499
1cf5843c2a55f70a2e93c6107424b545,1,1,0.5002220869064331,0.5002220869064331
1d171970c0d07daab553e087d01de308,1,0,0.8289486765861511,0.8289486765861511
1d423b8701a1b47e4076ed303562ac9b,1,0,0.516891360282898,0.516891360282898
1d435035f56a641e0fa2c9eea34bd8f2,1,0,0.6871547698974609,0.6871547698974609
1d4fe16db48e399d3967a6c07f4cf8b1,1,3,3.1742522716522217,3.1742522716522217
1d735506b1d8339520792d6e8ccb2194,1,5,4.665160179138184,4.665160179138184
1d7f8f1abfefa25cfae8cc2ede5d847b,1,2,2.877096652984619,2.877096652984619
1da207ca934ce44dc9b3dd8809d0b834,1,4,1.4943567514419556,1.4943567514419556
1da6dabc916a5258e4bf7b9eb425cbda,1,3,2.7797152996063232,2.7797152996063232
1de948cc0f1296a7351a00312f501f62,1,1,0.5033141374588013,0.5033141374588013
1df32b02eaa3cfad5d8c51a3e289cfc1,1,1,1.05913507938385,1.05913507938385
1e01dfede475c7b0f80e89d31bb99f1d,1,1,0.8391470909118652,0.8391470909118652
1e4bf9d3f2d777304abbb673980d287f,1,1,0.46927472949028015,0.46927472949028015
1e751c3e6fd07ca73ff1eb2814c5335d,1,0,0.22627058625221252,0.22627058625221252
1e99519dbc2e6b48bebaca59c0a1536d,1,1,0.7763013243675232,0.7763013243675232
1ec4cf5fe065308a0fc66057b6043020,1,2,3.153272867202759,3.153272867202759
1ec8e0f0d006e23ad9ab3686bc6a61e5,1,1,1.5465093851089478,1.5465093851089478
1f1440204eba45ff4f999795c7d52040,1,0,0.4859621822834015,0.4859621822834015
1f43e244b01c44b24a7086ed2dee7bff,1,5,4.150158405303955,4.150158405303955
1f60da87c3550bcd5f66be5f76416113,1,1,0.25385403633117676,0.25385403633117676
1fa229ec96b3e350801aae58f0628023,1,0,0.3635335862636566,0.3635335862636566
1fc07c65ff0dc92429f8f5990785cec7,1,1,0.45238372683525085,0.45238372683525085
20295d0f4917e297c4827296397fbec1,1,4,3.7063076496124268,3.7063076496124268
20a13fefec6f1487c80bb0c89c1505a1,1,1,1.186303973197937,1.186303973197937
20a8699c8e439631be7e4bcf6242598d,1,1,1.26833975315094,1.26833975315094
20be7c34058e2f24ef3bb0cda3c376d5,1,1,0.327493280172348,0.327493280172348
2102cdaee1284c7da24effe67551ee87,1,2,3.3309435844421387,3.3309435844421387
210411ec362d79a5e34b8b0fdbd60745,1,3,3.3734519481658936,3.3734519481658936
2130725064d39284b1bdcb57aa584dcf,1,2,1.056991696357727,1.056991696357727
214c08ad1a6a368008dd62164e6d6ac3,1,1,1.9145315885543823,1.9145315885543823
21707f5853f0d1d7f0cdd6cf4c49a704,1,3,3.3842573165893555,3.3842573165893555
218baaa5430458db80449bcbd66ea11c,1,2,1.7002652883529663,1.7002652883529663
21c38be50507087a0aa63fb270d221d5,1,4,4.127279758453369,4.127279758453369
21dcd35e0e0aaa2e5453c871874a8ae1,1,3,0.4975307881832123,0.4975307881832123
2201aa074bbae016bcf623ab6d0256f7,1,3,4.030030727386475,4.030030727386475
2203dab5343f7f0da21b7fce128232db,1,5,4.044500350952148,4.044500350952148
22138d8dce74b82fbb14745e3003a57e,1,5,2.192373514175415,2.192373514175415
231ff3d1398ec6a584cddb1661dd20a4,1,1,0.8439534306526184,0.8439534306526184
23414fe2aed7c291d2036527c761874e,1,5,4.302282810211182,4.302282810211182
235cc1d05d01d1a3d2424514b27e68e2,1,0,0.184179425239563,0.184179425239563
23cba918ca0d35e8c3486db356cc8c6f,1,0,0.30498093366622925,0.30498093366622925
23d7454cc9f8a4a5e26b4ddec0382eb9,1,4,1.848737120628357,1.848737120628357
24018895d65de3eab9c2f29b071bf2e8,1,2,2.322901487350464,2.322901487350464
244840885b55826d692012d3bbf8f469,1,0,0.230881467461586,0.230881467461586
244c9793ea360003a6a63877be2d7c49,1,0,0.347796767950058,0.347796767950058
2450332fd88c37a0014408abd9800884,1,1,0.8307615518569946,0.8307615518569946
2466cb378b2949fca28ffb83050d151a,1,0,0.3139464557170868,0.3139464557170868
248fc842149898be28b346ce1fb15ab1,1,5,2.91991925239563,2.91991925239563
24ccdd39791fcac60d157701cb18c200,1,3,2.3332412242889404,2.3332412242889404
2516fcb7500ad40ce411cdca7a7d9873,1,5,4.706664085388184,4.706664085388184
2529d7548a0f10637e2a6af1c06f2d3a,1,0,0.4095076322555542,0.4095076322555542
255a76a1ac28860f33678d4b9cbde7bf,1,1,1.6352847814559937,1.6352847814559937
25637fe69d28ce0cb944c631222a6b52,1,5,3.4262290000915527,3.4262290000915527
2568f00f6eaeade4a03a4c98e8fa4ee1,1,1,0.8946027159690857,0.8946027159690857
25961aea3db8652eeb0bbce7b0b539e0,1,5,5.061659812927246,5.061659812927246
25c0f98758c3fb09bc2070d1dca0a299,1,0,-0.04819989949464798,-0.04819989949464798
25e85593a9a51bbe10d9a2821cb096d9,1,5,3.918164014816284,3.918164014816284
2639c2ede0d5a7cf6e924c67fedf60d7,1,1,0.9673488140106201,0.9673488140106201
269fa3df1382e01014f96edf7ef9b731,1,4,2.2682411670684814,2.2682411670684814
26f53821a1b09c51271e4f8900f6842b,1,1,0.223194420337677,0.223194420337677
26fd29e7d309a915227060487f9a4973,1,0,0.6512717604637146,0.6512717604637146
26ffc10557b83c414ab624b0dc6c8b24,1,0,0.20061607658863068,0.20061607658863068
2700883b744706feb3a8b1ec69563ee9,1,0,0.627840518951416,0.627840518951416
275adc34d57f1e6ce223e7a462569fbe,1,0,0.09997688233852386,0.09997688233852386
275d8bdfde4df9a23274d06788c7ec38,1,0,0.7419823408126831,0.7419823408126831
275e372464deaeda080e47c4a1f8a8ef,1,0,0.4388217031955719,0.4388217031955719
2761824bce549fdab3b032fb57e120a8,1,1,0.23458564281463623,0.23458564281463623
276fe273713496862d1e614288e3f670,1,5,3.7401554584503174,3.7401554584503174
277e42bee7396d25cb4e9e2286e9f245,1,2,2.0757381916046143,2.0757381916046143
278ae74156d22b4e8457cd1bf2960f58,1,0,0.5241695642471313,0.5241695642471313
279a99068552ce9002067ae78064169c,1,0,0.32121288776397705,0.32121288776397705
27b29f95c9715edd273ed25920611a63,1,1,2.6610875129699707,2.6610875129699707
27f3dbbf2b9a5e59f508dc6b0c23d5cb,1,1,1.4076493978500366,1.4076493978500366
27f7f9411439cd55a744e007227cb76f,1,4,3.100696086883545,3.100696086883545
27fc326a541217b0ddf54ba29ffef99b,1,0,0.3302004635334015,0.3302004635334015
27fd3bb44c76fb86e26ca77b4e92f7a0,1,5,4.930699348449707,4.930699348449707
282661ce17b00e09fff141cc827d6849,1,3,3.397709608078003,3.397709608078003
283624a201d08d9abc72c51af1da7923,1,1,1.3715548515319824,1.3715548515319824
284dcd2d3d6d09fab242477dce6b69d1,1,5,4.4374470710754395,4.4374470710754395
285186bdcabfd05a4d4fe4be52983a59,1,3,2.452497720718384,2.452497720718384
28acde305cf3cfec908b01a2514758a1,1,0,0.42556366324424744,0.42556366324424744
29012d883d912965b3719856bf07021b,1,1,0.9061356782913208,0.9061356782913208
2902a2f38703f59632892819a1c72377,1,3,0.3037415146827698,0.3037415146827698
2910b44434274b848553a4ec3db11df8,1,0,0.978923499584198,0.978923499584198
29266f4feb6766468bce536888b3bc0c,1,3,0.398983359336853,0.398983359336853
292c42388727f251a0d1ca66efda85fd,1,5,4.720526218414307,4.720526218414307
296b35ac3df2ea9d8748425bf2ccffdd,1,1,0.3275063633918762,0.3275063633918762
298d780b37c48a65e22016e482978113,1,2,3.3062808513641357,3.3062808513641357
29a92930e1c1cad4e50b074a329bc9d6,1,0,0.7508889436721802,0.7508889436721802
29baf6f84e1414443d5fcd1ddb1af08b,1,0,0.29299846291542053,0.29299846291542053
29d2f5d94f7b35edd1df65bfa6cba406,1,1,0.9115349054336548,0.9115349054336548
2a1c3373688904fcabbdeb4a177972f8,1,1,0.4204344153404236,0.4204344153404236
2a530e65e41c7d63d70cb4b4a994223c,1,2,0.6293739676475525,0.6293739676475525
2a6d0c4bd562bb83e9863a175af50de4,1,5,1.7465754747390747,1.7465754747390747
2a84040c18505be27e6eaab8b2dce6cd,1,3,1.9567909240722656,1.9567909240722656
2a8e0ac626666a2e86b868ff22249946,1,5,4.740597248077393,4.740597248077393
2ac36a2e35654c0be9e818f9f9407807,1,0,0.21128630638122559,0.21128630638122559
2ac5f9c41e6b9a004fc0cecf6c3083be,1,1,0.674576461315155,0.674576461315155
2ad0a0582297b6f2ddb131796e300ee3,1,0,0.14873196184635162,0.14873196184635162
2afc7c9cd96699ecb7d88a8a6f387628,1,0,0.41487374901771545,0.41487374901771545
2b03baa16076f3848892001f9f5d392a,1,0,0.24166062474250793,0.24166062474250793
2b340c9844077ddcdf641adac5f116e3,1,0,0.6910094022750854,0.6910094022750854
2b730c057bde4c56e79f693e3d577138,1,5,3.6889402866363525,3.6889402866363525
2b744f7f47a4fbd91e26eba3f37df819,1,0,0.5055264830589294,0.5055264830589294
2b943dfeaa727bb8c9a6d8047350f57d,1,0,0.05922628194093704,0.05922628194093704
2ba4c7fd23f63ddda9762222b0b3416d,1,4,1.8991127014160156,1.8991127014160156
2bb4f3202acd0b3cd10ffae292b6edf8,1,0,0.10029584914445877,0.10029584914445877
2be84345474f8546c2607c6be750ab0e,1,1,0.6144244074821472,0.6144244074821472
2c17d73eaffa2997a47e75019abadae5,1,3,3.335106134414673,3.335106134414673
2c251997e95187c5f5471f125eda79a2,1,5,4.983295440673828,4.983295440673828
2c66a2cdbbfc4bd3b96f1039ad3fa630,1,5,1.351584792137146,1.351584792137146
2c688d7d92059ab3bac7c190dd6e31cd,1,1,2.863236665725708,2.863236665725708
2ca08ec99224f03e8db1f92682ce82d0,1,5,3.610913038253784,3.610913038253784
2caca376bbc989ff677e3c82928b5fd2,1,3,3.081328868865967,3.081328868865967
2cd0a5200034022b5e594f200bb8073d,1,4,0.24384063482284546,0.24384063482284546
2cd49d2e284604eacd8cbd643a36a2aa,1,0,0.6331207752227783,0.6331207752227783
2ce35862db5e157ec48188318c015576,1,3,1.75515878200531,1.75515878200531
2cf2371193eb1c0cf34ca2562004d5e2,1,1,0.9992503523826599,0.9992503523826599
2d04835e3b30fd9dcf1fe23dfc9812d9,1,1,1.073079228401184,1.073079228401184
2d1b57132c3a9858f4d983a10e07e9a0,1,4,2.5481884479522705,2.5481884479522705
2d28055eea0125a66fef5d885d0786f6,1,1,0.24655109643936157,0.24655109643936157
2db286ff4d3398fa6538678a6452497f,1,1,0.4254840314388275,0.4254840314388275
2dfc3c0d45043aa9d7aee9560f487a43,1,4,3.5804429054260254,3.5804429054260254
2e24b2e477e5650b425ae9d58eff5654,1,5,4.971123218536377,4.971123218536377
2e512e923950da10c0b4432d08ca0663,1,1,0.6900203227996826,0.6900203227996826
2e8e1273e497a95810ed43ca7eaf09c6,1,3,2.071824312210083,2.071824312210083
2eeb91e9fbbcca1547ed12e0705ff377,1,0,0.2909312844276428,0.2909312844276428
2f178956e9fc7df485c50395b9664b40,1,3,3.4836466312408447,3.4836466312408447
2f1ffd9eba705b8795e52d48bd31fc04,1,0,0.33586177229881287,0.33586177229881287
2f45cafe638848ee98e0b998d9aeb888,1,0,0.6552474498748779,0.6552474498748779
2f5379bf67ca1190c7f168736d9d8efc,1,0,0.3975944519042969,0.3975944519042969
2f66cb1103d6a05264fcc8e8841a6890,1,5,0.9181119203567505,0.9181119203567505
2f9ffca172b0c51947b406ad19c4ea94,1,4,2.413485050201416,2.413485050201416
2fd7cbd01f3cecb64e915a0a62121cda,1,0,0.9170500040054321,0.9170500040054321
2fe01d7bbc55749e8108f0ce9c8fd6ca,1,0,1.2531027793884277,1.2531027793884277
2fe856ea963cd9d023f693db12fe696e,1,0,0.23264800012111664,0.23264800012111664
301d13eb98beab38bf58e20fe04bc68e,1,0,0.673789918422699,0.673789918422699
30362d7b1bcf3e92232f765dd647752b,1,0,0.4363011419773102,0.4363011419773102
30379b51a55f270ba254de56f795af5f,1,0,0.19119632244110107,0.19119632244110107
3047b934404ece85ce130d3f46572197,1,0,0.623103141784668,0.623103141784668
304a3ffc48df61727191b465d69f9544,1,2,1.9070090055465698,1.9070090055465698
3077b49eba93c24a339086c57db4edc1,1,2,0.5009708404541016,0.5009708404541016
30aa7a12d6a142aa9fafbe37e08cb1a3,1,1,0.7059998512268066,0.7059998512268066
30b055a2178ca6019b4d891dfe253e6f,1,4,2.3552098274230957,2.3552098274230957
30b37bbf7aed29914e4f117eb66f8783,1,0,0.535400390625,0.535400390625
30dbd061bed3964c478e64269bb5870e,1,5,4.644389629364014,4.644389629364014
30fda2983d8f3111e475d0d859068081,1,2,2.3529529571533203,2.3529529571533203
3115c635439ae18f4a53ba3f91f7819c,1,0,0.8826447129249573,0.8826447129249573
313fa90b9e772c45fd3208fa562646ea,1,0,0.48353803157806396,0.48353803157806396
3155aef3abdeacd75a4758c212d93e42,1,2,3.7213850021362305,3.7213850021362305
315d3d4f897775dc35d0b3e6314bfeff,1,1,0.9869575500488281,0.9869575500488281
31629bdb4c8854f418155db6ec7bf588,1,0,0.3250698745250702,0.3250698745250702
3179817b3335bbbb5af4adafb46ed8dc,1,3,0.6686504483222961,0.6686504483222961
317dd757da6889845fe0d4dc109d0485,1,1,0.7284786701202393,0.7284786701202393
3189cb39f65cbd55aa4bf4513f246692,1,0,0.15567463636398315,0.15567463636398315
318cb948ba8cb28995204b0a7ebba6d4,1,1,2.9919371604919434,2.9919371604919434
318f7ac852fb7911436ad2d6aa48dea9,1,1,1.1775116920471191,1.1775116920471191
31a2c62376a98ed5062bbe72a92b3541,1,1,2.327887535095215,2.327887535095215
31b128f74dbeb86a08d310524b772c05,1,0,0.2430116981267929,0.2430116981267929
31dcc24ac04b9c4b00e5b898dfab4c91,1,0,0.36844149231910706,0.36844149231910706
31e82faf725d625e322f58692dd90ac1,1,5,4.9990129470825195,4.9990129470825195
3202735e79f54cef6981c1b481f18859,1,1,0.7042309045791626,0.7042309045791626
321320123f2c3f9cf54d408e903abdf9,1,3,3.8890771865844727,3.8890771865844727
32137f2c309e98e70a78da4cd1382663,1,0,2.956641435623169,2.956641435623169
32482eca51f84c3b0e5729f68490fbb9,1,2,0.563672661781311,0.563672661781311
326a42dac78dfb195f986b348b87c7ba,1,1,0.9342643618583679,0.9342643618583679
32751c898368ef065ae6b907d1743846,1,1,0.6284247040748596,0.6284247040748596
328cde17511e4aa4e62e485d4dc0cea7,1,3,3.529698371887207,3.529698371887207
32a8d32ea13e14000f83964e0af6101f,1,0,0.4519844949245453,0.4519844949245453
32b84dbd24b4c2db47ba783d3806b6d0,1,0,0.33908048272132874,0.33908048272132874
32c85855821eeec7bd0be47969b89680,1,0,1.0468950271606445,1.0468950271606445
32eca7c7634f59e3b286e3a89461f95c,1,0,0.4654107689857483,0.4654107689857483
32fcd30edb849c78bb61c64a00a0ac79,1,5,3.7784383296966553,3.7784383296966553
331df8bf3a7f766dfe45ed525040fa85,1,0,0.38008177280426025,0.38008177280426025
33704cffb452193742ff3ddb420ea9e5,1,0,0.3357982337474823,0.3357982337474823
337243a9bd89017f962fcd5bf3cf9d64,1,0,0.5484638810157776,0.5484638810157776
33752aa0f25ce754f491b9c6c442983b,1,1,0.9610384702682495,0.9610384702682495
337917b03be19ec176ed5b3e77f6e55b,1,2,2.0902349948883057,2.0902349948883057
3381ea445ec8554a5cb3e7d3153fc0c1,1,3,3.6580049991607666,3.6580049991607666
33b1d7be5b5cc5230d25191ea8305d9a,1,3,2.9258992671966553,2.9258992671966553
33be098ae12eeb17caf5658edaa6baa4,1,3,1.6862388849258423,1.6862388849258423
33deab5742944fa2f58e248c572f04d1,1,0,0.22123359143733978,0.22123359143733978
33e5c5adbc6e45de43d219d96f244f3b,1,1,0.7455865740776062,0.7455865740776062
33ec4577b716c843eb1224b41204aab2,1,2,1.8905471563339233,1.8905471563339233
3406d5d8ae8ffd5e42386d8caf2d023f,1,1,0.9960950613021851,0.9960950613021851
340c846f464f205cf4df3cb61fab3a0b,1,3,4.068542003631592,4.068542003631592
3421d5f3e6fbeccf4ccfc51ca0e7e911,1,3,2.5147831439971924,2.5147831439971924
3424fa4daa40e0bb944a1f579ca895ca,1,5,3.562028646469116,3.562028646469116
3484d8c6a8bfbbdd516bb1e57a338953,1,0,2.4897611141204834,2.4897611141204834
34a7736e8074a6cef57277d7dfcaeeb7,1,0,0.1978336125612259,0.1978336125612259
34c3b4aca1bfb10df42aff5eb5f87281,1,3,3.6734445095062256,3.6734445095062256
35978c997f83d969e02f26305f3983ec,1,2,1.0047879219055176,1.0047879219055176
35a2ba270ef1fe91e4434cc83ccac50d,1,0,0.2967669367790222,0.2967669367790222
35a4aa4ea0515187d2859ff6f85f9e98,1,2,1.0519450902938843,1.0519450902938843
35c7912e941c9bf21594deeda6c891e2,1,3,3.4690420627593994,3.4690420627593994
35d511cc9aa867856fadbe6ebf464d78,1,5,4.3121209144592285,4.3121209144592285
35e9d8f8ce16d61751bbe6d24fee0da3,1,1,0.030312051996588707,0.030312051996588707
36057d1f3d51b9c92008174dac3bc390,1,4,2.227360725402832,2.227360725402832
360b8957b3c406f10d61a23161609476,1,4,2.986797571182251,2.986797571182251
36154423239f4a9e6849cf57ea8a4489,1,2,1.082394003868103,1.082394003868103
3619a5ca0634e11f0e0474c9eab68f2e,1,0,0.2346968650817871,0.2346968650817871
3625e6a2deae10c191a3fc3b6fde9fdf,1,5,4.446766376495361,4.446766376495361
3639415568d06af82c3cfcfeeae5d9b6,1,2,2.187180757522583,2.187180757522583
3640375a493273c06682ef7a77e483c0,1,0,0.4960911273956299,0.4960911273956299
36531354b9f3353938e4227f7d8a3ece,1,2,1.848934531211853,1.848934531211853
368f2d81c2475bfa0c41755f4ca2bf76,1,0,0.5223740935325623,0.5223740935325623
369d4a2937c58da892d153886cff15e3,1,0,0.4240375757217407,0.4240375757217407
370d84e1455d9c56f0163c64c35b3189,1,1,0.7904004454612732,0.7904004454612732
37355e29029bdc13096902e0d82a9b88,1,5,3.2485640048980713,3.2485640048980713
373c3e3962c89a016c118cd3b4dac926,1,4,4.363701343536377,4.363701343536377
37571c63d9ff6cd0a71b4b60e130804e,1,1,0.5413631200790405,0.5413631200790405
375b2c9501320b35ceb638a3274812aa,1,1,1.652406096458435,1.652406096458435
379a40c0c5b897ffd42d5567d40968da,1,1,1.8567403554916382,1.8567403554916382
37c9e8fb86ad0fe93742f16f33c2136c,1,1,1.0407428741455078,1.0407428741455078
37e79d004dc122c05eab8e55f22214d0,1,1,2.4447181224823,2.4447181224823
385db50add69be4288db35c092fac80f,1,0,0.6584596037864685,0.6584596037864685
389758c9e3aad00e774d581150f372db,1,3,1.8451663255691528,1.8451663255691528
38a49c3566f387a867629c5f6c31a72a,1,0,0.21640412509441376,0.21640412509441376
38abe3550726a4a1f947fd0732ded83d,1,1,0.4570617973804474,0.4570617973804474
38b316108a68f9baa9837acf06bc3c48,1,3,0.24477845430374146,0.24477845430374146
38be72b06e0e96e493a90c4f583a6e10,1,4,3.589334487915039,3.589334487915039
38ef6c8f4020a8fd27316f43493aec40,1,0,0.11518978327512741,0.11518978327512741
393da55efee50c65017d1a7f66ee8c4c,1,1,0.20087993144989014,0.20087993144989014
3949bb0d5d659f89f895295ffef07153,1,4,1.144752860069275,1.144752860069275
3964a98b6e3c6471ea04c89c6ec24da3,1,2,3.518240451812744,3.518240451812744
397c0d623c94677ce5c1e836c3253eed,1,0,0.3360994756221771,0.3360994756221771
39aa993dd0320beff42381bc9b6b498a,1,5,4.833709239959717,4.833709239959717
39f81a4d7b5b86706391dcc09a4c2e94,1,2,0.362332284450531,0.362332284450531
3a07181ebf2769bfd8c47dc46046d64d,1,0,0.5615100264549255,0.5615100264549255
3a307aeade076ae4aab09ae25a5d30b1,1,4,4.368812561035156,4.368812561035156
3a450c205cf27f0348b46d8329c13fc6,1,0,0.45616278052330017,0.45616278052330017
3a565cdeac048c3fafbba7b913061689,1,2,1.648433804512024,1.648433804512024
3a65a5ed1de1c2981820e3daca60d138,1,0,0.28121206164360046,0.28121206164360046
3a787189b5d4eeb7bee8f05aa825775a,1,1,3.2964179515838623,3.2964179515838623
3a7ae2d6d9b4bec6df2e203552dee342,1,0,0.35313937067985535,0.35313937067985535
3a851ba3a38cbaeddb0d5dc9bbe5db3c,1,1,1.6349560022354126,1.6349560022354126
3ad48056423f5a0710d13d943f112fe1,1,1,3.2176334857940674,3.2176334857940674
3b1a389348b3caccc230ca8693c52f93,1,2,1.8163394927978516,1.8163394927978516
3b343b8c4e2a854735a82bcebe482a14,1,0,0.5086271166801453,0.5086271166801453
3b58fcd7537d02088146c3b4d1ba1e38,1,1,0.46466460824012756,0.46466460824012756
3b89fac978a021d49806d2f75cc9f4c2,1,5,4.584628105163574,4.584628105163574
3bc54012b4306e04b9b157811d18c1f6,1,0,1.220297932624817,1.220297932624817
3bdd92d91566a9719c76ca639db6a143,1,1,1.5823694467544556,1.5823694467544556
3c027405c5707d7ba2b67e75a652ba62,1,4,3.1897058486938477,3.1897058486938477
3c2dd628b93ce49260c21b8aa9d8fba5,1,5,4.42138147354126,4.42138147354126
3c5c2cd450fb2d359845fb9c0d660bb0,1,1,0.3554791510105133,0.3554791510105133
3c65a1c66c85c220069dcd52c3bf026e,1,2,4.138646602630615,4.138646602630615
3c6610ef769e5c09d9e7b9d2c2fddb40,1,4,3.8716928958892822,3.8716928958892822
3ce5f7d0e516baf38c6f8e5a72813a1d,1,2,1.9919596910476685,1.9919596910476685
3cea837349a8bd7fb89ed01883f149ea,1,0,0.44716528058052063,0.44716528058052063
3d05e312c2ec21ab6826e0e3c729bd60,1,1,1.0553499460220337,1.0553499460220337
3d0d0276329277a86602012ae703b1c5,1,1,1.0755207538604736,1.0755207538604736
3d1e7a445ec9a7dce5e55abb78781577,1,0,0.1654207855463028,0.1654207855463028
3d3988b1b72273ee018b40c5acd51e43,1,5,4.537177085876465,4.537177085876465
3d4cb6729fd4c519f65029c56605aca3,1,3,2.9458131790161133,2.9458131790161133
3d7c76e3d1106d038356561b67b4ac1a,1,0,3.0360801219940186,3.0360801219940186
3d942bca61ac77578a03d8405dab4af4,1,5,0.9770981073379517,0.9770981073379517
3df74d2fbfaa978ea7dddd31ff05f9f2,1,0,0.2001999318599701,0.2001999318599701
3e28c4f7e177ff4bd6d5b6c32a15d28b,1,1,0.3671480715274811,0.3671480715274811
3e34f7387c8287fd7c6cca202b0aacea,1,0,0.6353918313980103,0.6353918313980103
3e6e4a8f49b190ff3656c6cb85dae975,1,0,0.1209484413266182,0.1209484413266182
3e732d5a09c2dda7ecdedc6662475e90,1,5,4.275022983551025,4.275022983551025
3e96addcbf4c1869d8f520348646cd60,1,3,2.220097064971924,2.220097064971924
3e98e7fe83ebc7f729bb90b07d023bbc,1,0,-0.008135704323649406,-0.008135704323649406
3ea2b7849d7ce4fccad168565e8e669e,1,2,2.682873249053955,2.682873249053955
3eb6557970969fb02f3429f7ba779c4c,1,2,3.9577910900115967,3.9577910900115967
3ecbfb149b69ee6e88c4d9c0b9e281a1,1,0,0.295026034116745,0.295026034116745
3f073ebf519dc67cc0a6d2aa04f9cc11,1,1,0.6493412256240845,0.6493412256240845
3f09402aa669e0e9f91b7f158c8708cc,1,2,0.683521568775177,0.683521568775177
3f3aba7575fc6aed6c5512cfa3c11e86,1,3,2.047132968902588,2.047132968902588
3f3f6a1f515cd9ae79e323a4759f0888,1,3,1.8370997905731201,1.8370997905731201
3f42a18d856e04de46dec49a7adb376a,1,1,0.9980674982070923,0.9980674982070923
3f452dab89968d231cf7730cf8d9178e,1,2,0.5495854616165161,0.5495854616165161
3fa1e5427fd312f27072d99cb14a63d3,1,2,2.6819207668304443,2.6819207668304443
3faad4959dbc001b2529a158822193df,1,0,-0.04941924661397934,-0.04941924661397934
3fb4a2a819569ea4605fcaf4349bd2a4,1,5,4.4565911293029785,4.4565911293029785
3ff30b9406f4c44c9b8dba47615f1fca,1,0,0.11249340325593948,0.11249340325593948
401b94094eae879be1760beada10743f,1,1,0.6853760480880737,0.6853760480880737
40518fec8d209aefe091ede58473d00d,1,3,4.003962993621826,4.003962993621826
4056ca62c7372fc17eb1cb55d58f0866,1,5,4.254518508911133,4.254518508911133
4096244b63ae69345283dd7bad8609d0,1,3,3.9085323810577393,3.9085323810577393
409a4a93c34c808803f6f2059e1161bd,1,5,4.163862705230713,4.163862705230713
409e74b9a87ea9dda44a304a89eb4ef9,1,1,1.168547511100769,1.168547511100769
40d72d6f5f5d4f243e448d8ff1838f2e,1,4,2.6682441234588623,2.6682441234588623
4109239802a75ae8b59ea12c6f0a31b8,1,3,1.1912431716918945,1.1912431716918945
413e0e565b4dfd147f7acbf47c3d47ce,1,0,0.4587092995643616,0.4587092995643616
41482ab4f8a95f09b3ceb53d4bda3f4d,1,4,3.8005783557891846,3.8005783557891846
416319e9adb8ee8ef939608e9ffa6962,1,0,0.5522018074989319,0.5522018074989319
4166b08dab8537c35b51cb89616ef6e1,1,3,1.385093092918396,1.385093092918396
418aa1d085fe63ffb9c5510a9075f8e5,1,0,1.2612124681472778,1.2612124681472778
418e6b6e39af708710e1e497ca629ee8,1,3,3.500173568725586,3.500173568725586
41cd8bc4e00e30e50dcf91c09bb5c32a,1,1,0.8008119463920593,0.8008119463920593
4203ec2a8c71bf1876526fb0111b8235,1,0,2.7375733852386475,2.7375733852386475
42045280ad96d543a1edb099b0b05940,1,3,2.931389093399048,2.931389093399048
421bc0d45878fbe83068fb1923e3bffd,1,1,1.3764525651931763,1.3764525651931763
422d0aeb811f23710ffe99ecc5233a77,1,3,1.414642572402954,1.414642572402954
427f804eef0ccf5d4f858288d6399c7d,1,0,0.1295279860496521,0.1295279860496521
42c0d2324381e596483e201577d0d9b0,1,4,2.7856576442718506,2.7856576442718506
42da4d27484cbb016c77518091277d7e,1,3,2.3870151042938232,2.3870151042938232
42ed3236c832fa436b51d774fda8f3cb,1,0,0.3598226308822632,0.3598226308822632
42f8d6266e08cbeedcbb480e77ca0ec3,1,4,3.940971612930298,3.940971612930298
4323ac4da38573dd8e35cb58fbe53c3b,1,5,2.7981576919555664,2.7981576919555664
435a306cba979f69d8502d354592d020,1,1,1.34325110912323,1.34325110912323
4375505cc90a8de4e82c267a1d2f97f4,1,0,0.444337397813797,0.444337397813797
43aeffda3443f02792ab71c8bc4ea6d7,1,3,2.4853665828704834,2.4853665828704834
43f1934ed5821f2b4897e6535b432668,1,4,1.162238359451294,1.162238359451294
44439e60b5aed8d4d933254a6248de50,1,4,1.070051670074463,1.070051670074463
446664c5c1545096585825aad5bc9310,1,3,3.2712886333465576,3.2712886333465576
44763cd60166db3c15077ca5ac0d1a28,1,0,0.17703840136528015,0.17703840136528015
448886cc21e672bbf711badd2d5b01da,1,0,0.2588273286819458,0.2588273286819458
44f1555353574ac79ce07ae55f40a932,1,2,2.7166011333465576,2.7166011333465576
450f03b3f86c156365c1f7ef8e38f995,1,4,4.636674880981445,4.636674880981445
451d251fb7dcce75e181862493d77c0c,1,0,0.5757999420166016,0.5757999420166016
45206c040b197610a589574d0345f7ba,1,0,1.5605597496032715,1.5605597496032715
4529b55616610e6206384be8245d1238,1,4,2.641464948654175,2.641464948654175
452eca104841c28098e3ea454f9626c5,1,1,2.474018096923828,2.474018096923828
453dc2fc4fc4115d00bf6a44d4311952,1,2,1.657883644104004,1.657883644104004
453e291d3376b4563d711e4c2208cd0a,1,1,0.9583337306976318,0.9583337306976318
458b3e1c2f1f56179d89fec4d56bd8d6,1,0,0.200266495347023,0.200266495347023
458bcc2e21a2359ff2e4013522bc40b0,1,1,0.2587810754776001,0.2587810754776001
4599ff734c6e613e38adc41ce8f798b4,1,0,1.2012733221054077,1.2012733221054077
45b99a45cfdae3158c6de1062c90055d,1,4,2.1508021354675293,2.1508021354675293
45d0ddf0aeb9b7f3c8e6c19c4405ac99,1,3,3.689809799194336,3.689809799194336
45e4d790cac8e1728ee364ea0d31d1c5,1,1,0.6907689571380615,0.6907689571380615
45f109ea3026f40eb2d44209791eb3ca,1,1,0.3521566092967987,0.3521566092967987
4607eab3c100ba73a7815b20fb2f3cdb,1,0,3.5234835147857666,3.5234835147857666
4616adffd18fb6175fe63bde2bff907c,1,1,0.9709981679916382,0.9709981679916382
4621bcbbece53892b356cd1d7ca6d884,1,4,3.244884967803955,3.244884967803955
46a3684a20288bee24955dfd822422fd,1,2,1.241226315498352,1.241226315498352
46f1c6a77e6de339e042fbb6334ae713,1,0,4.289175987243652,4.289175987243652
47170b061a28c7ed911a80bc733b7354,1,0,0.25225719809532166,0.25225719809532166
473554584a1ab1f83aa3e758b6c6238b,1,5,1.8022016286849976,1.8022016286849976
473fe1a74a91897154a200ceaa48b4c3,1,1,0.4261127710342407,0.4261127710342407
474f496f367f6208122c95f70015cbcf,1,4,1.300247073173523,1.300247073173523
475053608918e891ebe8ae15861a3c7d,1,0,0.27170389890670776,0.27170389890670776
476fcbf1978d1bca7e818ff1ff763ef0,1,2,0.5750773549079895,0.5750773549079895
47985c7cec659a0ca907c5c99266b440,1,0,0.8198072910308838,0.8198072910308838
47f34de873955e8e03e954e3882d747f,1,5,2.0584776401519775,2.0584776401519775
480dc522c58d59f6a6eb7b5351352d16,1,4,3.3052115440368652,3.3052115440368652
481683ac49436653f9185487ada8d978,1,2,3.063462495803833,3.063462495803833
48173ebea068ee1f93d8fce98dce8e00,1,3,3.918278694152832,3.918278694152832
483aacf6bb16a630507001823262d1c6,1,2,1.2085790634155273,1.2085790634155273
484c5b152bebfeb14de40f5d816237e4,1,4,1.5422520637512207,1.5422520637512207
48896f2b866e9694586b3377025c4927,1,3,3.7005527019500732,3.7005527019500732
48b90b806560b21a02cbfcea8a2b3977,1,0,0.21762950718402863,0.21762950718402863
48d8b71bbe9d91e9e3d8e97c376364f0,1,2,1.6073275804519653,1.6073275804519653
494a1bf06ff096d5949754b5d31f6805,1,0,0.4918607175350189,0.4918607175350189
49764620319a820dfd2e6738861b1aa0,1,1,1.5553340911865234,1.5553340911865234
497b7731f13ad07c0afe2dd81c52e021,1,0,0.8046496510505676,0.8046496510505676
4989c79e165ce9eaae95f44820c11b6a,1,3,3.2053093910217285,3.2053093910217285
49db2dc6d2b8ec83e08ecb69182012e1,1,4,4.2688679695129395,4.2688679695129395
4a13ec6df5b95b9161b6e4c9ca8de864,1,1,1.5743013620376587,1.5743013620376587
4a2a3bb75dc38efd9525cf96c379feb6,1,1,1.3501167297363281,1.3501167297363281
4a70265e5acaf4da5a9806d0644fabe6,1,3,1.8342759609222412,1.8342759609222412
4aa662f4c151c26677f662ab3d3cdf43,1,0,1.4219261407852173,1.4219261407852173
4aae2215d4d4ca911f61b2f159c188d5,1,2,3.8274521827697754,3.8274521827697754
4ab8281e038c2ca2f391b11d65e4366b,1,2,1.6423288583755493,1.6423288583755493
4abf4f8b4b7768af6eb06d3ef31b1e09,1,1,1.7150903940200806,1.7150903940200806
4b3c861081c54ee9b470fababd46b0fd,1,1,1.012624979019165,1.012624979019165
4b5ed09dd73806cd9fde2c5f7808f913,1,3,1.440124273300171,1.440124273300171
4b77f015acc40c7e39470f3ebb658818,1,2,1.7296233177185059,1.7296233177185059
4b7e051415b19b60bff4ee689eefdc7b,1,5,4.19929838180542,4.19929838180542
4b8f2f19d719f993efa1053dc6d0d47d,1,3,1.4853943586349487,1.4853943586349487
4bd5c18dcdfe52d9b4cdc9a85199f5cb,1,4,5.290237903594971,5.290237903594971
4bdf5f5b4c6230bf40cdd5b56d9529f6,1,0,0.26132121682167053,0.26132121682167053
4bf5a250183e162fdabe2e6080a46cce,1,0,0.12832282483577728,0.12832282483577728
4c060e4c59fc571888ce448963cfa8fc,1,5,0.29134708642959595,0.29134708642959595
4c547c4817c06b4e77da45768358eb98,1,3,3.3781685829162598,3.3781685829162598
4c6a0e8134aee15172b8e37dd7972680,1,2,3.0157277584075928,3.0157277584075928
4c7bdcaec94446929471c97fa0c8088b,1,1,0.21270018815994263,0.21270018815994263
4c95ef229b89310481150b90ba309460,1,1,0.26368391513824463,0.26368391513824463
4cdab67d4d6ca3e7e7fe50e250e2caab,1,1,1.0308046340942383,1.0308046340942383
4d13e4678b695a9b5e8793ba8ac8da2e,1,2,2.2446422576904297,2.2446422576904297
4d2705aa958196b3234613240e395751,1,1,2.49709153175354,2.49709153175354
4d6ba6a91775bd4f88b2e2432daaf829,1,3,1.7127001285552979,1.7127001285552979
4d6ebb6d0906239b4a0836e250fef3b8,1,2,0.5603537559509277,0.5603537559509277
4db0a8e19ffe9e9358d2c64a760d44d1,1,0,0.6750329732894897,0.6750329732894897
4e4ce0014805e5233656108980fc35a5,1,5,5.197373867034912,5.197373867034912
4e60bebc14d01b30a0873ba7ee026dac,1,1,3.0353481769561768,3.0353481769561768
4e7ab683d0ab7ea63aad20ce5fcbdab0,1,1,0.43718960881233215,0.43718960881233215
4e80b5738f591c7d0d91889c2bdfd39d,1,0,1.259196162223816,1.259196162223816
4e91bf38ee93ccd817df1e1bf599e095,1,4,4.532291412353516,4.532291412353516
4e978306ab3277fb0a1d62b802eb1054,1,0,-0.07010733336210251,-0.07010733336210251
4ea43ff0fefba731d58e440e346aeec7,1,3,0.9025262594223022,0.9025262594223022
4ecad8aefbc2ce6931baaee0cda6955b,1,2,0.9066129922866821,0.9066129922866821
4ed29df24a54fba2e6ee2c14716c2e62,1,0,0.2102195918560028,0.2102195918560028
4edba0c8cc0e39bac58aba99442b60a8,1,4,1.0894038677215576,1.0894038677215576
4ef1c36d1a970ae4f2aeb47b14190afe,1,2,1.5272012948989868,1.5272012948989868
4ef93f78a475b96a782e869248ab2505,1,3,0.648262083530426,0.648262083530426
4f050d873038964b8be2a72d0d67f465,1,0,0.2819119095802307,0.2819119095802307
4f168af41a521c3def05bbab5d3c2d5d,1,0,1.370666742324829,1.370666742324829
4f39a9611ee346e4b00b151cda92bbeb,1,1,0.07951384037733078,0.07951384037733078
4f6efdeddfa91dd6b14fd63b1949f0b9,1,0,0.3218018114566803,0.3218018114566803
4f8be0598beadee2e58f0531798384c8,1,1,1.6578196287155151,1.6578196287155151
4f8ea724680d43c27a0a2f022fbee4d8,1,5,1.9969357252120972,1.9969357252120972
4fbcad209342f96710a73a57aa14a55f,1,5,4.790597915649414,4.790597915649414
4fc7c067489da2964a49a63366b40409,1,3,4.173677444458008,4.173677444458008
4fcadcef9e166eca9ec5652633434ed4,1,0,0.2826315462589264,0.2826315462589264
4fce030094773bdf132fd81c5febce40,1,3,3.7382681369781494,3.7382681369781494
4fd91f9bac6085447210f42265dbcbdd,1,1,3.158395528793335,3.158395528793335
50138c55b4bcb6420982f982fef56c4e,1,2,1.460095763206482,1.460095763206482
5037b3b05aec2c96a034ce9301a43326,1,3,0.35009443759918213,0.35009443759918213
50385e37db3576fbc30b26f7258921cd,1,2,1.7495973110198975,1.7495973110198975
5044f516918074e89e36e0461be805f6,1,0,0.18990683555603027,0.18990683555603027
505c99086b5c2c2aff4bed177070fb1a,1,1,0.4298681616783142,0.4298681616783142
50a159e2f93214ad4ebb0ec9c5d428f7,1,0,2.959160327911377,2.959160327911377
50b1cb7eae4f7c83e466f927bdc5574e,1,0,0.4948195219039917,0.4948195219039917
50c5fe8acdcd1ce4ddde5fec6e61c81c,1,1,2.2196438312530518,2.2196438312530518
50dca6da456cc4a4970e94207fb9e8d4,1,4,4.067811489105225,4.067811489105225
50e4e960102369eb7b271d3afe227ef7,1,2,2.5569567680358887,2.5569567680358887
5123de8a47c1584b66fea313adb4e2d3,1,0,0.22983744740486145,0.22983744740486145
512410e602e488f76eabc10127193362,1,1,0.9494985342025757,0.9494985342025757
5153df72c43ac1de852e734075691c30,1,0,0.17461775243282318,0.17461775243282318
515c5c3ca6c92cd2a972b7a5d73c6ec6,1,1,1.7926472425460815,1.7926472425460815
517b74706538c339b98d3d94e15b6499,1,1,1.321614384651184,1.321614384651184
519da2cbc9327761dfc95ecdc9af3bfd,1,1,0.2070973962545395,0.2070973962545395
51bb63f952d6b40c79ec26b18735edbc,1,1,1.2985342741012573,1.2985342741012573
51c3d460a2f37b0c8948478f702bddb4,1,4,4.516942501068115,4.516942501068115
51dabbb3c216c71fa662fbad9f947939,1,4,4.50568962097168,4.50568962097168
5220a2cb778f8567ebf7f81ab2b103ff,1,5,5.000041484832764,5.000041484832764
5252182ded15f6179aba4b367c0215dc,1,0,0.31772786378860474,0.31772786378860474
526b3a6453ffd2eadc9e5e78d7399bae,1,0,0.3014484643936157,0.3014484643936157
527282598f789e5e0854a7f208016533,1,1,0.27909037470817566,0.27909037470817566
528421f82bedbe7fa89705ebca3df38e,1,1,0.6821227669715881,0.6821227669715881
5289380c455996a3c27b717c7cc2937e,1,4,3.9673612117767334,3.9673612117767334
52d9b14996bd9f5c59cb765cd276f111,1,0,0.11996792256832123,0.11996792256832123
53112d6426aa20a446eac73f72ef0458,1,2,3.9565529823303223,3.9565529823303223
5312696946a2592c9e0f09a25f1d080b,1,3,4.536361217498779,4.536361217498779
531a7f47d8e6e7733e86000e5f793168,1,5,4.431458473205566,4.431458473205566
5338e73d016150c190a2c4671919b4ba,1,2,4.230225086212158,4.230225086212158
53395078c052e6dcc08cbf8a227ba147,1,1,0.5528604388237,0.5528604388237
539afe8ddc8d58e7a0c07463298fb019,1,0,1.2512198686599731,1.2512198686599731
53b8f259c520cdd1d4b795642340055e,1,5,3.050546884536743,3.050546884536743
53c42a394b9b949e8fe7c66df360aa5e,1,1,0.44934409856796265,0.44934409856796265
53d99b6d0957c93029223458e5e9e5bc,1,1,0.9766955971717834,0.9766955971717834
53f2d7fc3b642a8b6cc2d2780f6bb48b,1,1,2.294260025024414,2.294260025024414
54092d5c32d1e285f2b39d91515592bb,1,1,0.34765633940696716,0.34765633940696716
5467682efb785fda8ad40d44e33f1f87,1,2,2.6902480125427246,2.6902480125427246
5477d1fe122c0b899b4be1634d3d8da5,1,0,0.9343594312667847,0.9343594312667847
5491324b554f337dc1eaf3e0c93eebb4,1,3,3.9472436904907227,3.9472436904907227
54c0ade41f99b4f8d141628ee9c6be50,1,0,0.22437474131584167,0.22437474131584167
54d5344186ef7a12e901064af86268fb,1,3,3.4986236095428467,3.4986236095428467
54d6c9c73ffff3037136f02ad78da625,1,1,0.5079180598258972,0.5079180598258972
54d8ec6ad7fb212c188a3607553748cc,1,0,1.3787137269973755,1.3787137269973755
550e7bb1a7330b015e52b7fef89127eb,1,1,0.5647987723350525,0.5647987723350525
551f26f08a3be19f2f2a3064ee9413ca,1,1,0.6611183285713196,0.6611183285713196
554c017aec32fb7b6448c3ba22d3f0e4,1,1,0.4859679043292999,0.4859679043292999
5581e01257c48c867a21484c2cc2106d,1,0,0.6169318556785583,0.6169318556785583
55b2b9388cfcde42069bee4804274884,1,2,2.8484280109405518,2.8484280109405518
55b803fc495e1b30553a8b5b589eab7a,1,2,2.736539840698242,2.736539840698242
55bc19f33c8e76d179d4fff167424383,1,0,0.312105655670166,0.312105655670166
55c0eded30c834f91a4a717776f781e2,1,2,3.1478729248046875,3.1478729248046875
55dae64aaea4bd532b6889d0632517de,1,5,2.4757916927337646,2.4757916927337646
56019667ff344d5bd98e7fbcbc6396bb,1,0,-0.01367008127272129,-0.01367008127272129
560e4f17e8b93958846f1186eb720f76,1,0,0.4095706045627594,0.4095706045627594
5619df86f52fe4db0cb874f07166e2ea,1,3,1.1922088861465454,1.1922088861465454
564252dc7eb1c27099ab70a95e189748,1,1,1.6303871870040894,1.6303871870040894
5667bcf82d6fee7017e4435ba066e1f7,1,2,1.6362158060073853,1.6362158060073853
56aad0a72d0b575ed7a7c10c9a6aa0ed,1,1,3.8857948780059814,3.8857948780059814
56bf991045375c78e5407cc03ebdb759,1,2,1.14531409740448,1.14531409740448
56fa8b134b06e3a50c2fa4ee71defaba,1,1,2.3855268955230713,2.3855268955230713
5713e93359c4a7f36073922557f88494,1,0,0.6565052270889282,0.6565052270889282
573cdbd8eda0e7ccf8a1df177f1764cc,1,4,3.8082563877105713,3.8082563877105713
574e49a5617b2744c588fd0d2ac3a4fc,1,0,0.23152655363082886,0.23152655363082886
57ac237fd7804341517927ced4353c71,1,5,4.695478916168213,4.695478916168213
57d9e8952e401a8f68a4a6ac950c3f00,1,1,2.505469560623169,2.505469560623169
57e625f31af9400c35f881ede09c1ac5,1,0,0.43611741065979004,0.43611741065979004
57ece2e44e184e3a8d376f118bdf2ed9,1,1,1.1500096321105957,1.1500096321105957
580afb70963f6ff1f5b5c038e229b55a,1,4,2.9059865474700928,2.9059865474700928
581a0ecff3a2c886dbf5725909d210fe,1,4,3.7182223796844482,3.7182223796844482
581ddcc26091de4814ecf37300c7c297,1,2,1.365790843963623,1.365790843963623
58236e4aa762bf96225d16173086c62b,1,0,0.4271186888217926,0.4271186888217926
585bf47f399249d4bc1e18a0aad69d2a,1,4,2.7912871837615967,2.7912871837615967
58828230621362791c841c47151ddf15,1,1,1.3620928525924683,1.3620928525924683
5892b3113aa9e0decd5dc15c74c7b1a4,1,0,0.3035203218460083,0.3035203218460083
5904fa2121ec88a1db8251d6d986f38a,1,0,0.410823255777359,0.410823255777359
591a3db736f25c66b1261f01615e599b,1,4,3.8443405628204346,3.8443405628204346
5942e1016b0bb0a5adc8f60714cb5b51,1,4,3.5711445808410645,3.5711445808410645
5968428558aa2438b6a420dfddb5829f,1,0,0.40933865308761597,0.40933865308761597
59750807e9d7869288cc60f7c318314d,1,0,0.3789559304714203,0.3789559304714203
5983afd79b3d81e4fa5d23eccdcac8c4,1,1,1.4989742040634155,1.4989742040634155
598d897fefcc795632c3a0323dfcfe3d,1,3,3.518550395965576,3.518550395965576
59949a9304b8d4678e55709ef9cf1d8a,1,0,1.6802799701690674,1.6802799701690674
59a32be440fb38bb36d330c7af0c95c3,1,4,1.4323889017105103,1.4323889017105103
59bc78cdb381a80a8ba9e2f429a0f993,1,1,0.35286036133766174,0.35286036133766174
59d4bea62436f927dca8046cd737af55,1,2,1.816161870956421,1.816161870956421
59df439b2cd91c2cd68f3a0917ab470d,1,4,3.176771879196167,3.176771879196167
5a112beb1fb4921df86062b489f41928,1,2,3.59336519241333,3.59336519241333
5a147e41134b03ab6a358b3db92d30ef,1,0,0.504730224609375,0.504730224609375
5a33146b3a9f15e2e3fe5d52ea9df09c,1,0,0.4886995255947113,0.4886995255947113
5a6fbb00a1d8eabcf61d3094e008c283,1,4,4.194101810455322,4.194101810455322
5a89e95c1dfe4f320ac954517281f9eb,1,4,2.869476556777954,2.869476556777954
5ab6080dede08b3dbadb29d87ea93c1a,1,0,0.6110710501670837,0.6110710501670837
5ad07c7af38a557d5542f50ce6341f8e,1,4,0.9843672513961792,0.9843672513961792
5ad5cca8bc4c96585d42a6f8369be1e7,1,3,3.4644811153411865,3.4644811153411865
5ae7134c28c47387bd8c5aa8d044a682,1,1,0.2686682641506195,0.2686682641506195
5af1d8e9aa13f3bf81ee04e9ad72e55d,1,1,1.340522289276123,1.340522289276123
5af447057c0eb2ca945c12c398f670f9,1,5,0.8299393653869629,0.8299393653869629
5b01a2f268bd6365a7ef77b16ffd7173,1,1,0.9826958775520325,0.9826958775520325
5b281fbdb595d08a630ec51d418a3196,1,5,4.68013858795166,4.68013858795166
5b2c1fcb4a370400b64df671560fb733,1,4,4.589853763580322,4.589853763580322
5b35810de01fe586e598f49e17cfcecc,1,5,4.618171691894531,4.618171691894531
5b439c3bf2ed699b136dc5ca939873bc,1,5,4.243536949157715,4.243536949157715
5b4d05a2a6b70bbb2ee716979a7fb120,1,0,0.10120165348052979,0.10120165348052979
5b78d822442ace9831e972143994d548,1,3,1.9792016744613647,1.9792016744613647
5baaefc5eba0fef699e4fd80040e482b,1,0,-0.04563593119382858,-0.04563593119382858
5bd1ec348f050f3e5642a23207012a23,1,1,1.6231192350387573,1.6231192350387573
5c023def11d24939459afd3e3cb69620,1,5,3.797016143798828,3.797016143798828
5c2226e06c1c417be01fdd49ce5501b9,1,5,3.3729631900787354,3.3729631900787354
5c707b3792821638b84b524ef9ad3d4e,1,5,4.43149471282959,4.43149471282959
5c7e3c7f2b7fbfaf98f2172e2eaa8f28,1,4,4.093826770782471,4.093826770782471
5c8221e41ea4fd14580697ff97fa38b6,1,3,1.454936146736145,1.454936146736145
5c845f5a01b97dd479aeef86b465605f,1,5,4.505523681640625,4.505523681640625
5ca13bda1c8a128938a5cb71e54f692c,1,1,0.7136403918266296,0.7136403918266296
5cc8a6260ae47db4e4e69717ab8c405e,1,0,-0.08495429903268814,-0.08495429903268814
5d00686aeee37bfef71ad623ab4abaa5,1,0,1.0239664316177368,1.0239664316177368
5d28dc81420bc0e2ee5d3ac90d5153ef,1,2,4.13726282119751,4.13726282119751
5d438b93171c54575c3248d799952a8c,1,5,4.084740161895752,4.084740161895752
5d46da93924a4b15472581eb39658309,1,0,0.7713305950164795,0.7713305950164795
5da72569e3908391620c3fc13b3fd821,1,2,2.91528058052063,2.91528058052063
5ddb273c1966b8e5849a9292ed4c96ae,1,0,0.4400344491004944,0.4400344491004944
5de921452c721c77d8ffa775b9241542,1,5,4.297743320465088,4.297743320465088
5e09634f848e23aa10f79cb6e7c5cd65,1,1,1.3112733364105225,1.3112733364105225
5e862859f60d643795701ab5a17c6348,1,1,1.1849172115325928,1.1849172115325928
5f171365f520e179ee080df12dd0330e,1,0,0.4472682774066925,0.4472682774066925
5f3435341b61628b1e308362c52a9460,1,4,3.724297046661377,3.724297046661377
5f7ebc491021150fdb969866ad5f6d81,1,5,4.41525411605835,4.41525411605835
5f87ade21db570b2dbdd0772edd54657,1,0,0.4923999607563019,0.4923999607563019
5f8fbed589d176d76b04935caa744bec,1,5,3.8515067100524902,3.8515067100524902
5fcce7dc17349db4badc8e94e41f45eb,1,0,0.1623273491859436,0.1623273491859436
5fdca67311d04c9f5625d73a6bd4e825,1,4,5.568596839904785,5.568596839904785
5ffcce68d2c246abbaf30aedc7f37848,1,0,0.4764530658721924,0.4764530658721924
60083d3faae39b546e94bd206cf4c9cd,1,4,0.14214938879013062,0.14214938879013062
600a7b8ec7c5e6b21eb9b12b86eb1b4a,1,0,0.2638302445411682,0.2638302445411682
601b0ee3f58bd12e3f3f1ff3a91d2ac1,1,2,0.9815186858177185,0.9815186858177185
602dcec72143bd0f1eabfad244f081dd,1,3,4.325882434844971,4.325882434844971
603ae4e9d3655f21702d565d880f626c,1,3,2.9793343544006348,2.9793343544006348
604cb4469dd3f8c69718d8e1dc99e6f8,1,0,0.3532218635082245,0.3532218635082245
60502735df319ec33f862579fb6563d5,1,0,0.057359568774700165,0.057359568774700165
60a2e2fe245ac94e689d5786e86a1bbf,1,2,0.8079515695571899,0.8079515695571899
60b7d512af5868f8f22923b4d70a4f3e,1,1,1.3821929693222046,1.3821929693222046
60e51083a75aa5283aadde7f110df48e,1,1,1.43489408493042,1.43489408493042
610489a9612f4f28cd140e8326c909fa,1,5,4.684093475341797,4.684093475341797
6132aed76295829095a8ad229f995ced,1,0,0.5803204774856567,0.5803204774856567
615b8a4e40699ea384e5f518ac0c68b4,1,1,0.6774546504020691,0.6774546504020691
61838ed2c863a4b4d7b851854f990941,1,1,0.7287347316741943,0.7287347316741943
61a5c5faf9be923b525a4a57197a767a,1,2,2.755166530609131,2.755166530609131
61b3752ad80e246f426e82a72ab8f238,1,1,1.3795199394226074,1.3795199394226074
61bdeaac05baf83c9df0395ebac73ba9,1,3,1.2493233680725098,1.2493233680725098
62210a1558822c75a1088a96ef042be8,1,1,1.022656798362732,1.022656798362732
623055537fd299a566acf58214ae2133,1,1,2.4307971000671387,2.4307971000671387
625629beeb87ce7468d505457108da69,1,4,2.6347010135650635,2.6347010135650635
6259bdf29094e9a832bb47b970ff8cce,1,5,3.8251538276672363,3.8251538276672363
62795965d1330a135f09938efb22fb6f,1,0,1.1425833702087402,1.1425833702087402
629462b0eeb5ac0ac86c52d1bba21146,1,0,0.08243420720100403,0.08243420720100403
62a0c25ab8bb28f97b9f2abfd05ef5a6,1,2,3.7809557914733887,3.7809557914733887
62a976bdc21bd2c8a34de5ec3d192857,1,2,1.4679652452468872,1.4679652452468872
62e36f7cc417a5e10b21466267b327ca,1,3,2.048499822616577,2.048499822616577
62e9867216981bb9eb06e9d14cd2b0eb,1,3,3.4077212810516357,3.4077212810516357
63119b7889164b2153a2ec1c829ea853,1,1,1.1812829971313477,1.1812829971313477
632a836af7b82fc1351e5e6955a33c9c,1,1,0.6433547735214233,0.6433547735214233
636498ce17020805892b1dd50e5eed64,1,4,4.436426639556885,4.436426639556885
637816ad02733d3306ae64bd0d2b6bee,1,5,4.004980564117432,4.004980564117432
63b475ef802ec75075a927c0980ca3d1,1,5,2.5803945064544678,2.5803945064544678
63f857539684850528531dc73ded627e,1,3,0.745172381401062,0.745172381401062
640b696aa98cfb760162e0cb60d0bf06,1,0,0.6111342310905457,0.6111342310905457
644bfd69ca745dd7e1884a4f4c2fc408,1,3,2.1951794624328613,2.1951794624328613
64b7fa539fe4647b60c3e25f17732a5f,1,4,3.669475555419922,3.669475555419922
650dabf1b46d9fd75380b11c772e6bf6,1,3,3.3299148082733154,3.3299148082733154
6518dd103748ee00e9bdb448f585bdef,1,1,0.6921539902687073,0.6921539902687073
6519a41ad0cd0eadde0cde1ee256d141,1,3,2.625131607055664,2.625131607055664
653c264adcf141d83e59f7f0a9c9bed9,1,5,0.8681999444961548,0.8681999444961548
6549ae500a4a645d44efb7a611c5ab21,1,2,2.8380534648895264,2.8380534648895264
6571e5fffadcb4ab16a0fc6388deed0f,1,0,0.24596574902534485,0.24596574902534485
65ae2ddcf6dbae0f38297cfa1e3e5d0b,1,0,1.6546283960342407,1.6546283960342407
65cf80cfe609bc8c8a5268c72dcbacd4,1,0,0.7743462324142456,0.7743462324142456
660731988fc83bd94ff232ce81367420,1,0,2.3486905097961426,2.3486905097961426
66557aa92abab5f0eaa6a7c03d17bff1,1,0,0.25945281982421875,0.25945281982421875
668c4850b2f821babc8ff8c7e877b9b2,1,1,3.601250410079956,3.601250410079956
66cad79a848b2b9476a2517a80314327,1,1,0.5650759935379028,0.5650759935379028
66ef5a1ac8776b33e09e53a852854cdc,1,1,1.976478934288025,1.976478934288025
66fb8b64a9acb2fbf59d4f002db34bf8,1,5,3.79512882232666,3.79512882232666
67221cc31ec6ad9e106de548f7aa5823,1,4,3.2462713718414307,3.2462713718414307
673449b5e46a844b12b1599781684591,1,0,0.5679877400398254,0.5679877400398254
6788613b15835202197519f788c9f435,1,0,0.22636792063713074,0.22636792063713074
67f5929b81aef7c91f8501e93cb04193,1,2,0.55623859167099,0.55623859167099
67fa39eefb55953ca818c7c46d3a8369,1,0,0.3492526412010193,0.3492526412010193
684007dfab2690881f18447158417ead,1,1,2.270078659057617,2.270078659057617
685746f405341f7cdd4fcfef07b41bda,1,5,4.0929951667785645,4.0929951667785645
687caedb62d68fd4692af68d695efc1c,1,0,0.7265672087669373,0.7265672087669373
68d28aa1831633cd996a227062f03bee,1,1,2.5188121795654297,2.5188121795654297
68f5d0cf51594a0eea7f8d19447d4d61,1,2,2.2245051860809326,2.2245051860809326
68fddc3487a506126daa6342d3d31fd5,1,0,0.2401813417673111,0.2401813417673111
69170d42ade5329fe02df566a7447a99,1,4,3.8784475326538086,3.8784475326538086
691a9e62ce9f6633c08462c398f7e140,1,1,2.928342342376709,2.928342342376709
691b8d6d8606006ea205fd1189d017f7,1,2,0.8451947569847107,0.8451947569847107
69240805aeb7c006dffd474b1253139f,1,1,0.5460585355758667,0.5460585355758667
6944574816971eda40c20e1e05ad501d,1,4,3.6815311908721924,3.6815311908721924
6953f1acbc18152929c4d8e1924a7b4a,1,0,0.4207126796245575,0.4207126796245575
69782ae700f84033ac9b654140f7229e,1,0,0.918701171875,0.918701171875
69a4552b4624ba6c770a637769fb5d4f,1,0,0.3620985448360443,0.3620985448360443
69a7c39a08e8c57691a2fb78904db85b,1,1,1.7292873859405518,1.7292873859405518
69d0aae1adb4068191d4b119e45bfddc,1,2,2.5825388431549072,2.5825388431549072
69d6fdc8e8bed1323f7dd9055aeb0e6b,1,0,0.20475322008132935,0.20475322008132935
69da9f886fc4413167b8b144da775269,1,1,1.621361494064331,1.621361494064331
69e2eab0eae3bb4ca3650e3854534f32,1,5,3.580355405807495,3.580355405807495
6a118195faa9b1d7cce6389372ad000b,1,1,2.022193431854248,2.022193431854248
6a1d806e8de5224e3134a345e2ee8f74,1,1,1.1277858018875122,1.1277858018875122
6a20f367061abe2487a85af7b42e2d5b,1,0,0.3467767536640167,0.3467767536640167
6a402d0e57d9eb2489b0660d80b191a6,1,1,1.5320746898651123,1.5320746898651123
6a523275e30b19c0390655b278716b58,1,5,3.6700000762939453,3.6700000762939453
6a6fd85a99a3e047f479e3b82379a23a,1,0,1.1514338254928589,1.1514338254928589
6a7acfa9447d5df18f50e7ffdfe34f38,1,2,1.289889931678772,1.289889931678772
6a8bc78952e550d8374655274bf3e0fc,1,0,0.3781721889972687,0.3781721889972687
6a92eb76ed79700e3718ac8754e341cd,1,0,0.2453121542930603,0.2453121542930603
6aa05e4c2cd649f22d309c40540b4230,1,3,1.7654480934143066,1.7654480934143066
6ac0b26f19900930a2ec02c9f5187b53,1,0,3.3079798221588135,3.3079798221588135
6b1b949e02139e6760164a5412a017c6,1,0,0.19567526876926422,0.19567526876926422
6b3066448fce3a65fbe2bda2b8e6b364,1,3,4.598302364349365,4.598302364349365
6b356b6a114a7663f2dbe960f217601c,1,4,4.5005998611450195,4.5005998611450195
6b512a45bd8ca759e655c2d551dec2d9,1,4,1.42913019657135,1.42913019657135
6b53efd54fcafb28657d482fc492fd61,1,4,4.278720855712891,4.278720855712891
6b5ce8b4c2b7c2655752c4c561059328,1,2,1.6290754079818726,1.6290754079818726
6b6ee3706f0b7accf8dcb4d85ed46975,1,4,1.0786281824111938,1.0786281824111938
6b7687d8a3cec2cfe1eb5a07f7e3eace,1,1,1.377508521080017,1.377508521080017
6b7e34e1215bb1f304eb5bab0cdcf8bb,1,0,0.2617005705833435,0.2617005705833435
6b84c34486bb12dd87599bf6bb5d7bb1,1,5,3.6609814167022705,3.6609814167022705
6ba839880ad95ee09f255d5763add5c8,1,0,1.5310312509536743,1.5310312509536743
6bcc536d2db29034ac0c8974df500981,1,0,2.211256265640259,2.211256265640259
6bcc8593ad6683f8edf4a39cffebc426,1,1,0.6342191100120544,0.6342191100120544
6bdd4158abad8cc5af266f1845eb065d,1,2,2.6073532104492188,2.6073532104492188
6bdfc45ee2e638d83c9dbc6e618a7aae,1,1,0.766263484954834,0.766263484954834
6be426efd18e180fd898190490340f66,1,1,0.7805694341659546,0.7805694341659546
6c1ff5288e07d67d22055a334df30094,1,5,2.392794132232666,2.392794132232666
6c42113e5d51c2f864e0bd40fc14b657,1,5,1.4940310716629028,1.4940310716629028
6c568690f107432f5666cd298c7a9014,1,1,0.1664372831583023,0.1664372831583023
6c609a0f9cff9c466a4ec4fe5987f765,1,5,2.668722152709961,2.668722152709961
6c66783893eb733abc27157bfb0cce33,1,1,0.2631545960903168,0.2631545960903168
6c7c3d7b1d1fc86bcb91b75b18f67656,1,5,4.547444820404053,4.547444820404053
6c8b94e99dbb1f65b73e1e8e32469689,1,3,3.0994198322296143,3.0994198322296143
6caa7b567d4e6f6911014f796e288999,1,4,3.0407516956329346,3.0407516956329346
6ccb8529cc90ff30751eff7a1d055b6e,1,0,0.2902584671974182,0.2902584671974182
6cee8aefe85e70aa49fdfe196270dd5b,1,0,0.6257685422897339,0.6257685422897339
6cf483d54bbae9d7fc1009a5e2cf782d,1,3,4.396975517272949,4.396975517272949
6cfcd028cfca9fb39a8976882d0167f2,1,0,0.27732446789741516,0.27732446789741516
6d174dadcbe33bd57700d2bdbac60f8f,1,1,0.2192688286304474,0.2192688286304474
6d2cf90cf2df03cf1d9f2eb38362f58d,1,3,2.6937344074249268,2.6937344074249268
6d3e153de93661cd80baa6dbb6e85fd2,1,1,1.8814653158187866,1.8814653158187866
6d4e9ec6aafe17b5e3b2845905610c2a,1,4,4.569392681121826,4.569392681121826
6ddfb4253f74fd12fb9e8dc9e7530c64,1,0,3.0037453174591064,3.0037453174591064
6df7a3d8b4955d162fcc11bce003860a,1,1,1.2072985172271729,1.2072985172271729
6dfc6b0ab1aa81cb550e52ca291cbb64,1,3,4.400210857391357,4.400210857391357
6e229bc5d46c2bb07cb0ab6b64c30a48,1,1,3.1289994716644287,3.1289994716644287
6e3b4eb31cb44f063fbfa2b7aa2d9861,1,1,1.3617132902145386,1.3617132902145386
6e4144e35f78acb00792c409e87b308b,1,1,0.32864755392074585,0.32864755392074585
6e60addfff9ad2999bbfccc14dc2d6bc,1,1,1.1560550928115845,1.1560550928115845
6e9995fa4c8db46c8bef5798eda91bbc,1,4,3.7136237621307373,3.7136237621307373
6f23c9de94899d380bd7a075209ef415,1,1,1.3484658002853394,1.3484658002853394
6f8a4164d3e4d3d168d51cc090ee7723,1,0,0.5271096229553223,0.5271096229553223
700c5807a050c1819ce4e295890b35b2,1,5,0.7906202077865601,0.7906202077865601
7011aee2bad0c61f658a9e50aa0469e3,1,3,1.7177354097366333,1.7177354097366333
701a0c1cbb556697609f4f45a8c0a7c7,1,5,4.357301235198975,4.357301235198975
70b8788b7d72841a18ebf2e47e70e24e,1,2,2.0008533000946045,2.0008533000946045
70ea9b7452f0663490984c544ef5178d,1,1,0.9249007701873779,0.9249007701873779
70f71c6fa7ad2baeaff157a299e276a0,1,2,3.0793471336364746,3.0793471336364746
70f9db53cebf8b01b447b1a1de031eb4,1,2,1.3592742681503296,1.3592742681503296
70fa73960db8729c176876aefff96562,1,5,4.380786895751953,4.380786895751953
7120c2334b94794a94cf54a4ef1a2303,1,3,4.568070888519287,4.568070888519287
714ecc307ac6c09661404398747027ca,1,2,2.3506295680999756,2.3506295680999756
714fe03e012bb674fd7f3fc8f6763c3e,1,0,0.18625089526176453,0.18625089526176453
71514e491bb54436299fc06c6fcfac86,1,0,1.0361084938049316,1.0361084938049316
719a8909e15987594a62462fe4fa60e9,1,2,2.4307878017425537,2.4307878017425537
71e7c927ed3da27ceae3de5699ff2f86,1,1,1.455045223236084,1.455045223236084
7200c323caff2ce71735a87fa810a211,1,0,0.9346959590911865,0.9346959590911865
725d408c201802a91191f299824b0a3b,1,5,4.740177154541016,4.740177154541016
72aa3eb389001c2e3ceeb58e7b48dfe9,1,1,2.3510444164276123,2.3510444164276123
72e996bf235d7bcec83fd9c8f7de1977,1,0,0.18059132993221283,0.18059132993221283
73037573234229d6a23f57873f966dce,1,1,0.9400205612182617,0.9400205612182617
730688499d4fa73f9b1d051c10630fa5,1,1,1.1202584505081177,1.1202584505081177
730e67d627553f2268de2e1d17b48c91,1,2,1.4665217399597168,1.4665217399597168
7314acc5f6e8d42d384a13da803e10b2,1,4,2.6190476417541504,2.6190476417541504
73264c925b3bf362738f380706b0f6b7,1,0,0.23775407671928406,0.23775407671928406
734aa3671b40d98535e383bb9088fb1b,1,1,0.24170368909835815,0.24170368909835815
735ed10b9f870ff45482454f55b1d807,1,5,3.9820923805236816,3.9820923805236816
736de3568ffafdb50cc9f53c0fc31032,1,5,1.660446047782898,1.660446047782898
738c961280912c67a489723fedffe882,1,1,0.8948259949684143,0.8948259949684143
738e10c912a9f554aa16122f48181c50,1,1,1.3598029613494873,1.3598029613494873
73b8d27f3bcfafdd94ca47c2dd9e13ce,1,1,0.7810966968536377,0.7810966968536377
73cc9e1ff0ef4259e95b692a37e6ea52,1,5,0.918929934501648,0.918929934501648
73cd33025927b81dd36dda93a35b93db,1,5,1.8546644449234009,1.8546644449234009
74168f41b89abab36ec0a1b014c582ff,1,2,1.7508436441421509,1.7508436441421509
745ff65e8c4d1006694049e1da8b938b,1,0,0.11288543790578842,0.11288543790578842
747573e239e3461456074695b68c1524,1,3,2.207467555999756,2.207467555999756
748ddaf8e51c84b260335520e97a8cd7,1,4,1.7202768325805664,1.7202768325805664
74e62ea8e9e5c1a2f6081b831dc1535e,1,0,0.27284106612205505,0.27284106612205505
7536ba997f28abb98cc4c0f31865971d,1,1,1.3878737688064575,1.3878737688064575
7537c295737f3a982a8859919c962c66,1,3,1.629894495010376,1.629894495010376
75423e7c7aec5ed80bc70b62e9ff62c0,1,3,3.909607410430908,3.909607410430908
7544176f3abc652330625e45f8cdbae9,1,2,3.601625680923462,3.601625680923462
7545bb72e9432d63018ce7cc1c0ad80b,1,1,2.3542556762695312,2.3542556762695312
754bb7812dca6a3fe59c3da1558a411f,1,1,0.9767712354660034,0.9767712354660034
755150712ebcc2df72627e68797009cd,1,0,0.8506237864494324,0.8506237864494324
756d99387536d5721fcf4cf590627179,1,0,0.7654315829277039,0.7654315829277039
75835cc8ccb7fe86356cebdb35006fab,1,0,-0.07823630422353745,-0.07823630422353745
758abc79f666a398d3d3bde30eb9db2e,1,3,3.7455971240997314,3.7455971240997314
75be11818843990c70ba0b6ed753f3c0,1,3,1.7084271907806396,1.7084271907806396
75cb55b879fce1a96c8273cdd77048c0,1,4,1.0453532934188843,1.0453532934188843
75e0312b501f37b88a274858cb8e7275,1,2,2.5571796894073486,2.5571796894073486
760c42976ae580bcfe3381ccb4bc2a2e,1,4,3.817868947982788,3.817868947982788
7626a74f93075073e51994c4f3c5f2a5,1,0,0.31384995579719543,0.31384995579719543
7648ece616fd961c1447684b7dc0c654,1,1,0.481111079454422,0.481111079454422
764e8e5bd4476d6859fae2b16ef6e2cc,1,1,0.6454606652259827,0.6454606652259827
76512fc338f0cdc3252fb1e4a0d7709c,1,4,4.58589506149292,4.58589506149292
76555861e947185a4e4db0bc8ddf5462,1,1,0.7281355857849121,0.7281355857849121
766a40322fe11a3794eada34c348b5cc,1,5,1.560171365737915,1.560171365737915
76a17a9705fd4ab2ccdcdd83fb7245ce,1,5,3.790696859359741,3.790696859359741
76a8ff1f9493e07c2e6cd013e3ee0d49,1,2,2.523649215698242,2.523649215698242
76b8865c3acb3c9ac2d796f523bd2da7,1,3,2.919965982437134,2.919965982437134
76c4369a05d0822a0f8280b70f7a179d,1,2,1.7954643964767456,1.7954643964767456
76d1bcd4b79d27c2171a0d6107b31349,1,2,2.312958002090454,2.312958002090454
76d8f3c423e04492b02311274ebc49ac,1,3,3.037412405014038,3.037412405014038
770821ebd320060e08c031bd3bb60ecf,1,0,0.4406190812587738,0.4406190812587738
77086e72bf6d11aa544700a8a3e5da45,1,3,2.663578987121582,2.663578987121582
771d1a07ddea7dc129a58d50f749d042,1,1,3.511087656021118,3.511087656021118
7775b519430c6dff66beb29f1cc9f003,1,2,4.053727149963379,4.053727149963379
77a8d4500bd331027b965e1b1e581ab1,1,1,2.337474822998047,2.337474822998047
77e6971aea24697a8ab12490aba58aab,1,0,1.0516903400421143,1.0516903400421143
780229c1e7700155517861f277640f97,1,2,2.795379400253296,2.795379400253296
78085d10a2665075cba3b247a151f82e,1,4,3.547711133956909,3.547711133956909
7812bf8e4dbb7288800509b89776da73,1,4,2.858288526535034,2.858288526535034
78138d4fc0b8fceb04138cd44d4a4fdd,1,5,4.2481770515441895,4.2481770515441895
782b123f591d199d327080d8a9d045d1,1,2,1.197081446647644,1.197081446647644
784f110168ff6164216bc1af7f3aff7d,1,0,0.2722644805908203,0.2722644805908203
7868df96e0a90130801b19b88185dbe3,1,2,1.3720651865005493,1.3720651865005493
789a88aa6341166fa4e3e08647d3d0e8,1,0,0.3413815498352051,0.3413815498352051
78bd2af7d449cc2185aaf861f61531aa,1,4,2.9506280422210693,2.9506280422210693
78f0437fc3a127819021a03457b2d060,1,0,0.0865526795387268,0.0865526795387268
79067602aa4e5c1d6432839a07875f82,1,2,1.6540682315826416,1.6540682315826416
793a0289643d24429d30f07b32b4204c,1,1,0.15146785974502563,0.15146785974502563
79538de71a078ec7348f0340f8a7e995,1,1,2.7290048599243164,2.7290048599243164
796470003451ea8980c4298b8413cb90,1,2,0.3128415644168854,0.3128415644168854
7989dc8593e576e3c44df1054d5d4686,1,0,0.22952790558338165,0.22952790558338165
799cb4b13d53dcd60058a4dd35a933e6,1,3,0.9982048273086548,0.9982048273086548
79c0ed7b8274042a87f647a1e03d01e8,1,5,4.876918792724609,4.876918792724609
79e6f48335f8260876bff6941eddbf18,1,0,0.3710426390171051,0.3710426390171051
7a0080b771eff77b47ce512773a026dc,1,2,1.9359050989151,1.9359050989151
7a0a50d6ea7cd7654369f1ec71f93db3,1,1,0.8450024127960205,0.8450024127960205
7a2980fb744ca6ea7a9b5d9fa4d838bb,1,4,3.612962484359741,3.612962484359741
7a40364bb1370598575caac647f1635f,1,0,0.23107120394706726,0.23107120394706726
7a7df1b2eabf6a5b55cba56cd312fcc5,1,4,2.5458948612213135,2.5458948612213135
7a8abc693ab86d8b1e89e6ebe3169fb7,1,0,1.6952385902404785,1.6952385902404785
7a97453ba9d4e3722d28f11cda34e079,1,4,1.4543508291244507,1.4543508291244507
7ab654bd45dc4f11910a986561259bef,1,0,0.20293265581130981,0.20293265581130981
7abe38c9601e7503d0169984f8ebf948,1,0,0.32564064860343933,0.32564064860343933
7ad0a9cb57524268ae0af29962e3b4b0,1,1,0.4536609351634979,0.4536609351634979
7ad575414ac3516485d5ed13602aa8b8,1,1,1.8811389207839966,1.8811389207839966
7adb9a199022845663b36db49852383b,1,2,0.29484349489212036,0.29484349489212036
7ae637109d077936dbde6c77bd2c5eb7,1,1,1.0702698230743408,1.0702698230743408
7b167a43593cb2fcbdd16b62c995ea2c,1,5,3.696345090866089,3.696345090866089
7b4b413b17b7daed18c55ba3c75ad036,1,0,0.20242491364479065,0.20242491364479065
7b7884a293fae272689b6d18e245dbe7,1,4,4.0529704093933105,4.0529704093933105
7bb9269813e03e9e784a87f3a2486f04,1,1,1.3343403339385986,1.3343403339385986
7bed5662489bd913da7e9792f715c1ed,1,0,0.10243847966194153,0.10243847966194153
7bfe00531a6e790df9d3fa389a6a97f2,1,0,0.30321601033210754,0.30321601033210754
7c6e364decc2c2e63a40ee36a1694770,1,1,2.413054943084717,2.413054943084717
7c7189f32365e258a898eb268281337a,1,5,4.367937088012695,4.367937088012695
7c76b2d2d594d18430096364ab23f9a9,1,1,3.576796054840088,3.576796054840088
7c7ba4a041b9bedb14fd83e7da0ac6e2,1,1,2.62550950050354,2.62550950050354
7c8d19a02dd9c17f67f97a1b5160ad79,1,0,1.6334728002548218,1.6334728002548218
7ca2aa8117a49b630cdcbdfc57fab6e8,1,2,1.5555795431137085,1.5555795431137085
7ca2c31d434aaa0c2d19ef4cbfc5aa5a,1,1,1.1611523628234863,1.1611523628234863
7cbab4cb4f2b654dab01864409304a36,1,4,3.4229576587677,3.4229576587677
7cbeecc6a98ff2a1f4acd69161732d52,1,0,1.1786528825759888,1.1786528825759888
7cd2df8fe3fe766914f311e7044ae747,1,2,0.8873943090438843,0.8873943090438843
7d3af9f4ccc93603028c8bcacf2d4dff,1,5,4.451534271240234,4.451534271240234
7db090c9c19ac5f8e5262833826dfa9c,1,1,1.4112439155578613,1.4112439155578613
7db9ca11d85a90fac1eea60ddba3b881,1,0,0.8415680527687073,0.8415680527687073
7df260d73a124534f81a62768190ba8b,1,2,2.8500473499298096,2.8500473499298096
7e059274c3afb96b3a33191c804d5a0f,1,5,4.223095893859863,4.223095893859863
7e0c79400b0505ee8cabc69bf38029b9,1,2,2.2882537841796875,2.2882537841796875
7e112e87b63a0ce0b8988bd15d2c9b8f,1,2,1.7257338762283325,1.7257338762283325
7e26b6fec976755158177577cf4c9183,1,1,0.746394693851471,0.746394693851471
7e43dec1572c29fac7a8e6ed7905e927,1,3,4.299252986907959,4.299252986907959
7e69ef88f9064f2df373d006968ca5a6,1,2,3.14560866355896,3.14560866355896
7e72dea4ae66b5bf583013ec985e5209,1,3,3.1122944355010986,3.1122944355010986
7e9faf4f810f09529d000a8ca03e96b8,1,1,1.3432397842407227,1.3432397842407227
7ebe7851c6869af01dcf7c4a23524bd3,1,0,0.4764207601547241,0.4764207601547241
7ec551736c90480bb8a6fafa54f3bf97,1,4,4.074398517608643,4.074398517608643
7ef96252ee2a1ffe86730b31a54d12bc,1,1,1.4319852590560913,1.4319852590560913
7efadcaf19d41014a98b2af2c491d458,1,1,1.577452540397644,1.577452540397644
7f45ba0429a60566e49ba186da979c6c,1,0,0.3887079358100891,0.3887079358100891
7f53e2cb95194577dc29836a0cd7fb62,1,0,1.7970157861709595,1.7970157861709595
7f57053f651025603c6b4246acd0ba54,1,3,4.90647554397583,4.90647554397583
7fac99586c7c32c1aedd474598ccc9ae,1,0,0.43069085478782654,0.43069085478782654
7fb53b604b22a738ee3be852cdd84f14,1,2,2.461024284362793,2.461024284362793
8003fd3fd9c33b3c72cf7b70f619809f,1,4,0.3186001181602478,0.3186001181602478
800ccbf1d68addead37496366d7ffd48,1,0,0.3495752513408661,0.3495752513408661
80177c3829c0b3551b5f025d4ced0c5d,1,4,0.7945329546928406,0.7945329546928406
8033d6e0a204cb0881b3edea38f6167a,1,0,0.40869981050491333,0.40869981050491333
805d295ef3c4c573cb1990596d77ff8e,1,0,0.1861380934715271,0.1861380934715271
8062ef2efbbe38879dcbbe93f69a9e28,1,4,1.7535070180892944,1.7535070180892944
8065167dbab09db4ff16c3a34da435b8,1,1,2.948547124862671,2.948547124862671
80a67cf2aac256ea365b1bff603271d9,1,0,0.7564541101455688,0.7564541101455688
80ba4043de65596c18e5c0c1d5e3a29d,1,2,-0.13808125257492065,-0.13808125257492065
80dc4502ba1cff1616abf553065b6ca3,1,1,2.1021127700805664,2.1021127700805664
80e4dd1d33d2559f42068e45284d527f,1,0,0.3505094349384308,0.3505094349384308
80eb4ec9097d28e851f5ca76c8a69732,1,0,1.4063364267349243,1.4063364267349243
813a9dcf1078efd7086f5fdc2a0a313d,1,1,0.840766429901123,0.840766429901123
815c0f16b5b809d54293c6c981c7daba,1,5,4.493813991546631,4.493813991546631
81e8daac3be77e62ac181304eec1ceec,1,0,0.6022844314575195,0.6022844314575195
81f1706e615ff80757a041cf70d022f5,1,1,4.5756378173828125,4.5756378173828125
82c289e2fb53713789599f77cf368bc6,1,4,3.0738720893859863,3.0738720893859863
82c5a0e06d697ad6afa1ddbc67c08c46,1,0,1.1265796422958374,1.1265796422958374
82d263e53a729615b6dae1d57c67573e,1,0,0.2557840347290039,0.2557840347290039
82fbcd590d5506b7ce1122ee7159449d,1,3,2.746737241744995,2.746737241744995
830484a95f45f28e37b68bd440fd9357,1,4,3.729092836380005,3.729092836380005
832fc8dde9814d7ecf3d16ea3c3ed5a7,1,1,1.255677580833435,1.255677580833435
8334f4fbcf2dc31f0142d5b66ec36400,1,0,0.3504776060581207,0.3504776060581207
835c2db7726b399c38e5e53f1c326ab6,1,1,4.153866291046143,4.153866291046143
8363aae89c7a8c538005c6b26ea5d4e7,1,0,0.29790198802948,0.29790198802948
83cc96d7745a5a6d2e27c4dcdc9431f8,1,1,1.6648926734924316,1.6648926734924316
8423df90dddd142668c18b6ab5ff7f17,1,0,0.22372967004776,0.22372967004776
844e3d9d86b7637b36d6893397861c89,1,1,1.6315933465957642,1.6315933465957642
8495f8040d55ab4ac000fd91a137b0e1,1,3,3.478299856185913,3.478299856185913
849ff9e1d95166edd8a36277c5487567,1,4,1.2060496807098389,1.2060496807098389
84a64d55903e7dfbad5e59693be25669,1,2,2.7490522861480713,2.7490522861480713
84b003f61775364863391f586bba7c6a,1,0,0.2470850795507431,0.2470850795507431
84ddef23ac361e8977e4673ac116b6dd,1,0,0.3275364339351654,0.3275364339351654
850b9fffc6972f75431db42dd07845a9,1,0,3.544177532196045,3.544177532196045
8520e95c49091fe5676146fcedfb3793,1,0,1.023232102394104,1.023232102394104
85462c829a6d24bba94de291d9ef737f,1,1,1.6147301197052002,1.6147301197052002
8565d11c58ff93fb0745f99ccd11281c,1,1,0.8054368495941162,0.8054368495941162
8596a2f7e68a0e11a5653fb2457db08f,1,5,4.7372212409973145,4.7372212409973145
85ae912d1e6aba77299982dd4b63a9e8,1,0,2.08270525932312,2.08270525932312
85b31dab1e9985ed09bc99e6797348e0,1,3,2.774073600769043,2.774073600769043
85b43e64b68fce39237fcfaf32d5a7d7,1,0,-0.09771313518285751,-0.09771313518285751
85e75a3633a7c70abd7d959ff6ee12d0,1,1,0.9646067023277283,0.9646067023277283
862919abd02ee14b4f8d87071fc129fa,1,4,1.1699903011322021,1.1699903011322021
8631ec5e69c162ee078e8a17f131f72e,1,0,0.5697290897369385,0.5697290897369385
864442925e04b7c4018f5c6eeb021212,1,0,0.2071615606546402,0.2071615606546402
86756422e5a91331c0fc069fd3f8bc8a,1,2,2.451690912246704,2.451690912246704
8685b6e382786e031881297b2bf4ae7e,1,1,1.0422191619873047,1.0422191619873047
86983b5439f4a111cf6173c634302531,1,5,5.1317667961120605,5.1317667961120605
86a2e973602ec382660c072fa42ca670,1,2,2.1996827125549316,2.1996827125549316
86aa40de50e2e62b3250abf046b44d84,1,1,0.44402578473091125,0.44402578473091125
86f4a04a0a753ef68df0dc8b20996d72,1,0,1.1686745882034302,1.1686745882034302
86fd4ff8a21d365227993c845db5e6e8,1,4,3.7813754081726074,3.7813754081726074
871709830d72446075ea1b7f0602b1d7,1,1,1.1294535398483276,1.1294535398483276
872242e82c92ca733eed12510b1295a4,1,2,1.7841330766677856,1.7841330766677856
872d17b9bec7643af6c4e4685e05f407,1,3,2.319888114929199,2.319888114929199
8743d3eac43f246d21385f3070901b05,1,5,3.086759328842163,3.086759328842163
87564cf996f25607b3f4a3c2c3738f03,1,5,4.172155380249023,4.172155380249023
87aa1a48a88f66a9619e32b545b3d2bd,1,0,0.6848964691162109,0.6848964691162109
87c242a8e7dc0e5636b0ea1927f616cd,1,1,1.2830506563186646,1.2830506563186646
87c639ec5365c2d6d61581be6407c8b6,1,5,4.012938499450684,4.012938499450684
87f8364df7064774ead518b556765572,1,0,1.736499309539795,1.736499309539795
8804dd9a9324daf031b2ad0c70387f01,1,5,0.9455245137214661,0.9455245137214661
8809e1cb2640ba1c6ebf7fb3c72dc250,1,1,1.460707426071167,1.460707426071167
880c1f78ee7e01cee8776b5ec789bd80,1,0,0.8111749887466431,0.8111749887466431
883da8599360fdc5f7ce01ec771b2e65,1,2,1.5421816110610962,1.5421816110610962
88865c437104f76ab06759737ced0cb9,1,4,2.7416884899139404,2.7416884899139404
8887984626edc8b93aef010bf8357337,1,0,0.8040909767150879,0.8040909767150879
8889db1bff5d7e9b8d8fe4a1d47f97b4,1,0,0.500526487827301,0.500526487827301
889806fafef98aab5c400f36dd30aae2,1,5,4.273495197296143,4.273495197296143
88fcb6de1ead418b238f198a635179c0,1,4,3.690476894378662,3.690476894378662
8948231e22708d60c8f855d7cbae5cf3,1,4,4.090983867645264,4.090983867645264
896ffc56e018a333454c4889a28459a2,1,2,2.772979974746704,2.772979974746704
897ba1f3a78695935baabe54f649e95c,1,2,4.826970100402832,4.826970100402832
898285bbfe20c9dc5ce9238a9cc6510f,1,5,4.152970790863037,4.152970790863037
898c2d26d40846143d477f1b625971a1,1,2,2.5943987369537354,2.5943987369537354
899208b5b6d4e2244928c3be37ca1a67,1,3,2.9988279342651367,2.9988279342651367
89a8c3dacb902dfad95f51a5832d238d,1,2,3.263688325881958,3.263688325881958
89b16d4fc1a0315739b2e6b02e0101a0,1,3,3.8811988830566406,3.8811988830566406
89c153314fbb6cb1b8140d1e5cd5683f,1,4,4.726397514343262,4.726397514343262
89dedf625c91ded52120e73c33932da1,1,2,1.409348964691162,1.409348964691162
89f418346fc412a6458aaa05a224af3a,1,2,1.5803812742233276,1.5803812742233276
89f8bfd1bbefd9ed29720eee5713b2c9,1,5,4.7477898597717285,4.7477898597717285
8a104f21359fb32d52d2eaee124e49d9,1,1,0.45548292994499207,0.45548292994499207
8a1520420384d8c11733edd40969effc,1,3,2.187265634536743,2.187265634536743
8a4acae5d50cd14899eafd08c2dfa8fc,1,1,0.4246926009654999,0.4246926009654999
8a62c7e1f8070d642c7de7156dcf55bb,1,0,0.9203081130981445,0.9203081130981445
8a80defb01a1065b67e9ae7dd65ac165,1,0,0.7833548188209534,0.7833548188209534
8aa35680beee94df712c211da5bda211,1,0,0.17338845133781433,0.17338845133781433
8ac5528e72bb7fb3e3b0be31ad1f0f20,1,1,0.5913584232330322,0.5913584232330322
8ad806110eed91e34742c699c31755fe,1,0,0.2341124713420868,0.2341124713420868
8ae3701db2178185c232a92c5579e4c2,1,1,0.5585401654243469,0.5585401654243469
8aeccaf12d3173a0c09f873be67be5a5,1,0,0.2813526690006256,0.2813526690006256
8af21cee20c50ca357ddc9e145584c15,1,1,1.4573782682418823,1.4573782682418823
8af8df8099130fb4d9667e28b0bc0049,1,0,0.7320300340652466,0.7320300340652466
8afc7add70b4d06343b2b9f37f58cf65,1,2,0.7853553295135498,0.7853553295135498
8b44ccec7265270e0524c5ab658d1344,1,1,0.18986700475215912,0.18986700475215912
8b53e39fef183c0f3af56a47f42177ec,1,2,0.22377929091453552,0.22377929091453552
8b656ab1363751b4dbd3489002924fce,1,0,0.3460009694099426,0.3460009694099426
8b8338194dd8175d057bdc068ba44945,1,0,0.21332307159900665,0.21332307159900665
8b8947e12fd0c2b222e3026a1cbc1972,1,1,2.14416766166687,2.14416766166687
8c29bd4a2c7e20e6fe58fea5bb27309a,1,2,3.235323667526245,3.235323667526245
8c5c7ff38873658e6047f7bd39ba0a98,1,5,3.893338680267334,3.893338680267334
8c72125b59c871657b90358f53dab131,1,3,2.659679651260376,2.659679651260376
8c7bdc4f695371de12b86d561d0b0c4c,1,1,0.940261721611023,0.940261721611023
8ccc9a1d1dd3379192c829ac6ab62550,1,4,1.5937238931655884,1.5937238931655884
8ced08fd98400f0dc7d3b1ebb782eb7b,1,1,2.2040560245513916,2.2040560245513916
8d0e1de534ee6589cbcc1af1ded62f7d,1,2,1.7840865850448608,1.7840865850448608
8d1f2fb9f5b3360f9760d2f93a3c7171,1,0,0.24616457521915436,0.24616457521915436
8d2b245c0b16c142dcd57fa32cbc6d86,1,5,0.6116986870765686,0.6116986870765686
8d2d81395c6a14a4683d92b7db8bf18b,1,2,1.7608387470245361,1.7608387470245361
8d3f432144fb13e62d865a20dcfa7e82,1,5,3.7623589038848877,3.7623589038848877
8d743ed3d38796d111981e6efb41457a,1,1,1.3778330087661743,1.3778330087661743
8d9e28e97edc6598da7df0b5b7c098d6,1,5,1.3239436149597168,1.3239436149597168
8e10fdf7cf892cd38ba41c771557b0ce,1,3,2.5775322914123535,2.5775322914123535
8e1caeb7b30b4cf3b1d07e777aca6a67,1,1,0.5092873573303223,0.5092873573303223
8e746b67fa47b5104b9cbe38c1c2014b,1,4,1.3057541847229004,1.3057541847229004
8e74810e59ad22578ca909985e484cf2,1,1,0.815171480178833,0.815171480178833
8e8067699657d35ca314a76b3892307b,1,3,3.608083486557007,3.608083486557007
8e9fa23bd67888cbddd7203f3a2db9fe,1,1,2.5628597736358643,2.5628597736358643
8ea5bb9e2220e1906653030284775e1a,1,3,3.1072306632995605,3.1072306632995605
8ecdb6b16476fa6610c7200a093f562c,1,0,0.34895965456962585,0.34895965456962585
8efb75ef39c5b55cffeac6d3d19cf238,1,4,4.7484846115112305,4.7484846115112305
8f0014b11255b876c86bc3962d82a99e,1,2,0.14575640857219696,0.14575640857219696
8f3594bd4bd9f8209fe59b965b431963,1,2,1.4238905906677246,1.4238905906677246
8f390d3f70eb8c12b3e56bb1976c71dc,1,0,0.9756984710693359,0.9756984710693359
8f5ae51366bcb44ca78d5c79e4c782ef,1,2,2.3238866329193115,2.3238866329193115
8f68f6bfbb6d42404f399af5850d29f4,1,1,0.9736922979354858,0.9736922979354858
901c286b8214018bb61ece49767c9004,1,1,1.812957525253296,1.812957525253296
904abf17bb3b1052483e2b026d2a2a7e,1,2,1.049432396888733,1.049432396888733
905733a0eeb4e1e2fadca080fecd62da,1,3,3.9404642581939697,3.9404642581939697
905c650345aa10be67b1193b35cc44a5,1,0,0.2551157772541046,0.2551157772541046
90eafbed9a8929f535b122c7b164fcf9,1,0,0.42485713958740234,0.42485713958740234
9140f25d89ce21afd290027d237a1c36,1,3,0.5776534676551819,0.5776534676551819
9144106abaaa37336cad2f4ef72d3fdc,1,2,3.715771436691284,3.715771436691284
9156dc269872b5c1f832a6a71cf0f8de,1,0,0.8553045988082886,0.8553045988082886
915845d6283e37f8855d3ac5c0bcd599,1,0,0.2065034657716751,0.2065034657716751
91711a1d263ddd2559f5b91669cfcb4a,1,4,4.139896869659424,4.139896869659424
9181bae76adbd66f7a603698945dbb9f,1,1,1.366655707359314,1.366655707359314
91943fddc4c32254d35553f7cef53683,1,3,1.6247566938400269,1.6247566938400269
91afb93637f5f86aacf904fcbe2bf5d9,1,1,0.7110626697540283,0.7110626697540283
91b4d138c4615eda9484353968b9b0b3,1,0,0.1299392729997635,0.1299392729997635
91da6390f18abade4b2f30ca2b0a9156,1,1,0.1936499923467636,0.1936499923467636
91e29de2d26bec1ecc377921c0ff0a50,1,5,2.531970262527466,2.531970262527466
920249b849efbeedab4cbfe37d735404,1,3,1.4534839391708374,1.4534839391708374
9244b109ff28b15a04941fbc00a5caeb,1,5,4.2427287101745605,4.2427287101745605
92830b819eb02be8d93a9e8e8b5ae090,1,1,0.4301987588405609,0.4301987588405609
9293d9cbf670375a056639da7e0a0f7b,1,0,0.30168721079826355,0.30168721079826355
92ac26cd740768dd6ff5f648f2bcf618,1,4,2.603522539138794,2.603522539138794
92ac748f5a590d8cb9862869c56ce0fc,1,1,2.281770944595337,2.281770944595337
92d9151ac1696151907d63db1116efa1,1,3,3.2038495540618896,3.2038495540618896
92ed1808381455735456c3cbfb547ea6,1,1,2.470240354537964,2.470240354537964
9311b55b58d9dabca201da04a286fcc1,1,1,1.121578335762024,1.121578335762024
932af254f55ed4607b6a31c4fc69726f,1,2,3.0567266941070557,3.0567266941070557
9359e8987975c5e0d24dcb18e41270dd,1,4,1.283933401107788,1.283933401107788
93833feacb7db2d9b7309fbd9cda84d0,1,3,1.844257116317749,1.844257116317749
93a53e5582574f10426754a9ee48619d,1,0,0.5934673547744751,0.5934673547744751
93a6df6c3e87cddf40ce9317f431b437,1,1,1.0900028944015503,1.0900028944015503
93c360d81e7e85d723da037885008528,1,0,0.5498148202896118,0.5498148202896118
93c3ab8d7caab409b1d9a6e97b789703,1,0,0.36018380522727966,0.36018380522727966
93e402b3157850fc6995e60ebb11f70a,1,4,0.27895495295524597,0.27895495295524597
93f366029ac746d84ea2aea80cc998e8,1,1,2.4458887577056885,2.4458887577056885
94430d425fcce2eb8de96209bbead0c5,1,4,3.1387155055999756,3.1387155055999756
9469e763e512e05eca69e2e28b6f4ef7,1,1,0.9663435220718384,0.9663435220718384
947778d55b7cb029d9b22bd048534fe5,1,3,3.4748404026031494,3.4748404026031494
949819ffbb671f6db1ebba07195d5571,1,2,0.9203673005104065,0.9203673005104065
94dcdaaf4326572b9ab6402c00a73c57,1,2,0.6867846250534058,0.6867846250534058
94e805801918bb97b698e5190edab934,1,4,4.164068222045898,4.164068222045898
94f80c53bdb15bea46fa9ad42bfe7093,1,0,0.38904282450675964,0.38904282450675964
9539ca1c39d9b6ff86f427ccbb0966c9,1,2,1.101759910583496,1.101759910583496
953b9d576b5d252f0e25a866c7a81f0d,1,1,0.8511214256286621,0.8511214256286621
954e9c58e7e2007d308584e35368996d,1,5,3.0721354484558105,3.0721354484558105
9559ae040fe5fac16fc58b41bc03b714,1,1,1.7073336839675903,1.7073336839675903
95628b86f92136292339cdf12e2b8c8f,1,1,0.3943437337875366,0.3943437337875366
95781af679bc9da8eb878cee3af3d158,1,1,0.542059063911438,0.542059063911438
957b6739a057adf1eef9ff91f31afe43,1,0,0.06890591233968735,0.06890591233968735
95ce6e0bcd89e1efb666a0c9fa3a1106,1,0,0.4268796145915985,0.4268796145915985
95d7b143d6b7882041810a4b445a7553,1,2,3.1383235454559326,3.1383235454559326
95deb0caf878d715c1a497a77abbd6d9,1,2,1.0579019784927368,1.0579019784927368
95df6544155901a142acce3866e316c2,1,3,3.042966604232788,3.042966604232788
95f46368ce66a0f5d0fb0ce29d703451,1,1,1.2052972316741943,1.2052972316741943
9601e9f2ce0e61c627ec08bdd50d4f53,1,1,0.6112120747566223,0.6112120747566223
961cf0025e9a8dc8906090034158dd18,1,4,3.7861549854278564,3.7861549854278564
961ddd3709d84bd6dab09205a1cf5606,1,4,4.050296783447266,4.050296783447266
962731dd6f931030e2e763c9fab4fb7f,1,5,4.836025238037109,4.836025238037109
963c4b548a8dea988860f21015eae898,1,1,2.503192663192749,2.503192663192749
963dbf9f3a2bbf5ba88eb0e6e15cb628,1,2,1.263834834098816,1.263834834098816
9647d18e0b7bdf8eb59982acc6fd3727,1,5,2.6046228408813477,2.6046228408813477
964e3c2fc696bb6d6147b24dacabd54d,1,2,2.0194854736328125,2.0194854736328125
968d10296da91899ea751f24e5d97465,1,0,0.35265985131263733,0.35265985131263733
96976962491a0fc26a1faac09684c990,1,2,2.0805561542510986,2.0805561542510986
96e3a3cfac2bdbcf4b6dd1745f818131,1,4,3.9283032417297363,3.9283032417297363
96ebc7a4719a1f87e0d0c6623e32e48a,1,4,2.70255970954895,2.70255970954895
96fabf5f28383a649aa86ffbacd47a3a,1,1,1.225262999534607,1.225262999534607
972205a215810bf6fe377303bfbe80de,1,0,0.3694014251232147,0.3694014251232147
9732d77870c47958a27d32126266ef89,1,2,1.8099193572998047,1.8099193572998047
975e3dab22e437d040f2fd296a8d038f,1,0,-0.0905766412615776,-0.0905766412615776
9772f0e2dc3c38aa876aa4b6c4c85377,1,3,3.16044545173645,3.16044545173645
977a4281401b63f74739845b3ec98023,1,0,0.22832277417182922,0.22832277417182922
979cf5a2fa4079eaf74343d6ff5e1b51,1,1,1.9899271726608276,1.9899271726608276
97abbb3fc606bb28459310d1e295acd7,1,3,3.8328850269317627,3.8328850269317627
97eafd1718347f62144da935984b7c60,1,5,3.7790820598602295,3.7790820598602295
97fa3c9dec8b6d00cbb330ab0722482c,1,0,0.24770691990852356,0.24770691990852356
97feb3114d468dfd508f81f0f947a3cf,1,2,1.9000550508499146,1.9000550508499146
98041afa0df28be692b262a9b933fdb4,1,1,1.3091278076171875,1.3091278076171875
980f8fd33567de616b236e564de3330e,1,2,3.4731197357177734,3.4731197357177734
9817b2ffd97c44aba650bb86f4ab1b27,1,0,0.6070674061775208,0.6070674061775208
9818479424ae4919526b658917dd6b1b,1,2,2.225315809249878,2.225315809249878
982b6631c1ceadb6bbf9f693f687917f,1,1,0.4319388270378113,0.4319388270378113
984505f6a79b889bed5897d2135b85b1,1,4,3.9477431774139404,3.9477431774139404
987309872bf3709b8ad9357193fa05c6,1,0,0.7338479161262512,0.7338479161262512
98761fc7b42140e02f2bb550dfdacbcb,1,3,4.446110248565674,4.446110248565674
9888f3ac3710823171421e5a5164b8de,1,3,1.1988617181777954,1.1988617181777954
98c7ea676add7df440b5893d776f7a6d,1,1,1.3652369976043701,1.3652369976043701
98d5cf6fc6a36f992d6772109ce2e364,1,0,0.652464747428894,0.652464747428894
98ee892e5c8c6f3f01d3f1705f16401e,1,5,4.857785224914551,4.857785224914551
98f117ebf741956ebed8366b4012f774,1,5,0.28556689620018005,0.28556689620018005
991d3df8e3ce4a9f4b0edc588070b0e7,1,1,0.36898496747016907,0.36898496747016907
993a33d083328d4debb5a1a3354e3cb0,1,0,0.4887400269508362,0.4887400269508362
99962ae11ae7b8de3b7304c55b8581ab,1,0,0.0416603684425354,0.0416603684425354
99a77d8f5ae8fe255a58b1877015ce4e,1,0,0.21431928873062134,0.21431928873062134
99b39fd0cf009ddf94fa26bdd8636c67,1,1,0.4466269314289093,0.4466269314289093
99b5e6120fe11690a3f36994f2dba580,1,4,1.7488455772399902,1.7488455772399902
99c79f407e7506bd87425fd24b8c9ec3,1,3,2.016333818435669,2.016333818435669
99c859ed54c280bb910ae90ec68c228d,1,0,0.5542572736740112,0.5542572736740112
99df939d41052c33bbd4af1bb923846d,1,4,2.5721585750579834,2.5721585750579834
99f67e0699d1a1230968cad37c3fa985,1,0,0.7093760967254639,0.7093760967254639
99f833555a16c0adc062a23bc06acef0,1,0,1.1424256563186646,1.1424256563186646
99fd5d6b1af78216755f9b6b80b70b2b,1,1,1.6811970472335815,1.6811970472335815
9a1c6404bd6a8c67ed463039c74a64de,1,0,0.3823271095752716,0.3823271095752716
9aa1c0cd406cb058969711ffef861c17,1,1,1.3171275854110718,1.3171275854110718
9aa7af9abe0bb29823762cb8aac52db7,1,5,1.1715607643127441,1.1715607643127441
9aea86aa9b34cebb8bbc0db42d6c7559,1,5,1.2536498308181763,1.2536498308181763
9aee8da9114ad6691c94054ca683777c,1,1,2.7554242610931396,2.7554242610931396
9af692888cef9a1698853f1424cc6fe2,1,5,4.173572540283203,4.173572540283203
9b420fa839c2a9e3f03836e9b1b6de4b,1,0,0.7347491383552551,0.7347491383552551
9b4216a9961382139d571fb45e4652bb,1,0,4.537590503692627,4.537590503692627
9b5d5449e1950fd9a1cf794574c56a4e,1,3,4.183011531829834,4.183011531829834
9b688ada62f8dd3fb913afa90d5a3e07,1,0,0.2542261481285095,0.2542261481285095
9b761ed6330d5b6e03b1a88a8c5cc56d,1,2,2.7786600589752197,2.7786600589752197
9b78976098554461d749dc6ea6afc9ba,1,5,3.6399717330932617,3.6399717330932617
9b7a3bed1f74654040a37290572015c5,1,0,0.20997971296310425,0.20997971296310425
9b830287af42617f01b6c0c1c6730766,1,4,5.0036702156066895,5.0036702156066895
9b8a5982b7e917e82a0b0ae84b922a55,1,1,2.385681629180908,2.385681629180908
9ba74a2d19c4149c47a7c6661fb7eb5f,1,5,4.374851703643799,4.374851703643799
9bc0147aa824ade0f679cf44b9d21ccb,1,1,1.0495439767837524,1.0495439767837524
9bc70f1bfc8dbca7c881616b0198edcb,1,4,3.3135650157928467,3.3135650157928467
9bf048c56ab608b3020c7dd1a8120a73,1,0,0.17867931723594666,0.17867931723594666
9c24ae764d87098d03faccc2e2a579d0,1,4,1.609961748123169,1.609961748123169
9c4e536fce834eef41a9d029af5193f8,1,3,4.879716873168945,4.879716873168945
9d22e04259608d9e5bafa6ee02bcd803,1,0,0.32768574357032776,0.32768574357032776
9d362cc6fa6cb21f94c2115d6704c72e,1,5,2.289670467376709,2.289670467376709
9d4865f39effefd5da1afb0bb01157b1,1,0,0.20552267134189606,0.20552267134189606
9d80974f9e453383a53d81a9d5763691,1,1,0.7912119626998901,0.7912119626998901
9d98eb6c404f3c3d7191a8db379d2994,1,3,3.060683012008667,3.060683012008667
9de809a5afc4db9addde736da4bdc9c5,1,0,0.22738103568553925,0.22738103568553925
9e06a908007f1dd46183826db9e80511,1,1,2.5702931880950928,2.5702931880950928
9e0f4a948ca41284a9bfd7eedaa7aad3,1,2,2.9615609645843506,2.9615609645843506
9e2b49a0335b6cde031de81551eb39e3,1,1,1.2166962623596191,1.2166962623596191
9e47e424e9fa1a9ef32d9013522df425,1,0,0.32031190395355225,0.32031190395355225
9e994536fd365604921e85f145f6e7b5,1,1,0.2858709990978241,0.2858709990978241
9eaa6f1eebca7c088a900d338a584827,1,5,4.560934066772461,4.560934066772461
9ebd35f647f01e62772ebc4fa30d8a99,1,1,0.29521480202674866,0.29521480202674866
9ef78f4a0c54b5ccb6f7d16a43d1fc78,1,4,3.917370080947876,3.917370080947876
9f183415180fe74f08ac54da7ffa8a4a,1,0,0.7151318192481995,0.7151318192481995
9f32709697b0f56cfb6e82bb9ccf83d7,1,3,1.436348795890808,1.436348795890808
9f526a7b7baa089ce9dfb5c7bd4e7250,1,3,2.5117714405059814,2.5117714405059814
9fa0924e247810df3f2563454dc82884,1,0,0.42707106471061707,0.42707106471061707
9fed5cc4b3d6dcc5e0bc4973e159cedd,1,1,0.33030328154563904,0.33030328154563904
9ff5174e805b5b30ebf11119ef72002d,1,0,0.34965842962265015,0.34965842962265015
9ffb0d108038b5e91cf647c4f4b61318,1,0,0.34546712040901184,0.34546712040901184
9ffb9e9e7be39a7af216779a06a6302b,1,5,3.8755626678466797,3.8755626678466797
a00165c9edd8f2806aa11afcd8cc2ba8,1,2,0.8867917060852051,0.8867917060852051
a0295d7cbc9790650917d1d23c5b8356,1,4,1.6768451929092407,1.6768451929092407
a07104de6e1e00d2afcec36c7879836f,1,0,0.3117300570011139,0.3117300570011139
a081ddde3cf1cf227b66ca1273be9459,1,0,1.1149187088012695,1.1149187088012695
a08bb66f1450552e0f8d32b4e6a89254,1,2,1.991588830947876,1.991588830947876
a099b54eb2b17f63033f310eba0a61fc,1,3,4.5218939781188965,4.5218939781188965
a09c9526e3316571648552d78ac37c2d,1,5,3.733454942703247,3.733454942703247
a0e3a20a3cbf77644e69b241910b994a,1,0,0.18078531324863434,0.18078531324863434
a0e79ca3b7a02a0d6c5ed69ab4a5c8b4,1,0,0.8283683657646179,0.8283683657646179
a1005d42ab0ed43009c6f30eedf12628,1,0,0.8628249764442444,0.8628249764442444
a1697f266e95a820c676d18f380c6ce8,1,4,3.131141424179077,3.131141424179077
a1d31796040eff1d8223f486caa01ab8,1,4,4.516402721405029,4.516402721405029
a1e7bd4137e20d1bc42c637990986dea,1,4,1.0180718898773193,1.0180718898773193
a1fd7998cce64a8747a682bf524951bf,1,5,2.4587252140045166,2.4587252140045166
a21a526d2529b8d1029d854d3e37594e,1,0,0.46602863073349,0.46602863073349
a21de143bd5da5e90b185bdd8811a535,1,1,1.8174406290054321,1.8174406290054321
a280d60407c69e37fad4d7290ac948a6,1,0,0.7268862724304199,0.7268862724304199
a2c07e3585c5b8788b71534866e4be73,1,0,0.846882164478302,0.846882164478302
a2d2d3edfd1258bca33aeea4d9cc8d0c,1,0,0.41166117787361145,0.41166117787361145
a2e0d1c14db909be687d445cb07f786e,1,0,0.5057429671287537,0.5057429671287537
a2e687e5e0a43d0aaaeecc1ba215c352,1,0,0.30566760897636414,0.30566760897636414
a2eb130a296ca0ff83e1b530108dac25,1,0,0.6482867002487183,0.6482867002487183
a308ca65706ab18e463dbfa9b0c12e3a,1,4,3.5123140811920166,3.5123140811920166
a31ca214faca4b030f4610c79e4e5b3f,1,3,2.3489480018615723,2.3489480018615723
a331bd194ce409c37923a64ae652009f,1,3,0.39490118622779846,0.39490118622779846
a335e00877d819f0aac867a166a50f7f,1,5,2.648298978805542,2.648298978805542
a347222d3272e90f8db2455b9d6d6672,1,1,1.2331666946411133,1.2331666946411133
a394fed15005cc8a75f1d75aa4192cd8,1,0,0.17658622562885284,0.17658622562885284
a3bf2bac9b14e00a95ff1714c44c8030,1,2,1.6174079179763794,1.6174079179763794
a3c8cdf5016f2022459c70e0259888f6,1,1,0.5605072975158691,0.5605072975158691
a3ca38ce1d10c44103ba22d137be7c08,1,5,4.51228666305542,4.51228666305542
a3fa13e9535729ec9cb08f17bc8c03cc,1,0,0.17773865163326263,0.17773865163326263
a408bd35cb44b141bf67fe60e72561b3,1,1,0.6020697355270386,0.6020697355270386
a4400c5e31462e7d221bb1a06d2ba0de,1,1,2.259509563446045,2.259509563446045
a44fd7663c5ae9bfd375e6dc75b497f6,1,1,2.7797622680664062,2.7797622680664062
a47c3c9b14bea63ce59d9cbb5b0d3e2e,1,1,0.3778553605079651,0.3778553605079651
a48e97856c956d50cc4f522574cd37fb,1,2,1.6502162218093872,1.6502162218093872
a4c28ba06ec2c15d2bc4c9376e4039ca,1,0,1.994590401649475,1.994590401649475
a51ad75de73b4fae8900363d758bea87,1,5,1.1714305877685547,1.1714305877685547
a54c950714ffed6411b859ac44766467,1,5,3.198896646499634,3.198896646499634
a5531d279c394d4e3269bfe5c9aff98b,1,2,1.548039436340332,1.548039436340332
a58058bcddd545690af8cbb09f71783a,1,0,0.5107449889183044,0.5107449889183044
a5a7c62ef1e0d28a54c2da8355447c22,1,2,2.0568764209747314,2.0568764209747314
a5b9c716881eaccb44574cbcef8f048b,1,1,0.8523379564285278,0.8523379564285278
a5b9d82b7e211bf9e5d65ee738236366,1,3,3.955691337585449,3.955691337585449
a5d6dfb0a704460b69941758468b3e5a,1,1,-0.018339404836297035,-0.018339404836297035
a5e6d53afdf57a843db3e9042f33a10d,1,3,3.4058377742767334,3.4058377742767334
a5f7e4be7d541aeab8b4b45f9a681300,1,3,3.6973588466644287,3.6973588466644287
a6186d1386a1b5bb55de5711b293bc26,1,0,0.743813157081604,0.743813157081604
a6220c7ef591dd3f61c996877d0504d8,1,0,0.08787353336811066,0.08787353336811066
a62919a6ef21aba9bbf14e725f882b8e,1,1,1.3464027643203735,1.3464027643203735
a636c467e154d0a2614dc186b57baf5e,1,1,1.0283998250961304,1.0283998250961304
a66b818d221a0cb079b4b8945a8bacb1,1,1,0.3232868015766144,0.3232868015766144
a68c5b4d478d8764a78b063d073d3cfd,1,0,0.18143872916698456,0.18143872916698456
a6a7146bd23b394f54a5950d2dbefa7b,1,0,0.4277952015399933,0.4277952015399933
a6e3d28846a05057588ca4a6b7bbc3ee,1,4,1.6971122026443481,1.6971122026443481
a6e661a8ab4a3785acb2a87b2d542684,1,0,0.3140837252140045,0.3140837252140045
a6fac45c289010871304ffaf13f94d39,1,0,4.337847709655762,4.337847709655762
a72727c39add8982af8cc5b32822bb40,1,3,3.2942652702331543,3.2942652702331543
a762752f39d1c1b4b5c0aa7cc7f98364,1,0,0.30752819776535034,0.30752819776535034
a77f9ba2563a4aa23d748053de86e0e3,1,2,0.44458267092704773,0.44458267092704773
a7853adb32e2eaad4c9e64ba84691d44,1,1,1.352211833000183,1.352211833000183
a7acd47d97913f4d1ff0ca5961e29aa3,1,1,0.5944856405258179,0.5944856405258179
a7b3150b3014d521b21d518ea94a9a00,1,2,3.483224868774414,3.483224868774414
a7baba733c9e351d8938a493e9e96480,1,1,1.932120442390442,1.932120442390442
a8133622df02940b40d4dc7c6c0b2712,1,5,3.6252524852752686,3.6252524852752686
a81d768e9eacac29f12201fbb1ed93ea,1,2,1.7484288215637207,1.7484288215637207
a87ae06869fe9beb4ce6e82bf5a5794c,1,2,1.414967656135559,1.414967656135559
a88576230a500208178f0bbdb4cc0f1c,1,1,0.8562896251678467,0.8562896251678467
a8a381e648b69bc0023ea882eb436bdb,1,1,2.143359422683716,2.143359422683716
a8e773eff750fc08a72de5075c79474f,1,2,3.3371763229370117,3.3371763229370117
a8f2080a44dfee4946ac69a53e8ed0b1,1,0,0.28139039874076843,0.28139039874076843
a909701d8fa86ba27f313a84d5aa0d32,1,5,4.545152187347412,4.545152187347412
a91adf44b39a7f3fc45916c9eaae686b,1,3,1.7164157629013062,1.7164157629013062
a925f822c0a81f2092e58f0cf1fd829c,1,0,0.48868897557258606,0.48868897557258606
a954e34aa74d5c6646a52e605263f187,1,2,4.199331760406494,4.199331760406494
a96bea30c0bb515012eaae00385a0489,1,2,1.6097092628479004,1.6097092628479004
a9752cd05aa514a3102e9d8f0edeb8f7,1,3,2.4079091548919678,2.4079091548919678
a984d6acdf209063c490a921cfc53b64,1,0,0.11901834607124329,0.11901834607124329
a98cfeac460a9fd9aa615e3c9ccb2c82,1,1,0.7723618149757385,0.7723618149757385
a9b52672e84888c7a26fc2694106f86f,1,1,0.5829851627349854,0.5829851627349854
a9c926cdab10bc7306c7dbfa787efb54,1,1,0.6988137364387512,0.6988137364387512
a9e7790493c9bba62098adf8ade8c2cf,1,1,1.3202155828475952,1.3202155828475952
a9f1aee928c544e2fd4a4cd448771a38,1,0,0.4373684525489807,0.4373684525489807
aa01c9186774a385e42095c28d3f12bd,1,0,0.3768209218978882,0.3768209218978882
aa022132278c16cedd60be3ed982119f,1,0,0.25813475251197815,0.25813475251197815
aa1de252963cb99a7c6cf9288d809be7,1,0,0.7740428447723389,0.7740428447723389
aa3031e524c3e7ccf13c78910a26bbc5,1,1,2.7580835819244385,2.7580835819244385
aa5f6291ddf9631c11f89925308051ed,1,0,2.235806703567505,2.235806703567505
aa7000449538fe951e1c0dadc7ce9b44,1,3,2.941321611404419,2.941321611404419
aa8907057bf38a2c03b3e3a6cb72f9dd,1,1,1.685787558555603,1.685787558555603
aabf04e96b9413a43527cd933de53a31,1,4,3.048515558242798,3.048515558242798
aad60997596c9d820acb6cb4b39a32ca,1,1,1.2307864427566528,1.2307864427566528
aadc1f380501876a1bbe46d2c617a12a,1,0,0.11612381041049957,0.11612381041049957
aadc8c10f196efb7e460e0c424aec805,1,4,1.7142847776412964,1.7142847776412964
aaee8c7e09fa4b50c160acd7e3302cfd,1,5,4.526928424835205,4.526928424835205
aaef504823a0043ebc6063bc805baa38,1,0,0.14092911779880524,0.14092911779880524
ab020c67bf4d2802b947ebf958d7b0e0,1,1,0.7853236198425293,0.7853236198425293
ab119bc53387c66615f88239738df2e2,1,0,0.24941271543502808,0.24941271543502808
ab1f4d1aa956de906fa909f5fee8fbee,1,0,0.29653364419937134,0.29653364419937134
ab2b81896a2b2532c96af47b2643676b,1,1,1.134437918663025,1.134437918663025
ab526f17170864dea67909338879b3dc,1,0,0.44731438159942627,0.44731438159942627
ab61ab08ed60be2098e236b2924f3a1c,1,0,0.29099589586257935,0.29099589586257935
ab7f757a2343686945a621a662b6f667,1,1,3.60849666595459,3.60849666595459
ab7ff59557145ea102e3d63a77f6a555,1,1,0.9497736692428589,0.9497736692428589
ab807d486725cdf5c662257d7a77d4de,1,2,2.711106538772583,2.711106538772583
ab81e59d765182466b1c5dce9641cc38,1,2,3.2436835765838623,3.2436835765838623
ab833a07de59607fa4fbaebf1d92fb33,1,1,0.43932101130485535,0.43932101130485535
ab953747c19632d5ff3078b84449596e,1,4,2.3423733711242676,2.3423733711242676
aba52f1d32ab593c075801a10a98938b,1,4,4.063872814178467,4.063872814178467
aba574a94fb785b55d302e82a61b34a2,1,0,0.20588752627372742,0.20588752627372742
ac1a8cf1f24d7640e0817d1f9c7492cd,1,0,0.5648548603057861,0.5648548603057861
ac34101f332f6259e55a82c11d8bc304,1,3,4.188118934631348,4.188118934631348
ac4184c39f8c07a414170dddbd84bcf6,1,0,1.1072094440460205,1.1072094440460205
ac46e4ee5b43c383cbea6287ea67c3bb,1,0,0.4435543417930603,0.4435543417930603
ac9d05fa3f4fafb474fb96f9f8ab71ac,1,0,0.26720482110977173,0.26720482110977173
aca61df8852daa183fa8cbf30a2e8660,1,3,4.345508575439453,4.345508575439453
acce2e1a8b05e3445bc4e506ea5ba8cb,1,1,0.5455617904663086,0.5455617904663086
ad52bc1015f33bb777ea49504f87988a,1,5,4.605765342712402,4.605765342712402
ad530cee074d5002ff2f58b1e4433c67,1,1,2.1957919597625732,2.1957919597625732
ad566960d1448f7dd463fe507e917556,1,4,1.6722151041030884,1.6722151041030884
ad6c967bd632185db83b4739a8c4b450,1,0,0.2715507447719574,0.2715507447719574
ad7034bae392023948d298bab07cb934,1,1,1.7429746389389038,1.7429746389389038
ad76e07722e49a0a0a57446de01c5e91,1,1,0.7726045846939087,0.7726045846939087
ad9edb9b14bbf3ae9abd4f861c5462c7,1,4,3.799330711364746,3.799330711364746
ada7c1420efe8ad02c918ac619c30d37,1,0,0.15044549107551575,0.15044549107551575
adb134cdca78025db20a3607f72edc92,1,5,5.156227111816406,5.156227111816406
adf1598730764823258fd781429cd590,1,1,1.1862826347351074,1.1862826347351074
adfcd8070ddb982d9a0e2bff01a681ef,1,0,0.2989295423030853,0.2989295423030853
ae3c2f3cc03b65e5810bf5655f60fbb7,1,4,2.16068959236145,2.16068959236145
ae40259911132077ce85e8f2da580c5d,1,1,0.9285407066345215,0.9285407066345215
ae607241f09b3b41864703c488ccd111,1,5,4.336313724517822,4.336313724517822
ae7dd6b6b0749f3b9b3001629b9db512,1,3,1.2985409498214722,1.2985409498214722
ae8ff3a9e9fae5e29e97ca86856253f7,1,2,3.164231777191162,3.164231777191162
aeae0b9b833e7ee491d1e486bb7bbcf2,1,0,0.5048942565917969,0.5048942565917969
aecdd7b090b17375f15981e7313e11d0,1,1,1.9645978212356567,1.9645978212356567
aecf833bf307570b6dd2b3f8d104e9c6,1,4,4.3760271072387695,4.3760271072387695
aef2f50710677c1204538d88d3475e63,1,1,0.32825154066085815,0.32825154066085815
aef75d4c390d838aabe56e2d601b6a13,1,0,1.6918076276779175,1.6918076276779175
af19419c91142ecb32673de460b8d556,1,4,1.2919740676879883,1.2919740676879883
af3c2515b4914a1dfb754d0442970144,1,0,0.6166125535964966,0.6166125535964966
af3e715af952b5325f9f06e703ca40ad,1,1,1.0790685415267944,1.0790685415267944
af71c423997e01b837567d16bcced649,1,5,3.6983678340911865,3.6983678340911865
af9753059221d85c645e3e0707ba3afe,1,0,0.3512561023235321,0.3512561023235321
af994df40907edf1c3aefb45df954add,1,0,0.1851792186498642,0.1851792186498642
afb786dcd4f4e52d53fa777db9708d02,1,3,2.214111089706421,2.214111089706421
afbd2c0c897b2a9cb459c5a598cfdd9c,1,5,4.8523736000061035,4.8523736000061035
afc06705359dffc9ef87a66939bf7c04,1,1,0.46758022904396057,0.46758022904396057
aff0ff7d9ea2579b314c0f0ac87a9772,1,1,0.6019704341888428,0.6019704341888428
b0404032716fda7bf95526f298822900,1,0,0.5275229811668396,0.5275229811668396
b04fde49acc617ccfc5e966c0a6bd71a,1,2,2.530911445617676,2.530911445617676
b0602c9c2ffe204f7c0ab9b3386dd35d,1,3,2.3218185901641846,2.3218185901641846
b06b4755a9bbdb1e304f98a5d71e3c29,1,1,3.820098400115967,3.820098400115967
b07c8235c0ffccec16ec7caa70c1d4a9,1,5,4.665335655212402,4.665335655212402
b083e93e44742431259b7bf6f4df2000,1,0,0.5457906126976013,0.5457906126976013
b0aca7fed1a87d29f3be153d3b8c49f5,1,4,1.7374452352523804,1.7374452352523804
b0b70caf02e06f4afbffe16737242d81,1,1,1.298217535018921,1.298217535018921
b0ba9ace7fe4fb08dd1538d83425ec94,1,0,3.124257802963257,3.124257802963257
b0d088f4fea23e7b17ef4c042f791727,1,0,1.6524494886398315,1.6524494886398315
b0f2cb16755d46186dbcd813ce76ea05,1,0,0.2846112549304962,0.2846112549304962
b10037ea8ac8060ce3906a9812f32fff,1,1,0.4214489161968231,0.4214489161968231
b119f1fd77a7da8feb9fb211e894fdb9,1,4,4.370667457580566,4.370667457580566
b14c47385cf8f325e15a9260490c2bb6,1,3,2.8235490322113037,2.8235490322113037
b18d48f225df58944721b5b7ed123313,1,4,2.518852949142456,2.518852949142456
b19b678ac181c02332d1ba7acb6ba436,1,3,4.016416549682617,4.016416549682617
b1bbde48882fdba88cdb5b73c4246d8a,1,2,2.1464173793792725,2.1464173793792725
b1d93623521ae08ba520855009692683,1,4,0.67236328125,0.67236328125
b1f6f5539ae4fdb9b931788dda704712,1,3,2.2463395595550537,2.2463395595550537
b202b3ae4299e8b1264e3298e9022e88,1,1,1.6061348915100098,1.6061348915100098
b20b5b841b6f7c1726599e067de01bae,1,2,2.3622443675994873,2.3622443675994873
b22d5b8aa66214eed40ec49516bcf442,1,2,3.1710402965545654,3.1710402965545654
b245cf055b22a9d837cc4f5c97b63a8c,1,5,1.8476561307907104,1.8476561307907104
b2545fbd121c537ccb04c90cef91631c,1,2,1.5411567687988281,1.5411567687988281
b265d93d05d4e53741646f108598a055,1,4,0.5125675797462463,0.5125675797462463
b26c7e60945844e696bc7a01dcf51225,1,2,1.5347849130630493,1.5347849130630493
b283f2cca8b919e83f7cba1bcbfbbefb,1,1,0.5122687220573425,0.5122687220573425
b289df6139ddbf04d953c2c01ec60405,1,1,2.413153886795044,2.413153886795044
b2ed25818b60032cf273066b9ae43c0d,1,5,4.0955352783203125,4.0955352783203125
b34bb028fb67f7de0aa9c270d7da56f2,1,0,0.31351375579833984,0.31351375579833984
b35fe0cb1edc0b16f24480fe83e8b987,1,3,1.914777159690857,1.914777159690857
b3c3c28fdfab12058aab2e7f8a37896a,1,1,0.827844500541687,0.827844500541687
b3ce3505c5d58e3d94da9c662a2f04cd,1,2,0.3669353425502777,0.3669353425502777
b3fab1c957575c820ee26948914a421b,1,0,0.27340903878211975,0.27340903878211975
b400faab1b977e101b1af975fb5b90cb,1,0,0.49921777844429016,0.49921777844429016
b440e34f6b1bc9abd0844a7ed19a6b45,1,0,0.474651962518692,0.474651962518692
b4543b24750d5bec27fb4918d0a4d543,1,1,0.5855222344398499,0.5855222344398499
b49d54b4f7e73808440c36fa240614c0,1,0,0.4207982122898102,0.4207982122898102
b4bebe718759817d5cf440821cf435d7,1,2,2.7601852416992188,2.7601852416992188
b4cf33ec7b1e290ddd47e83a454ada12,1,1,2.2090392112731934,2.2090392112731934
b4d35decb5af45d088f7165fbb664612,1,0,0.3053159713745117,0.3053159713745117
b52d812cfb6a377a5adf6c7ffbbf2e22,1,0,1.0184382200241089,1.0184382200241089
b53db1580f4195765d45ddd7c4907e2a,1,3,4.710812091827393,4.710812091827393
b570fa2d524453edf2a5e5745be06f6d,1,3,3.0496864318847656,3.0496864318847656
b578ce675d9949d4d8b361150617024b,1,2,2.546220541000366,2.546220541000366
b5af75ebc10b07f27f4d4c50e9f1cc2e,1,0,0.29077279567718506,0.29077279567718506
b5d4da1947f90cec2bd9ce37a5f4d43c,1,4,1.4845930337905884,1.4845930337905884
b5fb7cc092dd1e0eefe0ff7d11b9e139,1,5,3.423279047012329,3.423279047012329
b61a1c350af793cba5f2e936ed314627,1,1,1.565559983253479,1.565559983253479
b648dd9ceb6d90df1768261a382ec687,1,3,3.2761895656585693,3.2761895656585693
b65129204d2b429ad4612276e2d2dd84,1,0,1.287741780281067,1.287741780281067
b669e716e27806335a1b9b2082f95bd6,1,2,1.1606365442276,1.1606365442276
b66da14818c806a8913a205fab8c6037,1,5,2.545318603515625,2.545318603515625
b677231c72557e88e600d142bd41649a,1,5,4.2305006980896,4.2305006980896
b69f37414ea0d604250324f8bd0e10ec,1,2,2.2511823177337646,2.2511823177337646
b6cfaa5506591d265e3a6202b4b30310,1,0,0.23536273837089539,0.23536273837089539
b6d692b8d90c1bd9273bc36690796a8e,1,5,2.854661703109741,2.854661703109741
b6f6624565452fa6d2ca4edb00db4204,1,1,0.9545257091522217,0.9545257091522217
b74f213d6ea14c190b0f65a953d662dd,1,3,2.9187135696411133,2.9187135696411133
b790c95b8efb85a4e600533cf0444937,1,0,0.25648802518844604,0.25648802518844604
b7a837796e7496728febaaa909b363c2,1,1,1.0575382709503174,1.0575382709503174
b7ffaa89535b4540997ca9782fc30a75,1,0,0.7588443756103516,0.7588443756103516
b80e06d0a89a7b417b648fc8056b4442,1,0,0.537887692451477,0.537887692451477
b828e67db7b84d0d18b5498c8c185874,1,0,0.08584301173686981,0.08584301173686981
b887c69ecbc724b367ec91bda0b3d34e,1,2,3.3152270317077637,3.3152270317077637
b8cd70127a58acedf762d9150f227723,1,0,0.2352457493543625,0.2352457493543625
b8f511d4afc6bed859861487f76a14d0,1,1,2.9378063678741455,2.9378063678741455
b9008f036f702db353bf6e77470b1b05,1,3,3.327927827835083,3.327927827835083
b9506d7fadfafc425ad9626574e125eb,1,1,0.4211764633655548,0.4211764633655548
b96a2397a49757f8ceed6c6ec42a2328,1,1,1.4343012571334839,1.4343012571334839
b96c4bb9689d3e5a6c6fc4e126f9f72f,1,5,3.418259859085083,3.418259859085083
b975fb616a704b596fd49c6ffce543a9,1,5,1.3721203804016113,1.3721203804016113
b9773cfc818a958e8090ea4d53d0d1ed,1,0,0.7160910964012146,0.7160910964012146
b9791f986bcc4f84ca2da793e933c5ac,1,1,1.8890273571014404,1.8890273571014404
b987a21400fdf7668214076d0ba9b34c,1,2,1.8955472707748413,1.8955472707748413
b993648443f3e9ff352b64202528592b,1,1,2.1402857303619385,2.1402857303619385
ba07ed13e035af4f49a9d6830685024c,1,1,2.4697253704071045,2.4697253704071045
ba390e5e4282174c95e4ccd8eaa52ecd,1,3,0.8321858048439026,0.8321858048439026
ba42e3610dee7ac11740da6709ca5161,1,1,1.6035999059677124,1.6035999059677124
ba5301b5d8d10f16ca7f1f4f8b82f692,1,1,0.6106352210044861,0.6106352210044861
ba63dbc59e855af29d4ebab53063d296,1,5,4.345770359039307,4.345770359039307
ba688af0eaf8cb53ccca7ee628a4691a,1,0,0.40897709131240845,0.40897709131240845
ba8bc951801ef17040b62f984c291d70,1,1,2.730398178100586,2.730398178100586
baca36ba2adc137e2bed4a3c9bbed421,1,1,0.6752007007598877,0.6752007007598877
bad219691caef5dabf2c41f8a9f531a9,1,3,1.5154436826705933,1.5154436826705933
baf9bcfaaaf14467f766dcad728948da,1,1,2.3179879188537598,2.3179879188537598
baf9c1de83433004ccb11d2756d7f61e,1,4,0.4431382715702057,0.4431382715702057
bb1e333665a90e75ead8d00100a8ac3f,1,1,2.9977495670318604,2.9977495670318604
bb2def1b86b5ea93316769e51f0facde,1,5,3.8051793575286865,3.8051793575286865
bb33e9befff93c6918e691486eed3990,1,1,2.5880019664764404,2.5880019664764404
bb66f91b996df6a4a78aa9b7f3ea844b,1,0,2.3267107009887695,2.3267107009887695
bb6a5808a184427408654f15790faf50,1,0,-0.00019986741244792938,-0.00019986741244792938
bba3d3535ac1643bc9bb0bb1ca657b7d,1,4,4.505588054656982,4.505588054656982
bbc3af10b2b28e237b786efa802e226f,1,1,2.223574161529541,2.223574161529541
bc117bdb69ef663346ffe9e93d995657,1,2,4.356261253356934,4.356261253356934
bc6e1ebec08a9503689da9a095690dfe,1,1,3.317633867263794,3.317633867263794
bc8ca8636656c10658685c587f893dea,1,2,3.0302956104278564,3.0302956104278564
bcaf9c8890c50757bd3624d5bd39c270,1,4,1.5192575454711914,1.5192575454711914
bcc84573e785de42d7af076ae2b30479,1,0,0.1963627189397812,0.1963627189397812
bce6156cc1e42f3c62b14d424664c974,1,0,0.26023513078689575,0.26023513078689575
bced61c055b97795c15fd6020cbf1c96,1,0,0.4104677140712738,0.4104677140712738
bd3d353c7d62399239bbf5ecd28f729b,1,0,3.455683946609497,3.455683946609497
bd4039c1e7b986f2e640817cea35c270,1,2,2.661179304122925,2.661179304122925
bd8331462853a4db2ab46b979491c3ce,1,2,1.7903209924697876,1.7903209924697876
bd9022853225c1e8a46bc9eca27533f0,1,0,1.143300175666809,1.143300175666809
bd95b9c20d2a8dd686fb0f64432aa82f,1,3,3.310215711593628,3.310215711593628
be21fab0928a4da30fc59cd46063632e,1,1,0.37834545969963074,0.37834545969963074
be636d17226e4adfd7ee577877591cac,1,0,1.3595703840255737,1.3595703840255737
be8ab2f5639440c2f2bb8680a2937d1e,1,4,2.012190341949463,2.012190341949463
bea318414669361662bf0d03bcb9e996,1,0,0.4985293447971344,0.4985293447971344
beac155ed4bdcad4a5a4ce22717a6c58,1,0,0.17171497642993927,0.17171497642993927
beb4814f0ab05d6d6a16b2614b82dd04,1,5,0.7409372329711914,0.7409372329711914
bedede7f872907a2f2f04a0681413ce9,1,0,0.37441813945770264,0.37441813945770264
bf2c8f063896d5f3ca2a0f2b4d70f825,1,1,0.6823963522911072,0.6823963522911072
bf55f33acd7b0809b48cd8a1372b7c9c,1,3,0.6780859231948853,0.6780859231948853
bf63d7c0db0eb42782143eb768d81b91,1,3,2.485234022140503,2.485234022140503
bf7d0ac2494f0521ba444a5de2ab587f,1,4,4.91494083404541,4.91494083404541
bf8add8e1cf28e124aa99ef2d0e15538,1,5,2.6730148792266846,2.6730148792266846
bf93cd1d6ee723d3ffde49ed442c41da,1,1,0.8355311155319214,0.8355311155319214
bf9725f0dc71d2ac533b21d7dff4b796,1,1,0.8529077768325806,0.8529077768325806
bf990806f56c05b04af0ce599a4541bb,1,0,-0.1903955638408661,-0.1903955638408661
bfe60c94647ba0ae7fb7da6f6508c42f,1,0,1.0527434349060059,1.0527434349060059
bff2576aa2577cf63a76c2917c3bc387,1,1,1.3831980228424072,1.3831980228424072
c00150f4dde0bf6e3c62c57c33d77731,1,1,1.0921878814697266,1.0921878814697266
c00da4f9d10e27d80164b132d0959666,1,2,2.293196678161621,2.293196678161621
c0188fa2de90713aab10d7190117ec30,1,3,3.682729482650757,3.682729482650757
c0198f7f142f6c3b812ba2f7917c17e3,1,4,0.7454193830490112,0.7454193830490112
c03d33fab2892def02106da2f342fa23,1,1,1.7704122066497803,1.7704122066497803
c0525532319412db3c662254463067aa,1,0,0.8616692423820496,0.8616692423820496
c06212919dd85bfa05a7d2e0a12a09c0,1,0,0.3378644585609436,0.3378644585609436
c071c418f185ef8191b4eddb6efcc316,1,0,0.815800666809082,0.815800666809082
c0734841bf4ab24f766983269c323bc9,1,2,2.3195409774780273,2.3195409774780273
c086762038676658afbb3e39432c049a,1,0,0.23389853537082672,0.23389853537082672
c0910c1a35e06c172ab6403b20a6b9f0,1,1,2.4116790294647217,2.4116790294647217
c0d0ba963f8eb0021719349ef60c1aa6,1,5,3.6811277866363525,3.6811277866363525
c0db35440abdadea53ddf0f68fc68431,1,1,1.0528032779693604,1.0528032779693604
c0dbbf2b29da2ef0cab6bc7032e7ac92,1,5,4.891668319702148,4.891668319702148
c0f9ad8d304ace3f08d367a0f088d2ae,1,3,3.674090623855591,3.674090623855591
c110e92d1bd7fc97dde4c8027e3af439,1,2,2.0542242527008057,2.0542242527008057
c1273fbac7df8d2188b1854ae6584e14,1,0,0.17331120371818542,0.17331120371818542
c137649e6a6e22b208cdf785a004603b,1,0,1.9994242191314697,1.9994242191314697
c150192218dd80a7d96c9a60759853d6,1,0,0.44705143570899963,0.44705143570899963
c176131dc05b4c90d783679433a79244,1,4,1.0774822235107422,1.0774822235107422
c176b834c3a5045ac074fb70637cfa8d,1,1,1.5945974588394165,1.5945974588394165
c1fdc376869d4832520659ead6e02eed,1,5,3.982762575149536,3.982762575149536
c2097792be4e003096aada72e7317a66,1,3,2.270070791244507,2.270070791244507
c20a575ec424d136d14d1eb9a7c7be7c,1,2,1.9287052154541016,1.9287052154541016
c211d5549cb4c71c25ebe6ba79ba85ae,1,1,2.176945686340332,2.176945686340332
c2306aeec8a202f0530df29f175fdc89,1,2,4.40675687789917,4.40675687789917
c233195538478fb7ec3798156104d43e,1,1,1.309450387954712,1.309450387954712
c233968ed8653578230b2556054cd675,1,0,0.34674492478370667,0.34674492478370667
c245396d5fb0a528ae2983ca28fca472,1,0,0.1507842242717743,0.1507842242717743
c29e03d8171d9e1b2ddafd0bdf8e6dff,1,4,3.8052144050598145,3.8052144050598145
c2e76da97811429e9127de90ec307700,1,2,0.15804538130760193,0.15804538130760193
c2ee76e04263e6a702fdec2fe7502cc5,1,0,0.45638012886047363,0.45638012886047363
c303cc999de4cd885cdc8450af892c6e,1,3,3.7545266151428223,3.7545266151428223
c3064f9d63880b237fb22d242a88bac9,1,3,2.7920901775360107,2.7920901775360107
c315ebdec89ff0826edaf8a12fdac422,1,0,0.7597819566726685,0.7597819566726685
c318254a6de21ceee63f97a015e90d3d,1,1,2.5070884227752686,2.5070884227752686
c35e39e522cb0a93ecd114c71e72af05,1,5,0.9854973554611206,0.9854973554611206
c37af9634aac2e27a80dbc6f115f583c,1,2,2.1712944507598877,2.1712944507598877
c38c3a03cb9f3f3553f20fb6a9a4c70d,1,3,2.334932565689087,2.334932565689087
c3c632f5b9ce3460a6fc15544d6f5582,1,2,1.1814460754394531,1.1814460754394531
c408ca44f9993274b2ae440bd0aa7f29,1,3,4.00449800491333,4.00449800491333
c40ecc03bad126cec601b450b1dc8571,1,0,0.30285295844078064,0.30285295844078064
c47bb0cc6fcfbd6379299ab3e6a9f07d,1,3,2.519044876098633,2.519044876098633
c47cd88262e0b75801a3aa1bc96aba0a,1,2,1.868569254875183,1.868569254875183
c4bbe05f5d77f1a42bc95191285ab1bb,1,3,3.9580132961273193,3.9580132961273193
c4cca933ba31dd08c18b9b607b73d90c,1,0,0.23904851078987122,0.23904851078987122
c52921606c200276c33a16c6cf491fcf,1,0,0.4610273540019989,0.4610273540019989
c54f0e85e9e4d397843314eed507d06f,1,1,0.4079528748989105,0.4079528748989105
c552cbc6d2aa2c35dcf0e005ebd37102,1,2,1.8867968320846558,1.8867968320846558
c57d9d2eff7cf42640303467884d8c24,1,0,0.2546484172344208,0.2546484172344208
c5935769ea277fc625da007d693f7cf2,1,3,3.23410701751709,3.23410701751709
c59fbad418d8ef56859463c22c4fae79,1,1,1.2778843641281128,1.2778843641281128
c5a99273bb6660706751247794c45f64,1,4,3.0183589458465576,3.0183589458465576
c5b7afdd9e4cd1b13dd545fe28735620,1,1,1.1557378768920898,1.1557378768920898
c5cd08b16fd00a4d27e66bc0b133c5fb,1,2,1.696960687637329,1.696960687637329
c5d578a16412cb41d85b22c3c79f7d25,1,1,2.724623918533325,2.724623918533325
c5da6dbc1ed61b7ab06cd92b1dfbdaac,1,1,1.3278391361236572,1.3278391361236572
c6064ec61ea9949ec065ed31f2565978,1,5,4.687406539916992,4.687406539916992
c61309f50b0ae9b10f470cc11546a864,1,4,3.2287662029266357,3.2287662029266357
c61a17863f7acb86b028b67af888539a,1,1,0.4521327614784241,0.4521327614784241
c6441fa162ce23651c241f1014f96681,1,0,0.045500800013542175,0.045500800013542175
c65fcde885b4f231d03cefb0fc75f4fa,1,4,3.3267533779144287,3.3267533779144287
c686992bf74305e9f9965fd85c15eb4d,1,2,3.2675647735595703,3.2675647735595703
c6c9d038c0d0655738c3845ba21e4f08,1,4,1.2162657976150513,1.2162657976150513
c6d58607cc6aeb36e4c1d65fed824e84,1,1,0.5515148639678955,0.5515148639678955
c7013ba37688f54052b39d045dc07e2e,1,1,0.8376649618148804,0.8376649618148804
c746fea373cf5731bda84ef245617a19,1,4,0.5629683136940002,0.5629683136940002
c747ff83cac833b059fb7562d5f77a5f,1,0,1.043095588684082,1.043095588684082
c74e766851d12e6c5775f1dacbe3843d,1,1,1.4774600267410278,1.4774600267410278
c799800d4410e6c81dc1949dedd2d471,1,2,0.7836044430732727,0.7836044430732727
c7998028569a7754a0c07d3212ff1683,1,3,1.8468385934829712,1.8468385934829712
c7a0a3e5eeca21a243fb812285f045c1,1,0,0.9355885982513428,0.9355885982513428
c7b6d326275eb46a2ec8b2e29439a99c,1,2,1.7657212018966675,1.7657212018966675
c7d69b4a22cddd0c2f93cf6939d898e1,1,5,1.1184278726577759,1.1184278726577759
c7ddeaad5609cc586d0668dd9a9f9dcf,1,0,0.9513829946517944,0.9513829946517944
c7f98a0c815cd3e5e2e84aa10fa08a2c,1,1,1.4014734029769897,1.4014734029769897
c80dace671e56c42338bc77530d15e39,1,0,0.19773787260055542,0.19773787260055542
c815395bc70fe23c78b58cb3b6f2a19c,1,5,4.078418254852295,4.078418254852295
c8256e146b829a1a63f9658d5f879704,1,4,0.3322601020336151,0.3322601020336151
c830e13bcc901a882b0107569025d583,1,0,0.4221786558628082,0.4221786558628082
c84fea3b1bf5a15085976b66ba0877dc,1,3,4.216748237609863,4.216748237609863
c86b6c1639a1fd21df1e5b859c6bb228,1,1,1.3234590291976929,1.3234590291976929
c86e99892a6b79cfb79b2770530b4864,1,1,1.9635043144226074,1.9635043144226074
c88c9fb51014147f35ff0030161fb90f,1,5,4.399557113647461,4.399557113647461
c8de1c11089f06013182abb4b5bf754d,1,1,1.778342843055725,1.778342843055725
c8ea4dc8fe6c8348dcc4db4d01c0c84a,1,3,2.407222032546997,2.407222032546997
c8f5e704b9d4cc83d2ac4b7eec6d60ed,1,4,3.380206346511841,3.380206346511841
c91a4333041f727dbf2ad1da6f6edc5b,1,3,3.213022232055664,3.213022232055664
c93c708e9176b80c362a02eecb638821,1,0,0.8310588598251343,0.8310588598251343
c93d4db23236f4e9d44fb3e4966b0bd3,1,2,3.5227484703063965,3.5227484703063965
c979acbb9e62ffc47c44cd16adc3bfd2,1,1,0.42686769366264343,0.42686769366264343
c9a433d181ed731dafd3e77498f6d38d,1,0,0.8673478364944458,0.8673478364944458
c9cdb735d0efa9d3199d86a5a298b7b8,1,5,2.3872756958007812,2.3872756958007812
ca4e7898a7144c51e9e111aa3b90265b,1,1,1.032028317451477,1.032028317451477
ca6c4f4b24578588762712262de479ab,1,4,4.507742881774902,4.507742881774902
cab3be5d1206bf586249afffb74ab846,1,1,1.2986270189285278,1.2986270189285278
cb12c1ef22a8b58e36570fdc8dafbaec,1,5,4.332389831542969,4.332389831542969
cb4e0cc18babaee27c613971a3155fb8,1,1,2.6120855808258057,2.6120855808258057
cb5ce5e8af1a91fda5efb238e2e54f58,1,2,2.964653730392456,2.964653730392456
cbb3c71065b5c0dbc9ecedda2395fa99,1,3,3.8841283321380615,3.8841283321380615
cbd1cef3de1dcfd55e489e41c4ae514c,1,1,0.9001937508583069,0.9001937508583069
cbe58732cb94078090d6a35b712e19d8,1,1,1.2196487188339233,1.2196487188339233
cbf05dbfcf24b4fc7dded902c1ac37e3,1,0,0.23910021781921387,0.23910021781921387
cbf88cd3846a62ae84c565808b9b5bd0,1,0,0.4274882972240448,0.4274882972240448
cc6582f22aaf82f448e5eecb2384df6e,1,0,0.34445860981941223,0.34445860981941223
cc9bcb8d5cfb549f56cb21d55d0571f4,1,0,0.14346612989902496,0.14346612989902496
cca03fff371929086f159459f7e7fbb9,1,1,1.0111697912216187,1.0111697912216187
cca2cbc5a43349c6e79201e8ee02660b,1,0,2.3756160736083984,2.3756160736083984
ccb6c208e487f82032ab9c82883e4b31,1,0,0.4307519793510437,0.4307519793510437
ccc369b1011a0bf8ab0d11b2ac495bc8,1,3,3.6589596271514893,3.6589596271514893
ccc4df654e215484bcaedf26dd508c5a,1,0,0.7925448417663574,0.7925448417663574
cd9c3b20829419695429f656fc340821,1,0,0.3302921652793884,0.3302921652793884
cdc62b9e07d25bb4ceac1ba9d09e6e12,1,2,2.22576904296875,2.22576904296875
ce04c1a8d8577bb9620620c0a62edb15,1,3,2.5851447582244873,2.5851447582244873
ce5e7a97342ec550c5e0d6212ce3c374,1,1,1.0376964807510376,1.0376964807510376
ce6a38ef5d41129056e35b787bbba46e,1,0,0.2330402284860611,0.2330402284860611
ce81743c50635f1d90f3fb8ad3d00858,1,0,0.30862265825271606,0.30862265825271606
cec3c34a4776cfc9e2b867b8c420fd53,1,4,3.0223581790924072,3.0223581790924072
cec870d74b6224da56fe6d0d7ca77e03,1,1,0.8747166395187378,0.8747166395187378
cf14096dd1f7d3e89c3ff718f29fb985,1,1,1.0073614120483398,1.0073614120483398
cf1c7e7e632db44c5ca6de473da247e6,1,3,3.552081823348999,3.552081823348999
cf30df304e1b75bc28624ef1d5c2cf6e,1,5,4.412126541137695,4.412126541137695
cf330aa80b0a7c79250822622cef45da,1,1,3.114097833633423,3.114097833633423
cf4938eb30ad64f2e955ad04e90520bb,1,0,0.6355240941047668,0.6355240941047668
cf77075f910326e17c57d890d6bbd6e1,1,3,2.332627773284912,2.332627773284912
cf80de78a4b2fbf446923732c1046166,1,1,1.0933488607406616,1.0933488607406616
cf811d5af1bb735310b1a7775cd2ee9f,1,3,3.2770111560821533,3.2770111560821533
cf8b47846bb4ca7eb4445600a32480b1,1,2,1.0123132467269897,1.0123132467269897
cf9442b28b0296a240c1766e910ab08f,1,3,4.81940221786499,4.81940221786499
cf98288a084de953fd69b8cde784b755,1,5,3.2274534702301025,3.2274534702301025
cfa2929b3aca993d085fba960b7da156,1,1,1.8290280103683472,1.8290280103683472
cfbabe8f3c5c7978dc95f905d16914a9,1,1,0.6245629787445068,0.6245629787445068
d02887ef5011de35ded020b2f1d6e922,1,1,4.0866312980651855,4.0866312980651855
d02c1da03b5ef4fb5ea6b793a3c1fc79,1,4,4.297718524932861,4.297718524932861
d036e5b82131663ce9713366f9285063,1,0,0.17733854055404663,0.17733854055404663
d065d62d5db3a99245b8eff06975c94f,1,1,0.7519204616546631,0.7519204616546631
d067d3241f1340c9c54c1b78a5a780cf,1,0,3.367706537246704,3.367706537246704
d078bb822b00d4c5efbc26fde8dd86c8,1,1,1.4983584880828857,1.4983584880828857
d088f8e0bbd26aeec7525368606a9fd4,1,4,4.213525772094727,4.213525772094727
d08bd91bd82152478e446b6c0aca6d4a,1,3,0.2653224468231201,0.2653224468231201
d0d12390438f3ed80f9651117dd961d7,1,0,0.30645713210105896,0.30645713210105896
d0d12e2cd5f7f1e626ada65eb1e418f1,1,1,1.9954649209976196,1.9954649209976196
d0fb429c78688f034b93eacf642b8d9d,1,5,2.5324981212615967,2.5324981212615967
d0fe5433525c2dd49ca417cc8a4c82e8,1,5,5.262148380279541,5.262148380279541
d10444705e9e97c52affab94ba03f7be,1,1,2.424647569656372,2.424647569656372
d1071efa4e88c78030b7fb2b46217943,1,0,0.26777899265289307,0.26777899265289307
d125850318a62f30fd13cab559fcbc91,1,1,0.3575676679611206,0.3575676679611206
d15706b4cad3b7f87dd260aab604b25e,1,5,3.631626844406128,3.631626844406128
d1664288850cb1224eac89ca5f092c66,1,1,2.9748127460479736,2.9748127460479736
d1766314b6c9a6f528f4cb6643798d41,1,5,4.151026248931885,4.151026248931885
d19246d956e226f8a41ad8848482c5fe,1,2,2.0560076236724854,2.0560076236724854
d1a0ac3ec79fb3fcafe4731c4c06845e,1,5,3.4086318016052246,3.4086318016052246
d1e98dd82b39587a6ad1f1351fd8269e,1,1,0.2440747320652008,0.2440747320652008
d1ec2a1c9426ba4bcd9a5bb5fd047ee9,1,5,4.808500289916992,4.808500289916992
d27014268de16d7acd61642838990335,1,2,0.29478201270103455,0.29478201270103455
d2b9b8079e77cd93ab79755e21170e65,1,0,0.46967747807502747,0.46967747807502747
d2c964910e2e8295fc329dd57918986f,1,2,3.6677324771881104,3.6677324771881104
d2d214b96cfa479a5cfc795a8760c7c1,1,1,3.025899648666382,3.025899648666382
d2d78e5a7ee90979ebb3ebe28fb79554,1,1,0.5737961530685425,0.5737961530685425
d2e99d97cea5ba41f7d2e30a221adee4,1,5,3.8607959747314453,3.8607959747314453
d2eee81a3492a7577e45e6784e450de9,1,1,0.7759020924568176,0.7759020924568176
d375f524d50db8fcf857eadcb70ef5d1,1,5,4.476410865783691,4.476410865783691
d38193285da00a4e907e5947253ff486,1,3,3.8654825687408447,3.8654825687408447
d3cf96c8fbb358768a0a65207b27ba3a,1,0,0.29173150658607483,0.29173150658607483
d49075075de98ba225b3306bc8cfca44,1,4,3.0539281368255615,3.0539281368255615
d4937c7e9d120469b686ff5d34e71fa7,1,1,0.962367057800293,0.962367057800293
d4c24da9724759ae8e6ad6358b5cb620,1,3,2.013416051864624,2.013416051864624
d4de3f75f584833fbf5318f1352349fc,1,1,0.6610093116760254,0.6610093116760254
d4f9cc7d8f83db9394cd95be9eb10b00,1,5,4.559752464294434,4.559752464294434
d50f85e2414dd545345934cdef5c8dce,1,0,0.3148016929626465,0.3148016929626465
d527d0d353eef920f47505af9fe37956,1,2,0.3022401034832001,0.3022401034832001
d52aeb8671398a50464cabf9927fd86d,1,0,0.6204489469528198,0.6204489469528198
d52d28b99ef14ecc6e55b92170b883e9,1,1,0.4451967775821686,0.4451967775821686
d536c08dee5e770c64145b41e9c387b3,1,3,2.6295669078826904,2.6295669078826904
d568b6fc539851e62d84e3223eee7091,1,5,0.6061556339263916,0.6061556339263916
d592f94339f67b9453dca75b5826f367,1,4,4.450043201446533,4.450043201446533
d5b260922fb628cf83d7960ef02c4e60,1,1,1.1824491024017334,1.1824491024017334
d5c40ec532586debe95b6ff9f2233f0f,1,5,4.320866584777832,4.320866584777832
d5cab685b579ccaf021401bf2589b5f0,1,1,0.2109328806400299,0.2109328806400299
d5e5a96868127d64112701488904e65b,1,1,2.6004796028137207,2.6004796028137207
d5f28a3679e12334214c14d72fe90760,1,1,0.9974265098571777,0.9974265098571777
d6150329ed7041e5734c32d2e6c70c15,1,0,0.4254203140735626,0.4254203140735626
d619aea287290e9eefa449d1e54ed333,1,2,1.1597884893417358,1.1597884893417358
d62ce3650d7f19142f16efdaa85d0c3f,1,0,0.4466845691204071,0.4466845691204071
d6807acfabc838eb944b797b116d3fb4,1,4,4.392204284667969,4.392204284667969
d6b1c8ca6037b5ddca5d2086975a643b,1,4,1.3355605602264404,1.3355605602264404
d6e2813cc756a36cfee90e87cc0b0d06,1,4,1.8805747032165527,1.8805747032165527
d7132253107215db7e9bd88b6a864c14,1,3,2.96844744682312,2.96844744682312
d7317063793838db3f284cf45c2a6136,1,3,2.024451971054077,2.024451971054077
d73e0b560ab432a9606ecf0ffe99b67e,1,5,0.21152615547180176,0.21152615547180176
d74a1b24f9d958f9a1b28298afc95168,1,5,4.144608974456787,4.144608974456787
d769a8772ea5d3e1a1644c851ba06b9d,1,1,1.7698111534118652,1.7698111534118652
d77156c36bb14ea111fd2bfa22d8c9bc,1,4,2.1817171573638916,2.1817171573638916
d782c4a766ad5d361a9370fd0c6c6fd5,1,4,2.447866439819336,2.447866439819336
d79f17e91c3e1afcea9fb18a87b05a76,1,5,2.134561061859131,2.134561061859131
d7b172212f491714565c0ed41b95d0fd,1,0,0.37752625346183777,0.37752625346183777
d7c803feb26ef73fa68285c825ac602c,1,3,0.41455110907554626,0.41455110907554626
d7d09ab8218cfe95d21ff22df45e75ff,1,2,1.027388095855713,1.027388095855713
d81ba550a78a80c03fc8920a2ba58dac,1,0,2.8727498054504395,2.8727498054504395
d845d3e965ae8565d58bda907663a728,1,0,0.4509114623069763,0.4509114623069763
d84c7a217e2277033342f89adf0ce7b6,1,4,2.2406156063079834,2.2406156063079834
d85e14b5f57f220ccd80ca6f02f6b56b,1,4,1.9854720830917358,1.9854720830917358
d8a2411e48aa5feb4fa2ef30d0d7b4b1,1,0,0.28619661927223206,0.28619661927223206
d8abf403ab5663c07528475647e0db5a,1,1,1.104984164237976,1.104984164237976
d8b611006a6b9a4dfd31032107923951,1,4,3.83538556098938,3.83538556098938
d8e1bc485f60e8390bcef00dd924aaf4,1,3,3.7279856204986572,3.7279856204986572
d8eb0751091d550023cb2c0802ad45b3,1,0,1.3560621738433838,1.3560621738433838
d8fc4bf3dec4c8dfbc366e3d7512c602,1,1,1.0532848834991455,1.0532848834991455
d90f5db28f3ff7c708e3c95d9596e26f,1,1,0.7778181433677673,0.7778181433677673
d9872b11bb4b59a34062b36e8a64e3a7,1,5,1.3386733531951904,1.3386733531951904
d98de7b36e1362dfa74903ec96e53c15,1,0,0.40527933835983276,0.40527933835983276
da02528d2ac0b705067ad134179791d2,1,5,3.108586549758911,3.108586549758911
da077ff5258dfb7cd6d604d995de7619,1,0,0.47123852372169495,0.47123852372169495
da1bf67eeb0d10c8021d69a0d6128f15,1,3,3.1611897945404053,3.1611897945404053
da1de69a3097c5cecfc5a5c20f125340,1,0,0.49815991520881653,0.49815991520881653
da2319b5a8f33c13bcf2380c25b78e37,1,3,3.965191125869751,3.965191125869751
da4b2e029abb2741bcfef60fa7ab10b0,1,5,3.477766275405884,3.477766275405884
da558caad449f980ef35d87f9bfc2fa4,1,4,3.1557273864746094,3.1557273864746094
da610fb22e9ba742ebb7a9117b2f24cc,1,2,4.029628753662109,4.029628753662109
da781e50e8bab82212e5724e387f49f4,1,5,1.5461634397506714,1.5461634397506714
da84230d35b22a900b153d5cb969a7a7,1,4,4.344634532928467,4.344634532928467
da959308ba225828ad7bfca0ce00f42a,1,1,0.6365947127342224,0.6365947127342224
dabe405fe14fea8abeae766fdaa96185,1,2,2.2421681880950928,2.2421681880950928
dac43b12a554b5d13719d80d348e962f,1,4,1.2588276863098145,1.2588276863098145
dacdcb2643b7fb7038e1f41cb31b4932,1,0,0.12192287296056747,0.12192287296056747
db047ccc6fbd5ba7b5c18321d7266384,1,2,1.0779788494110107,1.0779788494110107
db14911cd56305234f105cf952dff9b9,1,2,2.085949659347534,2.085949659347534
db472dac70f0db6882e4cc92372c39e8,1,5,3.470932722091675,3.470932722091675
db49e2f1ea7eed440df4003c40bd80e3,1,0,0.046503957360982895,0.046503957360982895
db50ae671fd181d31c89728e6a71e582,1,5,3.9301726818084717,3.9301726818084717
db5ec951ebbe688c693cfda6cce883be,1,1,0.753225564956665,0.753225564956665
db9ab40f85a838fb688892d9080a3560,1,0,0.3927018642425537,0.3927018642425537
dbbd706e74cdd87e423b5e28d3c7f25a,1,5,3.611729383468628,3.611729383468628
dbcd292efb04d7db76e2c97379b79a14,1,4,2.1325180530548096,2.1325180530548096
dbcfc45f5634deac6e220c62cf942a0c,1,1,2.591641426086426,2.591641426086426
dbea7c288aa2fe12ecb79d7138ad5896,1,5,4.684028148651123,4.684028148651123
dc5a57e65f5f1e4aa7864083e55ea2c0,1,4,1.842025637626648,1.842025637626648
dc5d3a5a2d4d114e5e4f3cd07fb55fc1,1,2,2.383561372756958,2.383561372756958
dca769d431e4b8b64a5c72d6a8663738,1,4,3.5315535068511963,3.5315535068511963
dcc1dcad3b26cf0927b6f35228b5a058,1,5,1.9306210279464722,1.9306210279464722
dcc20ce75933d9800e4ad6ab2943e359,1,5,3.784297466278076,3.784297466278076
dce48bd8efed423c2484093638a369f4,1,5,3.085505485534668,3.085505485534668
dd00566789255a6348a44c58e0140e6c,1,1,0.9082015752792358,0.9082015752792358
dd1c5062a0c646d6af4d2d77b4129db4,1,5,0.145743727684021,0.145743727684021
dd1de3a4f68b088865866c04b3917f85,1,2,1.7678653001785278,1.7678653001785278
dd26b0dd91cb20493617a9b82ab9d8fd,1,4,3.5027570724487305,3.5027570724487305
dd283d0ff1afced1fa9c86e26269c003,1,0,0.45712417364120483,0.45712417364120483
dd43c81a6e0d49daefdbaa069e2bb095,1,2,2.6495449542999268,2.6495449542999268
dd9fbfd8ef47f7ce437fac74ea034f8c,1,5,3.551992177963257,3.551992177963257
ddbeff8437def5f80c4890b394711ec2,1,1,2.162295341491699,2.162295341491699
ddc6c2922dc99fb10a2527e5e830ad77,1,0,1.2180172204971313,1.2180172204971313
ddcb50ebc2fad73f053d0a3b44c30882,1,1,2.2486355304718018,2.2486355304718018
ddd0edc9c6eb676649934adbb8ab0f8b,1,5,4.516729831695557,4.516729831695557
ddd2f284a0815fb717d5ad3ee2d0d3d8,1,3,3.3973634243011475,3.3973634243011475
de053910e530a0446edf0c8dc12d31e3,1,1,1.8270975351333618,1.8270975351333618
de124c437af0c7faa34f70eb9f6e6f24,1,1,0.5097275972366333,0.5097275972366333
de3b05db139bc09c5fd3b846245d647c,1,1,2.436582565307617,2.436582565307617
de7b957abbadd1ccd6808254a157207c,1,4,3.408264398574829,3.408264398574829
df18ac8990e89990e4b908f4d77c3aa2,1,3,2.718397855758667,2.718397855758667
df2db313fed88b1a26bcdd961bf36ff9,1,2,2.162407159805298,2.162407159805298
df34f8f7d0a880466008263162c00d68,1,0,0.5200892090797424,0.5200892090797424
df3d9c53189dd95a5888480835d341a9,1,4,4.076790809631348,4.076790809631348
df83132f9e6a7c8337e6cd91270f8f7d,1,0,0.010309312492609024,0.010309312492609024
dfae643568b01d1f4ad5d86bac2f7994,1,2,2.728416681289673,2.728416681289673
e005bc3ecd718b268588742a9e86d6f8,1,0,0.18504264950752258,0.18504264950752258
e02703af0349a0d093605123400dbf07,1,2,2.1222527027130127,2.1222527027130127
e02856c4928623247b30d6113fbe59fe,1,0,0.9166553020477295,0.9166553020477295
e03c2b754bce667277ce38e552bd81c9,1,4,3.6446473598480225,3.6446473598480225
e08993490baa242c3dd7438c518ac13b,1,0,0.582107424736023,0.582107424736023
e08b3873a528bb51f5e099eddeedee5c,1,1,2.2603800296783447,2.2603800296783447
e0c2ac1e8919079234c7d0b9df13adff,1,2,1.420016884803772,1.420016884803772
e0c460ff20fa20d6297079caea47b7f3,1,2,2.871805429458618,2.871805429458618
e0d6698a658131c2240e15cf4f40efa1,1,0,0.5387985110282898,0.5387985110282898
e0fa5cd8786faaf7c24639294783fe77,1,5,4.6258087158203125,4.6258087158203125
e10c337764347d31c843126ea3156504,1,0,0.271712064743042,0.271712064743042
e10d5f4e9dd5c9adb81bbe1a744866ec,1,1,3.148054599761963,3.148054599761963
e175edbb01ee93372ae54bdc1734bcf5,1,0,0.30454733967781067,0.30454733967781067
e17b55972ff36346f98e17f963a057f0,1,4,3.574989080429077,3.574989080429077
e19a84f7ffcdd000dd94cbdee9564a4b,1,2,0.42190495133399963,0.42190495133399963
e1a3d7ce1d228476a21c53138fcb74fb,1,1,1.4335957765579224,1.4335957765579224
e1a521bd98594307f9b46be2b2d06d03,1,3,4.925765514373779,4.925765514373779
e1b7c9220455568017e53ed7f49dea90,1,0,0.20496530830860138,0.20496530830860138
e1b8d76e1ff3bb07fd92b1512e8c4ce5,1,1,2.4837515354156494,2.4837515354156494
e1cb7dd62d9f43421d5a01467307b98d,1,0,0.3115466237068176,0.3115466237068176
e1cf55e522eb9b5a28b33c09e81e9da2,1,0,0.28715550899505615,0.28715550899505615
e217ce5f6636d9e434d663b45eafffb6,1,4,0.29777050018310547,0.29777050018310547
e220935dbc6151a41a0234cd170add83,1,1,0.506653368473053,0.506653368473053
e2252a41bd6f1a9e7045e9f10dde5a20,1,5,4.243466854095459,4.243466854095459
e22884fc01d9066deaeaf65069a3b97c,1,2,1.3479477167129517,1.3479477167129517
e2319f2602a2099c2e64ce1c15ffef10,1,3,1.6729204654693604,1.6729204654693604
e23ccdf6deeac16fd2975c976dbce4d0,1,2,4.023525238037109,4.023525238037109
e241df65ca9194cb95c86f93ddd85bf7,1,3,3.2870216369628906,3.2870216369628906
e273dba6ce943ac5c5a2b2f0ca62fddd,1,5,4.09623384475708,4.09623384475708
e2876d9ebfde8e9b19701ac52b33dcd4,1,0,0.12387027591466904,0.12387027591466904
e28c566407ff5c15179ef801e8fbfeaf,1,0,0.08844975382089615,0.08844975382089615
e2b242d5b7d9cda026d5d1538a4618d5,1,2,2.7373366355895996,2.7373366355895996
e3306507fac36d68ea6c6e20bda23200,1,1,2.4567458629608154,2.4567458629608154
e33e2787c16fd3291299992fbabb7636,1,3,3.0001630783081055,3.0001630783081055
e33f022f319d81b60bc1fcf1c139a0f1,1,1,1.2341749668121338,1.2341749668121338
e3431a477f2320c8f49cce14add89e41,1,5,2.6373956203460693,2.6373956203460693
e3b2b156b3ce1119b4e56debb48b91ae,1,0,0.14691834151744843,0.14691834151744843
e3cf7905ba04ebe9a090b586b4988e3d,1,1,0.2879103124141693,0.2879103124141693
e4004944daa2e2ab41f4d8cec3adec83,1,5,4.857224941253662,4.857224941253662
e4018c330e40dbf522c073c22732cf38,1,0,1.576035499572754,1.576035499572754
e4215cfc8c41ec04a55431cc413688a9,1,2,1.1370785236358643,1.1370785236358643
e439c55932821e4011f5c88291a80928,1,4,3.1641032695770264,3.1641032695770264
e45b0f108cd8bf28681860aec3120cbd,1,1,0.908393144607544,0.908393144607544
e46ba29e963710a5293ac945311610bd,1,0,1.094980001449585,1.094980001449585
e479a841de401149c4f149ebe92cec7e,1,3,3.343120813369751,3.343120813369751
e4b834368f1bea55cf44b94045583548,1,0,1.139015793800354,1.139015793800354
e4b88ebc219a7581fa6222712e3227d9,1,1,2.806408405303955,2.806408405303955
e4d241c25e1d63b25a01beebc53fc0a2,1,1,3.455402135848999,3.455402135848999
e4ddc57e6642607be5809a7fd02bd612,1,3,2.4863216876983643,2.4863216876983643
e4e5fcff14e99aa91c9e3c6a0e2395cc,1,1,3.2773921489715576,3.2773921489715576
e4e6c000a1fb5377541631b59e4a54a2,1,0,0.22125834226608276,0.22125834226608276
e528c60c6f12a5073f02195644ea418c,1,1,0.8366676568984985,0.8366676568984985
e528d21e5e6c87a9a1579214f6ec345d,1,2,2.7877442836761475,2.7877442836761475
e561cdb33e597cb88ab37af8d677eeac,1,0,0.1695588380098343,0.1695588380098343
e5875827ce9f2f526f46eefff35ab893,1,2,0.4575987160205841,0.4575987160205841
e5a3fc40ca910bbf6c4dc912da522e3c,1,5,2.3571417331695557,2.3571417331695557
e5c045c4083859b242af4d1b3bc1dc65,1,4,2.2219340801239014,2.2219340801239014
e5c048da7a875e04bc632e048223309f,1,4,4.268942832946777,4.268942832946777
e5c110d0ec8087bc89e6f6a528a690ce,1,2,2.6964523792266846,2.6964523792266846
e5e5afaa4adc21dd69b387dbcb91aa74,1,0,0.07187662273645401,0.07187662273645401
e5fe44e45e6954360aeccfeac99c2885,1,0,0.6248781681060791,0.6248781681060791
e62030f62fb52831cb29a000510c94a0,1,0,0.4849676489830017,0.4849676489830017
e62a7175ca466fb365631d124972c0a8,1,3,3.9821536540985107,3.9821536540985107
e64598d6884499b44b9bc615912f4f0e,1,3,2.614593029022217,2.614593029022217
e65d809914de1f87fd337a75ac08454f,1,4,4.133664608001709,4.133664608001709
e6c2b43503bee624d35122991a011007,1,0,0.3014882206916809,0.3014882206916809
e6e365522c68d41ad595fc1b737223ec,1,5,0.69830721616745,0.69830721616745
e6e7517d1d5ca7249c6fe106f4e7bb6c,1,5,3.9666736125946045,3.9666736125946045
e6f83d3ffe066538fcac6efc3259d59a,1,1,0.9144840836524963,0.9144840836524963
e704b6e827e5e2b4eeecdd280d6fbe8f,1,3,1.994630217552185,1.994630217552185
e7244a8c3ee9bbb0c934b2f888cc97d2,1,1,0.6183550357818604,0.6183550357818604
e73c4364239a175096d9538cd0aae117,1,4,2.161702871322632,2.161702871322632
e751701e415e67adf2496bba14863d34,1,4,1.0579150915145874,1.0579150915145874
e7638f9443ea67c64e7befcfb52d35f2,1,1,1.826706051826477,1.826706051826477
e76c7b4cbca487702e96526bf01bc165,1,0,0.18775400519371033,0.18775400519371033
e805fcf7bfd5a7cd6c652c1ed288bcd8,1,4,1.654283881187439,1.654283881187439
e81a6a524304f302180b2c2cc142bd8b,1,0,0.30154183506965637,0.30154183506965637
e8305f87e3ba6f187920804740068790,1,3,1.2079476118087769,1.2079476118087769
e837cc2d7de77e4551d1135086763f82,1,5,3.7403855323791504,3.7403855323791504
e83b38f721f767604aa2bea3cdc633de,1,0,0.6700003147125244,0.6700003147125244
e877ea3e61db21b1a35468e9fcbf80cc,1,2,1.2261805534362793,1.2261805534362793
e887a1f9af6bc40cf27342b0644ae23d,1,1,1.2599154710769653,1.2599154710769653
e8baa3bb9dcfb9cef5ca599d62bb8046,1,4,3.1279022693634033,3.1279022693634033
e8c4df5d82b20ace2d04f178e70b6dae,1,4,4.181236743927002,4.181236743927002
e8ce5cd6a70ea33bf280e6fddc6da27f,1,1,3.17743182182312,3.17743182182312
e8d2f499e64b8d562838572bee7ea53f,1,1,0.27576693892478943,0.27576693892478943
e8d79e4c9b85f70b581e3403241672e5,1,2,3.1787025928497314,3.1787025928497314
e91823c58aa142ecda43d781dc322a9c,1,3,3.2875049114227295,3.2875049114227295
e9193d66b4eb4c6778efdeb776c5caa3,1,2,3.983924150466919,3.983924150466919
e95c6d365351c83dc999465682628033,1,1,2.811436891555786,2.811436891555786
e977901dfe6c8ff87e5bcf5c513250ac,1,0,0.3186337351799011,0.3186337351799011
e994de172996c57b3c414dd7192b500c,1,1,2.0088958740234375,2.0088958740234375
e9b23d50388ce76955b95f482e892f5b,1,0,0.4407016932964325,0.4407016932964325
e9bd2fb57ffbe441e1d43afede31df38,1,1,0.5585325956344604,0.5585325956344604
e9c567814f3d582607f9eff2a3b7668c,1,0,1.6846787929534912,1.6846787929534912
e9d628364cf51891028163e0cfca628c,1,2,3.4834799766540527,3.4834799766540527
e9edef878710b13a32777376bdfc0f82,1,4,2.0371761322021484,2.0371761322021484
e9f18c7e7ced779403e0b56d7b987827,1,4,3.2173731327056885,3.2173731327056885
ea2dae3e447871d311e907278a85cabf,1,1,0.747037410736084,0.747037410736084
ea4567ff965f38683bdc7c7af2e08ae4,1,3,3.452176570892334,3.452176570892334
ea6606c5db492fded16b2120e184455b,1,4,3.394684076309204,3.394684076309204
ea69da9e735f38910b59e3f303d17892,1,1,0.9220893383026123,0.9220893383026123
ea6b2ae44450c9d6f1df788eec496694,1,0,0.3523125946521759,0.3523125946521759
ea77b6c6a266751e19cb3d858d096136,1,1,2.115983724594116,2.115983724594116
eaa8d5b00a23d0da9d82b22cf053697d,1,5,3.8513498306274414,3.8513498306274414
eaa98a57d64de34ccb77c1af98e1d39a,1,1,2.161907196044922,2.161907196044922
eab8adbbf4def0220b48bfdc525aa866,1,1,1.096337080001831,1.096337080001831
eacb0504ca2039d8b3e9707aa7badb2c,1,0,3.2930972576141357,3.2930972576141357
eaf70401521a619ef57eb894c4e7816a,1,0,0.3221275210380554,0.3221275210380554
eb1f095d4c42b43b2263dc50203fb26c,1,4,0.9208310842514038,0.9208310842514038
eb2b8d9eb0affaabbe770fcb5933dcaf,1,5,3.7969906330108643,3.7969906330108643
eb2f1b1d27fbae69c7467a6bfd0ef5a8,1,4,0.1765548288822174,0.1765548288822174
eb62229279cd8ab73c9ca81171f14762,1,5,4.459336757659912,4.459336757659912
eb6d35c149072c75cee433ec81ba7c49,1,0,0.24132680892944336,0.24132680892944336
eb78715d70073992ae1b97d02a0d106a,1,0,0.39046284556388855,0.39046284556388855
eb7b02d4576ffd98cbb4bb5c79418b3d,1,0,0.32608821988105774,0.32608821988105774
ebbe9b2029fd5389f5bb93d6b2b822ab,1,2,1.0147278308868408,1.0147278308868408
ebec55b101d0f038aa52b6c5f83bba0b,1,1,0.46148890256881714,0.46148890256881714
ec2657eff0395f0c0eddac5b35cf584a,1,5,2.2965245246887207,2.2965245246887207
ec27b4eb30828414d29c522e2a958756,1,2,2.6786818504333496,2.6786818504333496
ec3f8f4e374dd25c308d7c4081c720a4,1,0,0.86894291639328,0.86894291639328
ec44c46c8fbfd5e3d91c8b46ac2badcf,1,0,1.007813811302185,1.007813811302185
ec767d98586c61e1feabe3293690fe93,1,1,1.118986964225769,1.118986964225769
ec89dabdd536396aaad4020141dafbde,1,0,0.3546041250228882,0.3546041250228882
eca065b700e4e44681c2b3d45235a6f9,1,3,3.7658071517944336,3.7658071517944336
eca989843a1006206f8af3503b71b66c,1,3,1.973880648612976,1.973880648612976
ecbafab43eea3abffc6cd89c02592e35,1,1,1.3306339979171753,1.3306339979171753
ecf2c02cc3881e508933ea679c43f64e,1,4,4.397941589355469,4.397941589355469
ed15d638e47b2a7c449674702e4d988c,1,0,2.5259857177734375,2.5259857177734375
ed3028d82ffde075540a2d54abed2b15,1,2,2.1424601078033447,2.1424601078033447
ed35861a0e509708086dd37a78745967,1,2,1.4681164026260376,1.4681164026260376
edac491ffa87aa2c0abccf1b8e5a6ff6,1,4,4.202505588531494,4.202505588531494
edd408ac28d172e7c80dbe7aea2ac283,1,1,0.2889598608016968,0.2889598608016968
ee2e1b4ce5e5290833a9a98da2d72c0f,1,3,2.3794615268707275,2.3794615268707275
ee3cb4950320fa16061f3f3519f8e08e,1,1,0.4509103298187256,0.4509103298187256
ee690e4e9eb2bc1b23acaa64ecfedb3e,1,4,4.103555679321289,4.103555679321289
ee83e1603d89100f6546368fe275aaa5,1,3,3.271239757537842,3.271239757537842
ee84768fd0b939e9fc7369652cba4a35,1,2,2.577587842941284,2.577587842941284
eea5a7ea388de38cafb29752b812c9ff,1,1,0.3175358474254608,0.3175358474254608
eec36dafc7b16caaadf5418529dc29cd,1,1,3.2715797424316406,3.2715797424316406
eecda454c4630e9571a784929938c3f5,1,0,0.26456770300865173,0.26456770300865173
eecf7d092d41484bdbb80ec95f49bb03,1,5,2.954169511795044,2.954169511795044
eed17c97383c541f6cca658f3482f429,1,1,0.9831464886665344,0.9831464886665344
eee26d27dbba4e7dec07620c11328b62,1,1,0.6740752458572388,0.6740752458572388
ef04092847409d2ea98b392331985dcb,1,5,2.7847516536712646,2.7847516536712646
ef20ad4052dba940a75b752f48432737,1,3,1.92521071434021,1.92521071434021
ef370f7b011f0c0303a7ae14fe0c0770,1,3,4.381525039672852,4.381525039672852
ef3b99675c116b6572cd8694ee1dd808,1,0,1.1538511514663696,1.1538511514663696
ef4db235c1d5028e455df952cd17500a,1,0,0.1848522275686264,0.1848522275686264
ef4e60fa0b52fced74607ab20b44e365,1,1,1.6087735891342163,1.6087735891342163
ef68712b2ec4cd57f06e74889cc021b2,1,1,0.7834153175354004,0.7834153175354004
ef78804e47bf8950bced09b56309ec0b,1,3,2.9271628856658936,2.9271628856658936
ef8bfc5bb8d4620c501fcd726ef36dc0,1,2,0.6345304250717163,0.6345304250717163
ef90c7ae4c721fac2c3052f8e7769627,1,1,0.44638791680336,0.44638791680336
ef9853b01c42ddaeaad2b6261652f13e,1,0,0.22043821215629578,0.22043821215629578
ef9aa642a7b1367d7202d3cec44dbcdb,1,1,1.7360633611679077,1.7360633611679077
efa1f2dc428cd2c756703a46a6528159,1,0,-0.04540693759918213,-0.04540693759918213
efe3e59db69aff7eaab601851bfe16c4,1,3,1.921947956085205,1.921947956085205
efe46c2ec61f23ebe0953e0777bb7e5d,1,4,3.7663848400115967,3.7663848400115967
effe920ec2c4a10fe08d237a806d04d5,1,0,0.6361104249954224,0.6361104249954224
efffcaf09935e68555f74277c387220a,1,4,4.1747822761535645,4.1747822761535645
f0098375c984c08db1a94086d80e7f27,1,5,4.03588342666626,4.03588342666626
f020cc334d760c90c51064fbfcea2dfe,1,2,1.5520840883255005,1.5520840883255005
f02b9020d7bc40972be3d30d13b745c4,1,4,2.5443227291107178,2.5443227291107178
f03af6a10717282de524bec7dc01111f,1,5,4.756555080413818,4.756555080413818
f07854a61eb5e86065f13e7e0c1456b9,1,1,1.87098228931427,1.87098228931427
f084bbeecf2e9590bbdf2c5b48708072,1,3,4.477914810180664,4.477914810180664
f0ecf0bcc2f83eb9226220a80230f44f,1,4,1.212712287902832,1.212712287902832
f10e5b4cb9d926d40b830d9ffdbdecbe,1,2,0.4988898038864136,0.4988898038864136
f116008671100986f57d4726d2b8246b,1,1,1.6704657077789307,1.6704657077789307
f1231d9ba00000e9dbeeebc1b6546378,1,4,1.5983940362930298,1.5983940362930298
f136c04bb54b73543f234c0c6b51ad41,1,0,0.3122871518135071,0.3122871518135071
f14cc705a713267715ed1e1be51b7e7a,1,4,4.4407572746276855,4.4407572746276855
f178a31a7867a26c9e4ec2e6efa32f1d,1,0,1.3739835023880005,1.3739835023880005
f1a748bf771215ce5a166846e8d9af79,1,1,0.9820452928543091,0.9820452928543091
f1f5f493f2f436a7049f899b4ca4bac6,1,4,4.128917694091797,4.128917694091797
f1f74c4aecfa7f9baa760bb992e4c720,1,4,3.6767332553863525,3.6767332553863525
f20638cc61a1ad764ed718b278f9055c,1,1,0.6872590184211731,0.6872590184211731
f20ff8d9b9b0f5f6df241672541dd9a5,1,0,0.32695430517196655,0.32695430517196655
f232dc705893be350eaf1afd474818aa,1,2,2.8148739337921143,2.8148739337921143
f254c9da93b8616baf724c5ee515d4d4,1,4,4.207935333251953,4.207935333251953
f297a5e48cdfbd7e8fad7690f6ed6276,1,1,0.43788209557533264,0.43788209557533264
f29a271f6d4f678495306d7db565049e,1,1,0.9004087448120117,0.9004087448120117
f2b60f5df5140efb80fa3b4c2bcb4743,1,0,0.1952074021100998,0.1952074021100998
f2f22139dfe311f57ecc1726f35c5802,1,2,1.9299432039260864,1.9299432039260864
f3276b69be32b65b65d890154839fdc1,1,2,1.3689547777175903,1.3689547777175903
f33ee63b980e520ee01b85dc9edb8fa4,1,0,0.21380698680877686,0.21380698680877686
f344628cd3bfd6e1cd80456bca9358ab,1,3,3.782959222793579,3.782959222793579
f367f6252be10578dcadc00ded89ecd5,1,5,4.7300567626953125,4.7300567626953125
f373a5772e30bd514a81f02f04d4d973,1,3,1.5564087629318237,1.5564087629318237
f3b0b08eb60f38c66ecb09b014a5282b,1,4,4.2348103523254395,4.2348103523254395
f3bb881e44da68789ac2c3fdffff4c8c,1,0,0.22642065584659576,0.22642065584659576
f3c73a8d70f8d5f7d40c79720124e71d,1,2,2.56731915473938,2.56731915473938
f3cdf9ea25856aaaaaf7d0ceec875bef,1,0,0.30965355038642883,0.30965355038642883
f3ffd2029fb675801fe3d8c39a1c591a,1,0,0.2923511862754822,0.2923511862754822
f40c17b3402d3937434e08f419ebb3d9,1,4,5.032890319824219,5.032890319824219
f48064fda016dbc4391c353afb9e61c0,1,1,1.4779819250106812,1.4779819250106812
f485571aeef9888bc219a7a5f146cf3a,1,1,0.830489993095398,0.830489993095398
f48a0a2fee0dbba4e2745c7037a366ed,1,0,0.26191383600234985,0.26191383600234985
f4b4036b067b9eb61cd9b86629ffb7dc,1,0,1.8200466632843018,1.8200466632843018
f4cc3f49c4bd4fdc3422ed1b8c5c7676,1,2,1.0357557535171509,1.0357557535171509
f4f3ef89b6a3bcb0985e2061b97324c4,1,5,2.6916046142578125,2.6916046142578125
f4fb4186d1ebf0021dbe555663c9c26f,1,2,1.5470294952392578,1.5470294952392578
f52d96b6efd32aa558588dd2e8fe1dfd,1,1,1.8759443759918213,1.8759443759918213
f5a2f826b3957a6961712a52eb94ef2c,1,0,1.992221474647522,1.992221474647522
f5d72b1f141a139c46446d263ceb5e7c,1,5,4.468332767486572,4.468332767486572
f5e8369558d2238497eaeb1b6be9391e,1,4,5.049971580505371,5.049971580505371
f613220060db299095fda77dbc2c3d06,1,1,1.848187804222107,1.848187804222107
f63d515ee30f621b7a82acc3e00fdcc2,1,3,3.4304211139678955,3.4304211139678955
f64bc2a754fc8d937ef7f307f381c9ef,1,3,4.744898319244385,4.744898319244385
f68673db7c65bc80fde188dea0e39c0b,1,3,1.1913436651229858,1.1913436651229858
f68f24390da7d3aa32817127bc5f7fa7,1,3,1.494227409362793,1.494227409362793
f6c48b756b48f8b45aaec467ff3273d6,1,0,0.22572165727615356,0.22572165727615356
f6de38334730ae611fbf46dd649b1476,1,3,0.7033801078796387,0.7033801078796387
f6ed84e1e5bdb1ee5d79e0f5353b42ef,1,5,4.8716254234313965,4.8716254234313965
f70104d45bb1a6177e3a6826b0eaa030,1,0,0.2681345045566559,0.2681345045566559
f730b8cd7f0d3e8c054e1a1cf1c8ece9,1,0,0.22438620030879974,0.22438620030879974
f732745735a435417280f120b2fc917f,1,1,1.0886423587799072,1.0886423587799072
f73a9bc5c0cae8bd6729c95a7edd36b9,1,3,3.3746814727783203,3.3746814727783203
f750891191013386453c29c16670e951,1,1,2.377882480621338,2.377882480621338
f756a136d382cfc37704069809199f5d,1,0,0.5454912185668945,0.5454912185668945
f75c7cec3ddc9fbff27aca59b01c5bf5,1,3,2.4848287105560303,2.4848287105560303
f781b917555e1c9f7be865081d1daf7c,1,4,3.296685218811035,3.296685218811035
f7956aab178ff4c161a505b6a050579f,1,1,2.4747884273529053,2.4747884273529053
f7af5eef3236461e745cd8b81f1cf93b,1,1,0.5120772123336792,0.5120772123336792
f7b22b5c85c38e708ca713769785a502,1,3,3.345155954360962,3.345155954360962
f7d2065831221dcb1fc9bd3eb02ef708,1,0,0.3198762834072113,0.3198762834072113
f7f6589e380c4b29b30ea6c8d098e471,1,1,0.988121747970581,0.988121747970581
f83b92c580fa7d6faf97f81474d9b2e8,1,1,0.8288782835006714,0.8288782835006714
f83dfa71d8df99b9ca578b1fdf3680c1,1,4,3.106494426727295,3.106494426727295
f84d60e83be2e1bbfdb1885a668bf3ba,1,3,2.7687041759490967,2.7687041759490967
f86f614f61dce71662f527ac82b3170b,1,2,1.9249041080474854,1.9249041080474854
f8856ffab037e42c380c5bd22013c6b4,1,1,0.24844959378242493,0.24844959378242493
f891dd5e1bd40f5d223dca5673bbf182,1,5,5.049604892730713,5.049604892730713
f9070015868c64308d1d00fa0f622fc8,1,1,0.9802043437957764,0.9802043437957764
f91d27d0216aa979a0c89f465a03d990,1,1,1.804570198059082,1.804570198059082
f93152017b2e6dc0e9c6dbbf0400d438,1,1,2.1900527477264404,2.1900527477264404
f9404d959c3c8f6ece797507374dc386,1,5,3.667161464691162,3.667161464691162
f94aad0ed89e482b4ff32f68a3672dc6,1,0,1.0231608152389526,1.0231608152389526
f95c0c54f064c14c0502f2b2d12f03ba,1,0,0.5496704578399658,0.5496704578399658
f99bb1daf05cc696e2e8af6898c89069,1,2,1.2242177724838257,1.2242177724838257
f9b0585f3bed42786c6c9fc199e59dc8,1,3,4.394899845123291,4.394899845123291
f9cc777d635db7d25aa27e494d56676b,1,0,1.0535253286361694,1.0535253286361694
f9e7b42fd5a1fd18683a846ddfa94c8c,1,1,0.8358442783355713,0.8358442783355713
fa347f99ad391a7ce5800ac7d161080a,1,0,0.36006638407707214,0.36006638407707214
fa6a2270986c61fcb0a34e9dd91a910c,1,1,0.8507115840911865,0.8507115840911865
fa6dc40a7e3539b717a8b911636b00af,1,4,0.3360627591609955,0.3360627591609955
fa74ab756f01ab6b562643955d297cba,1,2,3.424391984939575,3.424391984939575
fa7ece1587e37e28416110063cc5266a,1,0,0.6684947609901428,0.6684947609901428
fb01a0a69517bb47d7f4699b6217f69d,1,5,4.749236106872559,4.749236106872559
fb1a3e8ee799c0d48b8e9d89e65797e9,1,1,0.9615544080734253,0.9615544080734253
fb22764a4a1546a5660e587f35509281,1,3,2.0452940464019775,2.0452940464019775
fb25f7ff2cc4e75558a70c33645e3fb7,1,3,3.283536672592163,3.283536672592163
fb309a153bd6130905df294059e57c5d,1,0,0.1551060527563095,0.1551060527563095
fb61f2df28791cf878406496100a8c95,1,4,4.406289577484131,4.406289577484131
fbc62ff5a781cb9a2785e7100f234280,1,0,0.3899450898170471,0.3899450898170471
fbe139b6227a1430960fe9359826cf89,1,4,2.387413263320923,2.387413263320923
fc115a1b3e831ab2e51576d7e9a8b630,1,4,4.144680023193359,4.144680023193359
fc276eb59d1ae3212d411c903167ea00,1,2,0.34098681807518005,0.34098681807518005
fc3c4b863c8e9defaf8f430cdee91183,1,4,1.5333603620529175,1.5333603620529175
fc6c40b4efd9370aef5ea21fc7274bd0,1,0,0.3961171805858612,0.3961171805858612
fc8455773da14e90df050c6ce9f74882,1,1,1.1974786520004272,1.1974786520004272
fcad09ea1c5ae52d28fcd345c0a30b34,1,5,1.9284039735794067,1.9284039735794067
fcb2ed9c69ec97a285f6ed3a38ece987,1,1,0.6662691235542297,0.6662691235542297
fccd891ab4d4ce283caa43e2575d7924,1,2,2.2386810779571533,2.2386810779571533
fcd30c804d93d4cfa1f42e37c9c09648,1,3,0.286403089761734,0.286403089761734
fd03663880e972c195378f0f438db702,1,0,0.5952943563461304,0.5952943563461304
fd05529859cf5ee53ab967a009dc7c06,1,3,3.7594454288482666,3.7594454288482666
fd08b2bce422f40a465664f9a5f9afdd,1,1,2.0129313468933105,2.0129313468933105
fd2c0fd3dccaa4eb53ac8cae0a366969,1,3,3.3351809978485107,3.3351809978485107
fd3a19b58724189865a7b6bf3d70232c,1,0,0.2862835228443146,0.2862835228443146
fd3bf77d72ce527f9c9cfa57f6cdea8a,1,2,0.5584506988525391,0.5584506988525391
fd4fbeeff2ad449dc7c8e6194a4f8403,1,0,0.3956046402454376,0.3956046402454376
fd5604231cba46e8cb162a987e1fb3e4,1,1,0.31688907742500305,0.31688907742500305
fd73fb132d70187e69bc0638323b0ef9,1,4,4.750252723693848,4.750252723693848
fd8928cd1f06f33ff00e32f19c58abd3,1,5,4.499066352844238,4.499066352844238
fda48abd925720a9a9555ddaccdd622d,1,1,1.933557152748108,1.933557152748108
fe01b010f147bf3af7740f2f52b45da9,1,5,4.146694183349609,4.146694183349609
fe2e96fbf3e76e9983d1cc4d90ef957b,1,0,0.5205143094062805,0.5205143094062805
fe5717205561fb01917f7e1a27ddc2a9,1,1,0.8117146492004395,0.8117146492004395
fe7812f20a38495743cf7bf7f811c108,1,1,0.5986777544021606,0.5986777544021606
feb2f7f43ac6cf1e333d15be177ddec7,1,3,2.9688708782196045,2.9688708782196045
fec79645cf3b92343f453b945916af29,1,1,2.2401950359344482,2.2401950359344482
feca5568f51e661e151ea21dd3286909,1,1,0.33703526854515076,0.33703526854515076
feee92608ee1caac1480fa63eb14e739,1,1,0.9456192255020142,0.9456192255020142
feef5163846ed7e60b2faef14e91de09,1,1,2.504491090774536,2.504491090774536
fefabb166e46f9096f4b5afa23b86e1a,1,1,0.3554162085056305,0.3554162085056305
ff15dfc487071517ef450a09264af206,1,0,1.1939936876296997,1.1939936876296997
ff1626f6c8a293bfde7583dcafde5d2c,1,5,5.022995471954346,5.022995471954346
ff28b460869954e8ba28ff6b9919e46a,1,4,2.7543108463287354,2.7543108463287354
ff30f31f767ae4d18f5145598f46f5fd,1,5,3.6380674839019775,3.6380674839019775
ff4cd20d67101688ada57fbabe318e3a,1,1,0.4234614074230194,0.4234614074230194
ffacf52d0c9b3fbf644373c7da4026db,1,2,3.8241477012634277,3.8241477012634277
ffc005d56a21efbd034425623f596984,1,2,0.26858580112457275,0.26858580112457275
ffc0cbbe28a6345a179d6210ef5c579f,1,4,2.4300503730773926,2.4300503730773926
ffcee00fd033d3ece1408035a7fd4ea7,1,1,1.6860586404800415,1.6860586404800415
003046e27c8ead3e3db155780dc5498e,2,1,0.20376519858837128,0.20376519858837128
0032bfa835ce0f43a92ae0bbab6871cb,2,1,1.5766807794570923,1.5766807794570923
004f6b3a66189b4e88b6a01ba19d7d31,2,1,0.7582529187202454,0.7582529187202454
008069b542b0439ed69b194674051964,2,4,4.153156280517578,4.153156280517578
00928370e2dfeb8a507667ef1d4efcbb,2,5,4.725802421569824,4.725802421569824
00a97615a51ba4c475bdec8505623bf9,2,4,1.0779839754104614,1.0779839754104614
00c15b23b30a5ba061358d9641118904,2,5,4.9942779541015625,4.9942779541015625
00d7ec94436e3a1416a3b302914957d3,2,2,0.40034517645835876,0.40034517645835876
010f9df31ea44191c106d8226eaf46fb,2,3,4.038379192352295,4.038379192352295
014006841b9807edc0ff277c4ab29b91,2,4,0.30884209275245667,0.30884209275245667
01571191abf6e8e209111e819823759b,2,3,3.771604061126709,3.771604061126709
01642d24ac5520681d6a20f6c42dc4fe,2,0,-0.04142208397388458,-0.04142208397388458
0164d95013217d9e6b05cb957b66e6e9,2,1,1.367119550704956,1.367119550704956
0186f4811c9d089707d9dc7460160d88,2,1,2.7697219848632812,2.7697219848632812
01ad256f991cc99f46f8065cdf0bda01,2,2,2.145110607147217,2.145110607147217
01d647e17ee868d2991c73a247c28cf9,2,3,2.8623130321502686,2.8623130321502686
02146992e1884bf87012fd0d5d05cdb9,2,4,2.1192517280578613,2.1192517280578613
021cebcddd589b19448cae16b26c9863,2,1,0.521916389465332,0.521916389465332
022a0bb891701b0161a7d4518415d0f4,2,4,3.49406361579895,3.49406361579895
02367dd4a62007ff4dc3226886c93f47,2,1,1.0136423110961914,1.0136423110961914
023b6501333df8d9d1a5e2ee686b1489,2,1,1.2611713409423828,1.2611713409423828
02577ddcd838f2559936453b6071dc17,2,0,0.822721004486084,0.822721004486084
026081211406349c85c3e5b4fc4b6ff0,2,0,-0.1598777323961258,-0.1598777323961258
02d302a8d723fa00331f373091b29135,2,3,2.1022791862487793,2.1022791862487793
02e7ef58dba5c2d67b6d3711dc081135,2,1,0.859394907951355,0.859394907951355
02f72cb5511e180ee7d2d1bf793233bc,2,1,1.2080674171447754,1.2080674171447754
031f5ef5b254fbacd6fbd279ebfe5cc0,2,5,4.399265289306641,4.399265289306641
035b1edd3d1aeeffc77ce5d248a01a53,2,0,1.0138581991195679,1.0138581991195679
0373ed8a095e0a283da690de360ccc21,2,5,4.330294609069824,4.330294609069824
03881bfd835f664da3e62ce6ea025046,2,1,0.6224253177642822,0.6224253177642822
0402b113937fa2d9ed77d3dcd8b6460e,2,3,3.423851728439331,3.423851728439331
040847f885854a69d231c46196288d46,2,5,3.226649045944214,3.226649045944214
0497647d8124c3a7f498c89204b7afe2,2,0,0.21541818976402283,0.21541818976402283
049813f2cb407d0db60d6e671af6415b,2,4,2.549551486968994,2.549551486968994
04cc6bb8a2b8b3620e4f1b01af1e8269,2,0,0.16158995032310486,0.16158995032310486
04ecd322ee23c5be7654baad4d9fbc71,2,2,0.9894509315490723,0.9894509315490723
05056b81578a9c162eb0b0d4f1688282,2,1,1.0657657384872437,1.0657657384872437
0559e62f34650bc8e0579cf48aefdf1b,2,2,1.9479467868804932,1.9479467868804932
05657a4cdbbe3bd466402d227bf0b2c7,2,2,0.8391712307929993,0.8391712307929993
0587586b10cc3417c3c3607102b3f720,2,5,1.8139792680740356,1.8139792680740356
05a48d521ee6697052fc1bd914fb6edb,2,1,0.9019063115119934,0.9019063115119934
05abe25c883d508ecc15b6e857e59f32,2,5,3.1243653297424316,3.1243653297424316
05b09773ad1b34275f0b5adee3c650ab,2,3,3.3057539463043213,3.3057539463043213
05f15be5254b9dc5c8ad24400448d00a,2,0,0.2804155945777893,0.2804155945777893
060121a06476ef401d8a21d6567dee6d,2,1,2.1574957370758057,2.1574957370758057
06334c520d4bd54eb501a49f42158a80,2,3,2.9847352504730225,2.9847352504730225
063db632c0ad279c9602070bea1d8dae,2,0,-0.02652973122894764,-0.02652973122894764
068067cb3873af5f4dcc3e5859b57991,2,0,0.2879214286804199,0.2879214286804199
06bf945aaacb9a67d9f2439d9a7d73ea,2,2,2.2101879119873047,2.2101879119873047
06eda4a6faca84e84a781fee2d5f47e1,2,0,0.7014377117156982,0.7014377117156982
06ef45756a44d6ec0301b519700bf053,2,0,-0.40804627537727356,-0.40804627537727356
07106a451fdebeaa73f2db13f295bfb1,2,1,0.19446319341659546,0.19446319341659546
0787fbe4ab90ed76a34fb40a48a777ef,2,3,2.6552817821502686,2.6552817821502686
07a7ef0ba3bb0d6564a73f4f3e1c2293,2,4,1.1219955682754517,1.1219955682754517
07aa24f15ce062d65979b6a8bc7eb3f0,2,5,4.780422210693359,4.780422210693359
07aa4a923f58d02bd7c43c50491673d9,2,2,2.46429705619812,2.46429705619812
07f6b87e1e88e2370609c102502cd51a,2,4,3.364128351211548,3.364128351211548
07fd80d1fce4d559b61bc7103ca21146,2,2,0.6625572443008423,0.6625572443008423
082fd0a9f827b00494feb039b53b5500,2,5,3.886852979660034,3.886852979660034
08347bf830e78903e36a81168c4342f9,2,1,1.017418384552002,1.017418384552002
0864ad4232a64c3350f7a0c5f825ecf1,2,1,0.6271274089813232,0.6271274089813232
087235917714cd15b20951ad00a39cf7,2,4,3.871354341506958,3.871354341506958
08788ad91d8fd0fbf8e130739837b03f,2,1,0.16250695288181305,0.16250695288181305
0880e72eb2ad3fd25067a4500a8f0016,2,4,1.6751304864883423,1.6751304864883423
08ab45297bfe652cc0397f4b37719ba1,2,2,1.397167682647705,1.397167682647705
08b04f43997889865568c2c0d7bba8ab,2,3,2.0418946743011475,2.0418946743011475
08e90c44bcfe29aa64beff429f94e291,2,1,0.5734565258026123,0.5734565258026123
08feee903e2c1828e1ba8599941f4f63,2,1,0.49030670523643494,0.49030670523643494
090b8c54aa290c2e5e6114cbeddb16bd,2,2,1.5647597312927246,1.5647597312927246
09259d619d0f95c6a277e45f2450e7aa,2,4,3.668839693069458,3.668839693069458
0930ed07f723799f36d48929cdd840df,2,1,1.0582551956176758,1.0582551956176758
095647135b81501cbb9ba7fa58528e3c,2,1,0.7507458925247192,0.7507458925247192
096e33f3e3733cf2d584ec362c4e26b7,2,1,0.4521141052246094,0.4521141052246094
09a0147a0d752216ce2c77c828bfc14b,2,1,-5.890249729156494,-5.890249729156494
09af7bbed13916dc55c9b90279ac1cd6,2,0,0.17988239228725433,0.17988239228725433
09d4be69a2330cd49298bf30d29cc4e5,2,0,0.5730741620063782,0.5730741620063782
0a6c5a120961974a7dae8cf11245ff73,2,1,1.6994129419326782,1.6994129419326782
0a97bd73cd153b33751d43821ff0a400,2,0,0.9073315858840942,0.9073315858840942
0aa144fb4a6597dd19b3e0de25151e11,2,3,4.051959991455078,4.051959991455078
0ac7f7d40895378ae07006510aaca8de,2,0,-0.2024766057729721,-0.2024766057729721
0ad4f3538ae67d99a7dbfcc01b2d2dd8,2,2,0.6168238520622253,0.6168238520622253
0b102a47110d5fea1501400cd974f8d2,2,1,1.582590937614441,1.582590937614441
0b1c63971f6e7515273c95650a2e9063,2,4,4.417226314544678,4.417226314544678
0b2c7d97a377d620e70109199bf8eed8,2,0,0.2934744954109192,0.2934744954109192
0b2cba7e97daa7f11ededc2ec7d67045,2,1,1.9105502367019653,1.9105502367019653
0b80bdc8caa658b5f69606234947b422,2,1,2.3394875526428223,2.3394875526428223
0bbbb6734f721f4df4d2ba60ade0ed15,2,5,4.524507522583008,4.524507522583008
0bc1fdd9a51cf38d3dffac3541189c02,2,3,0.5610097646713257,0.5610097646713257
0bd0a172d1f92a1c8bb43585affe0648,2,2,0.8478296399116516,0.8478296399116516
0bf60b57d6fbd60feb3923848bdc720a,2,1,1.475945234298706,1.475945234298706
0c02d3bb3a62519b31c63d0301c6843e,2,0,0.7863930463790894,0.7863930463790894
0c514de56dcdc9d3b7b71173361a5b7b,2,2,3.7172162532806396,3.7172162532806396
0c52d7167d0b75dec868020c35f4873b,2,1,0.7081928849220276,0.7081928849220276
0c5c2d16c0f2e399b7be641e7e7f66d9,2,3,3.2988574504852295,3.2988574504852295
0c74834f412d04ad87c230fc337d9e80,2,0,0.25240692496299744,0.25240692496299744
0c74f7e82d446bd1cde9628fd6fa94e3,2,3,3.82287335395813,3.82287335395813
0c81fb679d464543822f9b5c59aef5a0,2,0,0.7634839415550232,0.7634839415550232
0c86c8cc04ce1ef02e6f280a932a2624,2,5,4.916036128997803,4.916036128997803
0c9045b2cc21942d866067874807cad8,2,0,0.4345869719982147,0.4345869719982147
0cab431ccdc996b408623172f47fabfc,2,4,0.7211868166923523,0.7211868166923523
0cb39c742b3ee31e25527b3d31991f09,2,1,1.5237019062042236,1.5237019062042236
0cc35bc0fe4dd912b20f72d66888fd49,2,0,0.5338925123214722,0.5338925123214722
0cd5be1bd117769faf8325db00c3f5eb,2,3,2.181626558303833,2.181626558303833
0d3159cd1b2495cc82637ececf63ed41,2,4,3.143132448196411,3.143132448196411
0d369ec1d013037dfa409901c96808b5,2,2,0.48732128739356995,0.48732128739356995
0d66a26a030e95c9de2173b476029b23,2,1,0.3425740599632263,0.3425740599632263
0d78804d555b81c004df3b681b939ff6,2,2,3.217674493789673,3.217674493789673
0dccbb58add854759951038d5ee736ab,2,1,3.6830945014953613,3.6830945014953613
0e16745ebec69d81333b472627815751,2,2,2.938516855239868,2.938516855239868
0e347f2fd5526d221233e35dacb2f79c,2,1,1.9742964506149292,1.9742964506149292
0e37381aa92c289f168388fb6a332b8c,2,1,2.5485587120056152,2.5485587120056152
0e5ede875ccdf25c8f1cb9b26fb64dc7,2,5,4.859138488769531,4.859138488769531
0eebae52fb7dd8f6423aec7f5e3d4f3a,2,1,0.5008695125579834,0.5008695125579834
0efdb66c93d6b474d93dfe41e40be6ca,2,5,4.491948127746582,4.491948127746582
0f38ed2800802b352271d4384e9e4654,2,2,1.4056485891342163,1.4056485891342163
0f3ba8427d8b99f6cf18731f576617da,2,1,0.7300310134887695,0.7300310134887695
0fb3565c36d9c379d64120b4367a83da,2,3,4.4159650802612305,4.4159650802612305
0ff2c672b4f6838c5ae4d69a32d683ec,2,3,2.953989267349243,2.953989267349243
0ffe691b5af61da422c79762c902ba78,2,0,1.7444366216659546,1.7444366216659546
105ae7bb05346ace6021610f723adf97,2,1,1.0528295040130615,1.0528295040130615
1085993bc2b29373d30b5d0ef0c549fd,2,0,0.50715571641922,0.50715571641922
108f2256764d82324ed9b2416b958291,2,1,0.452235609292984,0.452235609292984
1090bc9626ae4dec99207c3b64a1a050,2,2,1.4857655763626099,1.4857655763626099
10a745e5c034e37f75ebc8756fc2d6eb,2,1,0.7066290974617004,0.7066290974617004
10cb295e2db9ac2cd1f32523b401d95a,2,0,-0.31748339533805847,-0.31748339533805847
10ce72448dc8291b84c67016f41fbd9a,2,2,2.829803705215454,2.829803705215454
10d22d845b6bdd506a53af379e7f0b20,2,2,2.401334524154663,2.401334524154663
110c38159f8cc6780e2cd266baa332ef,2,3,0.9703288674354553,0.9703288674354553
111b51550e629492736d9a6f26c21456,2,5,3.392008066177368,3.392008066177368
11312ffaf33b8252eef70f9274d540ac,2,0,0.3525662422180176,0.3525662422180176
11641ccf5569bc94de323bb50b7fec7e,2,4,0.898895800113678,0.898895800113678
117322874280c217ec357f6de7b5c77f,2,1,1.7640939950942993,1.7640939950942993
11a621fdaec9f33cf09edaf06d0edb1f,2,5,4.136721611022949,4.136721611022949
11acf00f7aba60feb6c6626ceff0cc51,2,2,1.9148284196853638,1.9148284196853638
11cd4062d15d22baae8edc898f374563,2,5,3.6744797229766846,3.6744797229766846
11d510d280156e0f3d3b14d22f6fd577,2,4,4.075936794281006,4.075936794281006
11edd2e754f196b7655508e0e3177fdf,2,4,3.4238173961639404,3.4238173961639404
12017acb07785c016482bdf208ced93f,2,1,0.20588235557079315,0.20588235557079315
1215adafbc41adff149c6ab127598917,2,0,-0.15194974839687347,-0.15194974839687347
1216c13ad2394eb1dc3206c8622418f8,2,0,-0.09235560148954391,-0.09235560148954391
1225755051562b0885a33b3f0fb25e43,2,1,0.9832272529602051,0.9832272529602051
12493fb2b3ab6e3a628dfff875cbb335,2,1,2.142683267593384,2.142683267593384
12592e0c38df5d4d8222fabaeb5ed8bd,2,1,1.728718876838684,1.728718876838684
12691983b96a9e8c7bc067fdd48b8d97,2,0,-0.3515825867652893,-0.3515825867652893
12949eee9c2be841d54a2f25933396da,2,1,0.5639283657073975,0.5639283657073975
1307e25950ec553c3d02121252e6a80f,2,2,2.6756715774536133,2.6756715774536133
131f9de0c2ab07b31a7fd18a7f068f9c,2,1,0.5309441089630127,0.5309441089630127
134abc83106e446a1847676095b08381,2,1,0.5472278594970703,0.5472278594970703
135e69f222d3c272fd97a5914341065f,2,1,1.0915597677230835,1.0915597677230835
136cae2844e9f6fd15f09ccc9453e0b6,2,3,3.5193593502044678,3.5193593502044678
13707d91437e3023c635b4a1c5c25185,2,0,0.37300679087638855,0.37300679087638855
137424bd3da854f6a78b917324fb5bdb,2,3,2.0225305557250977,2.0225305557250977
13ab419e772cf0dd8140f34f905bd918,2,0,1.7191511392593384,1.7191511392593384
144b7114a9ffe98d0318301946629813,2,0,-0.21952246129512787,-0.21952246129512787
146fdf9cb391b6199413967a26ee3305,2,4,4.153675556182861,4.153675556182861
147269cb7bcf195c64d110a4d2c8987f,2,4,2.5362002849578857,2.5362002849578857
14820c513b48eaf1025e6d876ea87d52,2,0,0.3926430940628052,0.3926430940628052
14be156bb67b73f034b0c326e4b973d0,2,0,0.9295040965080261,0.9295040965080261
14cff64d674f558dc47ee5e817b7f671,2,1,0.9682806134223938,0.9682806134223938
14dfad45a9eb1e87d8828514d293a558,2,0,0.2875675857067108,0.2875675857067108
1521d8add6039d68060e919270448018,2,1,1.5411111116409302,1.5411111116409302
15447547cf8a987a2281f9283358eac3,2,4,1.757725477218628,1.757725477218628
1547c01d962c01a8d6b30e6c916facb2,2,4,1.7607483863830566,1.7607483863830566
15740c3d11b760c261e2afb76df75501,2,2,0.21995531022548676,0.21995531022548676
15a585235227d24cba1043ec9ab1928d,2,1,1.9442204236984253,1.9442204236984253
15a9c0953b407dec51daa965eb0a1db1,2,0,0.19860617816448212,0.19860617816448212
15ea2d5d326ff73f1f5b25bf7721232a,2,2,2.2544212341308594,2.2544212341308594
162cd4fc05480042f1429d3eaed599d8,2,5,4.710073471069336,4.710073471069336
165967d689959172a441baed3bde7bc4,2,1,0.32324501872062683,0.32324501872062683
166436a31a2cc621e93e3e530518d611,2,1,1.5039794445037842,1.5039794445037842
169d9147cecd82694d89707040728d5a,2,4,4.792885780334473,4.792885780334473
16a7fa5280ee932e6410f1ec3ef39a39,2,3,2.9554545879364014,2.9554545879364014
16d80dbe6d4b3bf22ecf54833b17f3ec,2,5,4.586436748504639,4.586436748504639
1748c4d7cfd4014f04809b6371935286,2,1,2.2445154190063477,2.2445154190063477
17537cf7df9f40a7ffb523b4d2a2bb8e,2,1,1.8494036197662354,1.8494036197662354
177373821195cf33e7bc4c8bcd089a2e,2,0,0.21965135633945465,0.21965135633945465
1796a7081ed86d83fddf677904d3843f,2,3,2.4971911907196045,2.4971911907196045
17abbd0b7b7c7aec53ae4e6e14ddeaab,2,0,0.22833220660686493,0.22833220660686493
17b83466a22a8a96ccf3a7cccd83068f,2,0,1.4586067199707031,1.4586067199707031
17bf343efd84faecfcdbfcd7eda18280,2,1,1.8002067804336548,1.8002067804336548
17e2a87ca593cc8ace8ac21fbdfc6b33,2,2,2.3483188152313232,2.3483188152313232
17e7aba72b4614e4c562c346e3ca2e28,2,0,0.2620581388473511,0.2620581388473511
17f8d9e0325c50e08ea3a4705988842b,2,1,0.8847601413726807,0.8847601413726807
17fb8562eb75c8f6745cacf164f9314b,2,0,0.23487071692943573,0.23487071692943573
180e2320aefbf3dfecab785446bc555b,2,5,4.5038533210754395,4.5038533210754395
1832ae9a1efe869a99284ae7f98f744f,2,1,0.4636596143245697,0.4636596143245697
189088d279c4cc2ab0239a9801867290,2,5,3.5316710472106934,3.5316710472106934
1894dd1e67ddfc62a309e78ef7ffc5e3,2,0,0.6086363792419434,0.6086363792419434
18a3bb8a5a0e5449d25195eb10804e39,2,3,3.78843092918396,3.78843092918396
18ab344517b07a6fa78f38b9839fed98,2,1,1.7972838878631592,1.7972838878631592
18e8d0f069454b4492f5502f15883589,2,5,4.228276252746582,4.228276252746582
1932b8075d97a1cb1d45fee931bc99f8,2,2,0.4032280743122101,0.4032280743122101
19565bef71aac6c8e9fa6638480c8ecd,2,0,0.3941582143306732,0.3941582143306732
19b0eb9d02259e897f81f08afbcfc9bc,2,1,0.8889042735099792,0.8889042735099792
1a1208999bac2b32bec7241bd5cec16f,2,0,0.16844843327999115,0.16844843327999115
1a14633255dc8b2dd5a36fd6f3eaf839,2,0,0.14259663224220276,0.14259663224220276
1a2aac625091eebb572f8b74bb8d1ce2,2,2,2.0652334690093994,2.0652334690093994
1a33d8ea1893170a972d67e493d59396,2,1,2.1463429927825928,2.1463429927825928
1a3d0f31cb39106c08c2ee02c36f0348,2,2,1.3450783491134644,1.3450783491134644
1a5123a18c641040307c36f5e9811efc,2,0,0.2961460053920746,0.2961460053920746
1a79038a91cd77e7bab291eef4bc5832,2,4,2.6207573413848877,2.6207573413848877
1aa5ff56e243cbc8ed0e140a7148f3fd,2,5,3.8796498775482178,3.8796498775482178
1acafac8fcc424cdba4d17f3dd0792ef,2,1,0.1500820517539978,0.1500820517539978
1ae5bb38e69e00f22cb087a4d2237b43,2,3,2.2331552505493164,2.2331552505493164
1af7e665c7903097d0805cdc95e9656d,2,2,2.295227289199829,2.295227289199829
1af858c67cfccebbfeade00d3481254c,2,1,1.5017645359039307,1.5017645359039307
1b117dcc119ec9a258eccc88bd419b0f,2,0,0.6521683931350708,0.6521683931350708
1b1d9451010fce1234639d728e25f3ec,2,1,1.9027618169784546,1.9027618169784546
1b62979da20ae2bef863e859a964a65d,2,0,0.2359066903591156,0.2359066903591156
1bb0fc2e65f114c35ff38339c532bd5b,2,1,1.8179117441177368,1.8179117441177368
1be5a513d61c97663d45df55e8d62d8b,2,3,3.7313594818115234,3.7313594818115234
1c0fbb1d600f761847294c4b8019edfe,2,4,3.161687135696411,3.161687135696411
1c493cc3f6240272c5ec8fd043b2fed1,2,2,0.8108896613121033,0.8108896613121033
1c6e04c29601f73eed22bd7b6381b8e1,2,2,3.1190578937530518,3.1190578937530518
1c96795fe1c10e5bdd3911731edfc623,2,1,1.0648193359375,1.0648193359375
1cb4a7d3594586b84849e63b828de968,2,0,4.28180456161499,4.28180456161499
1cd489bab8e8776d5f2882e97799f30e,2,1,1.0243680477142334,1.0243680477142334
1d05f36a330dd277b194f98a84a08ee8,2,0,-0.18501515686511993,-0.18501515686511993
1d2f6f79ee18460e6b18e3710c87e8a2,2,5,3.337353229522705,3.337353229522705
1d311ab3363fde90bede7d9f3919f5d8,2,3,3.089385986328125,3.089385986328125
1d33889037497d32695ac48a786af6d5,2,3,2.6652801036834717,2.6652801036834717
1d3dbba03eea11b79283c459629a8be5,2,1,2.2998921871185303,2.2998921871185303
1d432fcf31474114a1f5f12268b9a1ab,2,0,1.9823063611984253,1.9823063611984253
1d5020566df10aaab6c523721ba45f0a,2,3,2.0121986865997314,2.0121986865997314
1d9cff5178c2b9d864a628c04773a70c,2,1,0.6468032598495483,0.6468032598495483
1da0f39ac6aed19ff817d0034acf9753,2,3,1.4072412252426147,1.4072412252426147
1dd5d88d1e936e032ebb4840b46546f3,2,1,1.8843908309936523,1.8843908309936523
1de9133f550d23418c7f1c58d75280c7,2,0,0.4270463287830353,0.4270463287830353
1df557b5c2319b8006f6da4817792d15,2,0,0.39440667629241943,0.39440667629241943
1df63c491243a9f5c0ad727672be2763,2,5,3.1349291801452637,3.1349291801452637
1dfdeac1fc181e305aa85de148f0c60f,2,0,0.7551221251487732,0.7551221251487732
1e0ad5923738c6350a87ba9bac5ffeea,2,4,4.449007034301758,4.449007034301758
1e1abceed2668f2c40f13039733f6d0f,2,1,2.3137407302856445,2.3137407302856445
1e1f00a9410f29e4d4c9920530d883c0,2,5,3.5206491947174072,3.5206491947174072
1e23449104568325e9c5a032351dfdc6,2,5,4.576109886169434,4.576109886169434
1e3f2e4f52aca18239a2cd611fc23f38,2,4,2.8433032035827637,2.8433032035827637
1e6417b7ccdcfe97f00fe41f8b25f70a,2,3,2.8644134998321533,2.8644134998321533
1e820904c1e4c84e7e11162145c5bc2c,2,5,5.036342620849609,5.036342620849609
1ec31c0ef1a94feed5942cfb9643f077,2,4,0.5175645351409912,0.5175645351409912
1ee5dd11e670c5a007555d77537635b6,2,0,1.155766248703003,1.155766248703003
1efeb4184829ebaa4d10c223e73c5d4f,2,1,1.182739019393921,1.182739019393921
1eff40a181bdf4e036ebf8fecebe8b20,2,1,0.6292718648910522,0.6292718648910522
1f80aa9a268b5ba64292bd4f7d88fe33,2,2,3.289682388305664,3.289682388305664
1f86b6a526481bc5d2ca18d94f94f062,2,0,0.3516417145729065,0.3516417145729065
1fa2c2ef880847b97b4fdd3c1cb38fe4,2,1,0.6743507981300354,0.6743507981300354
1fa5537c8bba02102cbd68fe9b4abd27,2,4,0.2537367045879364,0.2537367045879364
1fc2550b52a90b15a9b20484c012b6dc,2,3,4.489828586578369,4.489828586578369
1fc49bfab631583981f96f285ec0c94d,2,5,3.7812817096710205,3.7812817096710205
1fe0cfea7347950a76bcbdafa0ad96ab,2,2,0.8508203029632568,0.8508203029632568
1ff3c2c6abd78e3c115939d98644f15e,2,3,2.2505645751953125,2.2505645751953125
2006437aaa412947ebfe92fd61c62a18,2,1,0.8885286450386047,0.8885286450386047
204a1ddef1580e571872b2d4e424b4fe,2,2,2.5984652042388916,2.5984652042388916
208025030fedd3a2e858890eff150f36,2,2,2.1672348976135254,2.1672348976135254
20a39638af25bbc0fd5ee384b9af48a0,2,4,4.326616287231445,4.326616287231445
20b4e3b00b34fb10d8e00ab145d70692,2,5,1.2502180337905884,1.2502180337905884
20c05ea5426b6c50b857057ad0ef7126,2,2,4.342757225036621,4.342757225036621
2102c15174fe1886893e2469cd8fe18f,2,4,4.114694595336914,4.114694595336914
211a6f165958a7c3f77b5a9b83cb111e,2,3,2.7563655376434326,2.7563655376434326
213e65c07731d28dae53ba58fbb85889,2,3,3.7926361560821533,3.7926361560821533
21433417efd68bdf8d8ca4d446f29318,2,1,0.720016598701477,0.720016598701477
21715a3b533e4bcdd9f189bbd5c234b9,2,1,0.3152643144130707,0.3152643144130707
217eb2dd2f2e3c24b6420aa0c3e3894a,2,4,1.1821575164794922,1.1821575164794922
21e92b285b43c4585bdff04f758bf883,2,5,0.8926845192909241,0.8926845192909241
21f3767f9a827e5b9f64d2a47594ad27,2,0,-0.19470642507076263,-0.19470642507076263
21fe1bf0d9c7448a5e010c024b13ceb3,2,5,1.0564912557601929,1.0564912557601929
224103c42d4b1a3ae6407993940b1e52,2,1,1.6926146745681763,1.6926146745681763
2287f90162ce46f3e2d211ca1f1e455c,2,0,0.4324689209461212,0.4324689209461212
22bd68be2b5e83226add4783a892a467,2,5,3.6824615001678467,3.6824615001678467
22e864a06b508693b7cba4119282a1df,2,2,1.8084925413131714,1.8084925413131714
23015584da279e40f3aee6ee2cf25d65,2,0,0.48901501297950745,0.48901501297950745
230276c9065df9cd12014e93151dd52c,2,1,1.514086365699768,1.514086365699768
232539a9ca7dcc82d7a5577e394305f3,2,4,4.208311080932617,4.208311080932617
23629ab626c0df37b8194538586b6674,2,1,1.0243589878082275,1.0243589878082275
2384f9b394b4aebf46feef7bda01efdb,2,2,2.7849533557891846,2.7849533557891846
23a080bdf72d0fcb4b804fd1c81341d1,2,0,0.3179417550563812,0.3179417550563812
23a463a806c876003a02dda580ed37d5,2,0,0.19933898746967316,0.19933898746967316
23a5352a05eb718d38fc0e2e8e22e9b5,2,0,0.5149374604225159,0.5149374604225159
23dd7d82c52f1518ac5fe3324c5e8809,2,4,1.3153226375579834,1.3153226375579834
23ec87e1f63c8280c65b233420d08065,2,2,2.1512033939361572,2.1512033939361572
242184480428879aa2b44933fac0d491,2,3,2.1709423065185547,2.1709423065185547
24307a99905df0ceeb4e945c0b876d16,2,4,3.0796635150909424,3.0796635150909424
2478b7db4a1d7d9013536df40b338f3c,2,1,2.0983457565307617,2.0983457565307617
24b0dda87e02e90f4bdc747a8a1964a6,2,4,1.7813986539840698,1.7813986539840698
24b0f50862340357466f38fd42940a45,2,0,0.33746856451034546,0.33746856451034546
24c1e1cef9fbcbd82978ebe7d14334cb,2,3,0.6836259961128235,0.6836259961128235
24cbc57ba378971a02cf24479cd7933d,2,5,1.8634605407714844,1.8634605407714844
24f6f3d25dd8561d3f258eac906a526c,2,0,0.24230338633060455,0.24230338633060455
251b6517db8b1474cfcb5c15ef53bb33,2,0,0.5379422307014465,0.5379422307014465
2525882f928dfd824cd2842045982267,2,3,1.4890092611312866,1.4890092611312866
25397c3a483ae10a695772a7c5ce8f8f,2,0,0.3594200313091278,0.3594200313091278
255523fabdf1360f3db6def0d4b2d7d6,2,4,2.0956857204437256,2.0956857204437256
2558bc957c387115a0bceee1f18f0bd9,2,5,3.2863919734954834,3.2863919734954834
259178ac6e1413c067aa7b0f01a13f7a,2,5,4.239253044128418,4.239253044128418
25a27922edaf3f338e8693ededcbe1c2,2,4,2.3488481044769287,2.3488481044769287
25f1f45391a5dc81aa7d68a9f06d91e2,2,1,0.6275585293769836,0.6275585293769836
26149968f810b690fca81375c1d74373,2,5,3.6464450359344482,3.6464450359344482
2627c765b74591958e7ba12fd857f80e,2,3,3.643497943878174,3.643497943878174
264e5e8732450598190acec51da65cdc,2,0,0.6154749989509583,0.6154749989509583
267ba1e851e2ef1c9e6714ad50d09bb7,2,1,0.3552201986312866,0.3552201986312866
268dcbd78318c0108974c5f99e1dca78,2,3,0.4056970775127411,0.4056970775127411
26b5257856e96a2a3d3d3e681ae13aa1,2,5,3.4486591815948486,3.4486591815948486
26d4882a86307bc4701e0147738aa320,2,1,2.1843621730804443,2.1843621730804443
26f57dc441fe3aeb40c8ab299e49137e,2,3,3.2172043323516846,3.2172043323516846
26f8ef8adb88779ee2e40da2466bbf02,2,1,1.3028565645217896,1.3028565645217896
26fbbd4a7d610aadc6411bd82b7b60b5,2,0,0.1728304922580719,0.1728304922580719
272500bbbd8c3ee4e2769a0e2ecf51d0,2,2,0.41936737298965454,0.41936737298965454
274187a867ebf7834ab44372da776439,2,4,3.5305635929107666,3.5305635929107666
274fb123637904be69bad66bb8277ed2,2,0,0.20023800432682037,0.20023800432682037
276ed80762773462f05abc10da5228c8,2,2,2.2406744956970215,2.2406744956970215
27b0d570a40d5c3679f508e9bc181e8c,2,5,4.0962090492248535,4.0962090492248535
27b2b3b36533f1f516d6de5c9704ce76,2,4,3.920099973678589,3.920099973678589
27e9213748b0ca86fc5c49d1279102ee,2,2,2.2329788208007812,2.2329788208007812
27edf875a1201b124fd11124451dad4e,2,1,3.406822919845581,3.406822919845581
2819283411c64ee7b3c4885044bcaa0a,2,4,3.0905749797821045,3.0905749797821045
2823c18cde8d2c294a0f8d1cdc4c1a1e,2,3,4.661135196685791,4.661135196685791
287288c13cab7312a9ced8268cad03ef,2,1,1.7143453359603882,1.7143453359603882
28794c06886c4abf3946538620e3e36d,2,3,3.53179669380188,3.53179669380188
288a512bf5affa970a81d9c553feef40,2,4,4.371946811676025,4.371946811676025
28c2858a4d611799f6748464e1eb825d,2,5,3.189093828201294,3.189093828201294
28ca63263be7194fbefbfaedd0637469,2,3,2.881136655807495,2.881136655807495
28e7aad04d25346b6e27220e15ffcc11,2,2,1.7594447135925293,1.7594447135925293
28f4e2984fc653938374f54b1af98fa1,2,4,4.8709516525268555,4.8709516525268555
29053c264a170a054de97ff356245dfc,2,5,4.419923782348633,4.419923782348633
29392c4ed2a73fc38cdce3db84fa624a,2,1,0.6204333305358887,0.6204333305358887
293a463681a08ed0c816c6618a032534,2,1,0.5226039290428162,0.5226039290428162
294a347e030930d5a794a62fd5b6bf5b,2,5,4.783573627471924,4.783573627471924
294c12f8fdc2228f1f080227aac95f27,2,1,0.12341360747814178,0.12341360747814178
294ceada24790459c1b9d4392fb07f4c,2,5,4.443094253540039,4.443094253540039
2985752de460036227f56e8cd0796f39,2,0,0.3093905746936798,0.3093905746936798
29a1168a223e589bb808ac09c36c1d56,2,0,0.5409159660339355,0.5409159660339355
29a913bc07d243846f4c811eb927a2dc,2,1,1.7919880151748657,1.7919880151748657
29d140073e1fe204faacd8b1ff2086d8,2,0,0.1346883326768875,0.1346883326768875
29eed8a71c8bee8fc007b0fe4edcc712,2,1,1.3493820428848267,1.3493820428848267
2a2811b6c2f277fcdef16f4582a41421,2,2,2.107405662536621,2.107405662536621
2a3883e1ff960fefc4b94fe5b1b0391e,2,5,4.2305145263671875,4.2305145263671875
2a8b2bd072020a502c3fbc8acb651172,2,2,1.803580641746521,1.803580641746521
2a8d5c257563e9fdad0a0ecb62d63a9d,2,2,1.8277028799057007,1.8277028799057007
2ad0f2857a4552a25127205fd04a5e9f,2,1,0.4764315187931061,0.4764315187931061
2ae016457e8ff8e21723a91b57a96d7d,2,4,4.637200355529785,4.637200355529785
2af30006f5947d527000166f41ea09c7,2,0,0.24295419454574585,0.24295419454574585
2b0e9769c35027a1d3a0bef42da767db,2,2,1.5603097677230835,1.5603097677230835
2b59dfa72ed1fbb3cc1dd6be9b16ae76,2,4,1.3858094215393066,1.3858094215393066
2b5c8f68994cec1f26e894850ab51704,2,0,0.501798152923584,0.501798152923584
2b8ffd4a93e66e9e5c043c02f73cf902,2,4,4.838269233703613,4.838269233703613
2baf0e44d4c112ec9d268029638ea7f8,2,2,2.3098931312561035,2.3098931312561035
2bb71a08eb8c45dc81ff474387144987,2,0,0.4994495213031769,0.4994495213031769
2be0fecc99253c5c199d478c1f655579,2,2,2.717447280883789,2.717447280883789
2bf2517893cfca318c2ca581da3adec6,2,0,0.2784058153629303,0.2784058153629303
2bf72532786e74021c1cbd0474890470,2,2,1.5565228462219238,1.5565228462219238
2c0e4995c6e82389dc1964ab5ac6a407,2,1,1.4382094144821167,1.4382094144821167
2c4a4e772b6e021261a3d4c9fc654132,2,2,2.3187520503997803,2.3187520503997803
2c648f25c47e7344bf1977154c31c25b,2,4,3.396402597427368,3.396402597427368
2ca8a7fcf79d56c8e9fd54cdfabc402c,2,5,3.557587146759033,3.557587146759033
2caf855d25d357626f5ea914bdfe5774,2,2,2.926312208175659,2.926312208175659
2cf0ca3050e57483195091e21cfbbab6,2,5,4.176686763763428,4.176686763763428
2d1024edfe79d03c55004ca2be624d6d,2,2,1.6183699369430542,1.6183699369430542
2d346d8348eaadb0b8951b85f1024ec2,2,0,0.5769175291061401,0.5769175291061401
2d4e339401d42b194cf2eef7cdfc26ec,2,0,0.2679774761199951,0.2679774761199951
2d5d881e4abedaf2afa83807d93d18b9,2,0,0.3559440076351166,0.3559440076351166
2d7eef10a777361cd0872f70dda344ba,2,1,1.9613319635391235,1.9613319635391235
2d8152a733d8da8e84f75e6b2174c420,2,4,3.282982110977173,3.282982110977173
2daec36424a8f2afeaa4aad3d33a1589,2,5,4.297222137451172,4.297222137451172
2de16bc6e49ce2a2e371f01824f78600,2,2,2.7703354358673096,2.7703354358673096
2de26a8634efd177cb8b6085adcbd33b,2,0,0.04514409229159355,0.04514409229159355
2dfdd6b4aad360a5af8a9615b3964b07,2,0,0.6792265176773071,0.6792265176773071
2e53a31a0727921e823b781914782036,2,1,0.7132279276847839,0.7132279276847839
2e703d55529a045980adc4fde731b100,2,5,4.120555400848389,4.120555400848389
2e75d8e70ab893203aafbd1444d7ebe7,2,1,0.933867335319519,0.933867335319519
2e990ed6a696d1486ed6047a436a4edf,2,0,0.16260041296482086,0.16260041296482086
2e9e4edca77424744faf152caf4408bc,2,2,1.1185811758041382,1.1185811758041382
2eb5bcf03e017074aeab169637feb019,2,5,3.610189437866211,3.610189437866211
2ed1c3b9541f619a827a287a55c806e8,2,1,0.6075661182403564,0.6075661182403564
2ee5b3ee58d54264c2a037ea1c0ada4b,2,0,1.4480520486831665,1.4480520486831665
2f0131a5e37bdf341c47dfc724eb0eb2,2,0,0.29217690229415894,0.29217690229415894
2f033389ca7cbabc0ccb14b1b57d03cb,2,0,0.022839495912194252,0.022839495912194252
2f06601cb2159b6b369e145d19e59081,2,1,1.9083173274993896,1.9083173274993896
2f1c751ab10b8b009b3391ae86acf6c3,2,3,2.400310754776001,2.400310754776001
2f27c52c7d58fbe0818d6531d3707c78,2,0,0.12987056374549866,0.12987056374549866
2f36ff8187d5edeea79ad2e87763a89b,2,5,4.193163871765137,4.193163871765137
2f4bc629d9e354e52c5b7625ff7af929,2,1,0.5298089385032654,0.5298089385032654
2f64fb8c55543d67a8831f1b1a7a89c2,2,4,2.816504716873169,2.816504716873169
2f6d2360db534d012b0d7535f7bc4528,2,5,3.4552435874938965,3.4552435874938965
2fb191421a983123779eb773b89c0df9,2,1,0.6024792790412903,0.6024792790412903
3026f00129e340bd9d68f28c7670f917,2,1,1.1764837503433228,1.1764837503433228
302fb7c22e2b2addcb939501b25882f9,2,5,3.823241710662842,3.823241710662842
308af8bc571b7c2e743a35d7489e4e32,2,2,1.8138303756713867,1.8138303756713867
30d1afcfeaf59da8e4f527df77e92aa9,2,2,1.2522655725479126,1.2522655725479126
30eb8e531d1c9116964b7fbf45bf95bc,2,4,4.314977169036865,4.314977169036865
310c3c470ea8bf65581df6c9e49262f9,2,0,0.14873169362545013,0.14873169362545013
316a926df7392be710915fdaaebbf18b,2,0,2.7580668926239014,2.7580668926239014
319b3e952790c3b1136e48067886c6dc,2,0,0.2991240620613098,0.2991240620613098
31dd790140f4ec6409c5117b15a9e940,2,1,1.7090858221054077,1.7090858221054077
31ecb175bcd8e4f9028b196d9fa42d3d,2,1,0.5051949620246887,0.5051949620246887
320a5a8ed48d1d03103a79659913c987,2,4,4.297621250152588,4.297621250152588
321b013478d7d444ba897b75e9f71805,2,3,3.1271347999572754,3.1271347999572754
32411bf01125a6d4d930d4efd76b46a3,2,3,3.494767427444458,3.494767427444458
328301e9dab5b0983dec6ae3cd87897f,2,4,4.6609416007995605,4.6609416007995605
32d951dce83800cf441b41c50b50208a,2,0,1.110852837562561,1.110852837562561
32f0241a4fbafab0850770a4832678c2,2,1,2.2261464595794678,2.2261464595794678
33105f777ddf03e095ed3350179b41da,2,1,1.251598834991455,1.251598834991455
3326d06821589c1c4b29133f0fcfe6f9,2,0,0.49133116006851196,0.49133116006851196
333bc859088cb64ca1d20af155b8bf57,2,0,0.429314523935318,0.429314523935318
337ba2724e08323f454f2e4abc414243,2,2,2.6363937854766846,2.6363937854766846
33828bf89098a295d028099fa2d3560e,2,1,0.12201115489006042,0.12201115489006042
338e30b609bbf80246203caf63a2f0a0,2,3,3.8321926593780518,3.8321926593780518
33988246de7efa7c24f3c2224cba333e,2,5,5.082640647888184,5.082640647888184
33c4d18be1caa7b19589365bf1abba5b,2,1,2.4677000045776367,2.4677000045776367
33f9166b614aff651d1f0cb240dc98af,2,5,4.8363752365112305,4.8363752365112305
3405272b1d7134dc93364c69167448da,2,2,0.7506487369537354,0.7506487369537354
342cf992c6259c1e9dd731d27a4573cc,2,4,4.314448833465576,4.314448833465576
3444f3932c7c9d04bb8fcb095037ad06,2,3,3.7444233894348145,3.7444233894348145
346cf9a23c4ddd3c86ac4d732424d9b8,2,0,0.1861780881881714,0.1861780881881714
348acf4acd24d50bdbf174e29d4e7309,2,0,0.6653932332992554,0.6653932332992554
349b1b6fa6ffc5625b8eedabf03d5948,2,0,-0.10906011611223221,-0.10906011611223221
34bf0923d7382e438664901cf794d748,2,4,1.7061058282852173,1.7061058282852173
34d661c988d4a40925060a9a50a4544c,2,0,0.4653864800930023,0.4653864800930023
34decd8752d355a11b8428eef2c3b614,2,2,3.439917802810669,3.439917802810669
35332e0dbeaa5fcba199e892954528a7,2,0,0.21263225376605988,0.21263225376605988
3533ae4b2d7f1502831838390504af3a,2,3,1.3083595037460327,1.3083595037460327
3546206e8f2a9495e81fdd6af08a5a6b,2,1,0.4527319371700287,0.4527319371700287
355ea2cac2adcccab67fb784d5222461,2,1,0.8834338188171387,0.8834338188171387
35a01018982323a647399b88ef4d2287,2,1,1.0608388185501099,1.0608388185501099
35b5971800492e04d2ecd6b3439b0017,2,2,2.9295432567596436,2.9295432567596436
35c8527cc2fb55f7d9d96d63bc9bd165,2,0,0.29411569237709045,0.29411569237709045
35e9245ad46540a9485b220e4fd16ea4,2,0,0.3818250000476837,0.3818250000476837
35ed1771bce6ba956d39ff28c71ac2f0,2,1,0.9886704683303833,0.9886704683303833
3630a84f6cdb1d51ff3d89346a87618d,2,4,0.4993055462837219,0.4993055462837219
363858c33e69731d7916333c5019668e,2,1,0.18483050167560577,0.18483050167560577
363cd7b84bf86e6c8cd7073897b97232,2,0,-0.22424887120723724,-0.22424887120723724
363ffb07f4452fb7c504b9f3f73f6bfc,2,0,0.5245401859283447,0.5245401859283447
36a0dcfd7c78fd296c914a6a0fab203a,2,0,0.3333253562450409,0.3333253562450409
36a9f01565753462e06fa127f7e0d8a0,2,0,0.16739346086978912,0.16739346086978912
36ac72ab5b3b3b2febb4890051ab508d,2,4,1.6387583017349243,1.6387583017349243
36b55596d75cb210bce9db1166353568,2,4,3.089979410171509,3.089979410171509
3711df960b95a8a8a61c5f09789d3084,2,1,1.1558812856674194,1.1558812856674194
372251c4bc2f7c3a0d1b6704b0cba28e,2,0,0.5092283487319946,0.5092283487319946
372a24a9557322762bb693777a3acd8e,2,1,1.1323381662368774,1.1323381662368774
372ea2dd928988579a7c716c1c36a9bd,2,1,2.3992369174957275,2.3992369174957275
3756141b86ca5f2afcacf5113d4e8f83,2,1,2.6864840984344482,2.6864840984344482
3767034a72b2859669d8278458165c7c,2,0,0.2633320987224579,0.2633320987224579
376a68a1f7236d0fc5586d3d96442295,2,5,3.802215337753296,3.802215337753296
376ef68c69c0f8d101868342a2d50b55,2,5,4.502469062805176,4.502469062805176
378ab29576ec2f87d61b00aeec5e843a,2,2,0.5509545803070068,0.5509545803070068
3790419eed3f86165b0cb74ea30aaa01,2,0,0.2653079032897949,0.2653079032897949
3790f55cad63053e956fb73027179707,2,0,0.11636214703321457,0.11636214703321457
37b0ce91b7bdaf3100aae1748009424e,2,3,1.554084300994873,1.554084300994873
37bcf02187f518f188dc8d97038f3e84,2,2,0.9958464503288269,0.9958464503288269
37d9f6a32531f28ed2cb207912e00646,2,1,2.771266460418701,2.771266460418701
37eee15d48b6ed3bad02ccd749c2409c,2,4,2.5884416103363037,2.5884416103363037
37ffc81d6b4fddaae6b0482ef956dd63,2,3,0.887790322303772,0.887790322303772
3822f7eb7af4fcf5d490147fb171e436,2,5,3.8155107498168945,3.8155107498168945
384b08d948baac79a949e41d71929ecc,2,1,1.9552069902420044,1.9552069902420044
389a3fcfddfbd92bdcb69da5b10d383c,2,4,0.5992439985275269,0.5992439985275269
38b53a819b584debd748e16db8b2c488,2,0,0.21840469539165497,0.21840469539165497
38c58a8f4dfa6e560ed4f28bf404ad64,2,0,0.49267956614494324,0.49267956614494324
38c6319c29001aba4db299be8dcfb874,2,0,0.41185858845710754,0.41185858845710754
38e41caa38bdc405984285a96cd11436,2,4,1.2749812602996826,1.2749812602996826
3901caec5d914bf20a44f176469b0294,2,1,1.8131564855575562,1.8131564855575562
391078d7927bd7f6dc07dda3297d62b9,2,0,0.1872754842042923,0.1872754842042923
391ffc7ec4eefb3d19575a93b7641bcc,2,0,2.011420726776123,2.011420726776123
392ed359fef6a1a65f667f2207337aff,2,2,2.441073417663574,2.441073417663574
39801edf3f3661fdba0ac0f10450efcc,2,1,3.0752220153808594,3.0752220153808594
3991d93434432a7e3bd6402baa719af9,2,3,3.6605679988861084,3.6605679988861084
39b14d182b154dde40a68ef7e9486065,2,3,3.673126220703125,3.673126220703125
39b20d5c2588bafb42c5d6915de11b6b,2,2,3.3464062213897705,3.3464062213897705
39ec527984e5476affd895acee3dafaf,2,5,4.294290542602539,4.294290542602539
3a03e14dada3fa833f64b0930783775d,2,0,0.4392361342906952,0.4392361342906952
3a08f79c589a9e1d00a258e86a1331ce,2,4,2.7302632331848145,2.7302632331848145
3a0efc666f3a9b2e57c83cc3349ed2aa,2,3,1.4138590097427368,1.4138590097427368
3a4465af672ccb78b09364132ba9e4d4,2,2,1.5953303575515747,1.5953303575515747
3a528abc8465a57d2a4c7f823051dcf8,2,0,1.2373543977737427,1.2373543977737427
3a58bfbbb6c7828c3bb1d4ddce641d46,2,1,1.0779832601547241,1.0779832601547241
3a8216ba5ef23e99868f7c17e8e64411,2,3,2.7123146057128906,2.7123146057128906
3a84282b7ee9d38fb202f4ffd2144c91,2,2,0.46467360854148865,0.46467360854148865
3ac1b4146a8bea81e2ff2b1f2c0bb0c8,2,1,2.336703300476074,2.336703300476074
3af3acea1b27322f4739f69684830d32,2,3,3.6041555404663086,3.6041555404663086
3b0d18ac54563b6c0e9d333f4d72e61a,2,1,0.5526815056800842,0.5526815056800842
3b1559e5fc7d3efe4dc30643a660e6be,2,4,0.8633531332015991,0.8633531332015991
3b1e3723cb316952edf175585cbf1ef0,2,4,2.6526994705200195,2.6526994705200195
3b67a134303b04e051676227c1f8c8bd,2,0,0.500388503074646,0.500388503074646
3ba4e8d4a0b0ef0ef31383ff7cf2b76c,2,1,1.2819117307662964,1.2819117307662964
3bab742acf3fdc581cbc57468eac9603,2,1,0.30656740069389343,0.30656740069389343
3be2a098025a29cd05098a7457ffa2e0,2,0,1.263152837753296,1.263152837753296
3bec458737cfadd414c267ce0200c941,2,0,0.3987940847873688,0.3987940847873688
3bf9e151fbc4e40b0444e6a19174752b,2,1,0.3655366003513336,0.3655366003513336
3c0e4614fe9fc45936749d12d29bb127,2,2,1.6101510524749756,1.6101510524749756
3c4ae78a64e6f263d159a9fac556ec7b,2,0,1.0119045972824097,1.0119045972824097
3c659b2837afab3af6b952fcbaa6a515,2,2,2.872030735015869,2.872030735015869
3c685ed0f92e30f6ffeb5cea7cef5994,2,1,0.43862420320510864,0.43862420320510864
3c6cbc0f8307f562fe1d277c7596398b,2,1,0.7875416278839111,0.7875416278839111
3cb832450f38c16278b3c78d15f7be7f,2,0,0.5889297723770142,0.5889297723770142
3cf6ba5c92566d079b14948153e756da,2,0,0.7675356864929199,0.7675356864929199
3d334ec1be0544fd6fff794a77631eef,2,0,-0.2976090610027313,-0.2976090610027313
3d478da1e66bfacc7567914809447099,2,5,4.193496227264404,4.193496227264404
3d4bec36220d43b0af5c5ea0725e9f32,2,0,1.3367639780044556,1.3367639780044556
3d667d7f5829b3d76b3b0cc52bd71719,2,2,1.5350041389465332,1.5350041389465332
3d6722eef724e54d6e4847d091c50c3c,2,0,0.46492430567741394,0.46492430567741394
3d996f4f37fbcafa4a98f6cc8205784f,2,0,-0.22232438623905182,-0.22232438623905182
3dab3238ef15a3c5b3d43e0b777073a5,2,1,1.058409333229065,1.058409333229065
3dc568b37b7dbf893932e40949dc090c,2,0,0.2522793412208557,0.2522793412208557
3dedb469b5184d4d8920dd9b6af01139,2,1,1.9152193069458008,1.9152193069458008
3dfa9dbf281ea9ef42e05cbdc03bf290,2,1,0.4480292499065399,0.4480292499065399
3e526b460db033d30d9860e2a20107ee,2,0,0.15253946185112,0.15253946185112
3e6e9a534a8d92999185e99dc4293bee,2,0,0.7777647972106934,0.7777647972106934
3e8bd1b2ba7150e058216de2fe2bb3fc,2,4,3.1329662799835205,3.1329662799835205
3eb04543a5cd878e7590ac3e453d1b2d,2,0,0.293089359998703,0.293089359998703
3ec245a98fd9d114e1d6d6caaf9c7813,2,0,0.2805503308773041,0.2805503308773041
3ecd13e82ee7dedd1ae1749a16cac7a1,2,3,3.281785249710083,3.281785249710083
3ed6a37e2e5a9a48ebfe9a8f6e2f1a39,2,5,4.266198635101318,4.266198635101318
3edccb2b905b03511825b5413f1ddce0,2,0,-0.025148892775177956,-0.025148892775177956
3ee83e295ae1fca3fbee89fb67666bc1,2,2,2.2865631580352783,2.2865631580352783
3eee912c7daba1d6c5c6968ef71b5570,2,1,2.0931620597839355,2.0931620597839355
3efcd150bd22aecb8a7d7899dc11b27c,2,1,1.3561776876449585,1.3561776876449585
3f1932eefb6de2c9b6666565a6b93765,2,2,3.1117594242095947,3.1117594242095947
3f232e619560395c4a99f858d76fb5d7,2,3,3.2649641036987305,3.2649641036987305
3f25ae1c52492381eea3fdf0c269ea0e,2,0,0.7936825156211853,0.7936825156211853
3f47454ead9fcb0cdca1638d557a0954,2,1,3.3056726455688477,3.3056726455688477
3f5262c62f0dc21f1d0a331616428f5f,2,0,0.3398236930370331,0.3398236930370331
3f96a2dc128a82c1a8826385a23cd1cc,2,0,0.2612098753452301,0.2612098753452301
4003370eebb3027fb2f1213afd7537af,2,0,2.266207218170166,2.266207218170166
400be2106c2e1d3b4a505b075f9c3943,2,1,1.6094070672988892,1.6094070672988892
4010e2f5597c66cfedeff01bf890fac4,2,0,0.9748615622520447,0.9748615622520447
4019c455d02fc04d8b1ce42e32baa71e,2,0,0.3881591260433197,0.3881591260433197
4031bad3ffbcd79f42330f3853bec9b2,2,4,1.1519826650619507,1.1519826650619507
403b430abd712f623f549ec1bba52c4d,2,0,-0.15836429595947266,-0.15836429595947266
40a7138f52ba6bcb66a4cdc432280261,2,1,0.0804310068488121,0.0804310068488121
40d11d4b3f2f7086bc1622e6b5bd929a,2,2,2.801225185394287,2.801225185394287
40ec573c084bacfe58e8f073660c2a30,2,1,0.9669538736343384,0.9669538736343384
414b65b71e83147e249552f1bd31decb,2,0,0.3125913143157959,0.3125913143157959
415a318eda63d2293d526035108242dc,2,0,0.8128255605697632,0.8128255605697632
41a2f4193aa1effcd56bac44e7affb03,2,0,0.19567857682704926,0.19567857682704926
421f3a986df6902d4d872a71bf93d6c5,2,5,4.159290790557861,4.159290790557861
42482ed25f9001ae44f6148432da91d7,2,5,5.998970031738281,5.998970031738281
4265aee8b15166d7130624c24744c2b5,2,1,1.352185845375061,1.352185845375061
42cb627feeceb770537e6c322c763dbf,2,0,1.4810384511947632,1.4810384511947632
42e82f9af1c127c73cb4845bb919ac86,2,3,2.6628754138946533,2.6628754138946533
4318a5e5772810d926a7c82899c772d2,2,4,4.092823505401611,4.092823505401611
431f5c9fb72ec0ec067c942a0ae01812,2,1,1.0395783185958862,1.0395783185958862
433a1eea85c4450c1814a8ad781ff244,2,0,2.226963520050049,2.226963520050049
434832e9d4adaa4aa96cb3ede61d66e3,2,1,1.1491703987121582,1.1491703987121582
4351d8299a773ed099cc12148b61fefd,2,0,0.18080370128154755,0.18080370128154755
4352e4e84a3360c5d49b6c51c3646c45,2,5,3.4630215167999268,3.4630215167999268
435734d7f2f72864a59c326150f06909,2,0,0.4549948573112488,0.4549948573112488
435ce6d7adf098d42bd81b8ab1b6afd6,2,1,1.4737930297851562,1.4737930297851562
435f5526bfee811bcd4bbf54ad40b600,2,5,4.4953107833862305,4.4953107833862305
436b91d1faa3d2c896f31e1b91b868a3,2,4,1.9444338083267212,1.9444338083267212
436fe677570dbf833a4298a1f0346edf,2,0,0.10564479976892471,0.10564479976892471
4393d46b83d4747ed613d11040dbffed,2,0,-0.29518648982048035,-0.29518648982048035
43dd1d762afad36444938fa931630a93,2,3,2.2412054538726807,2.2412054538726807
43f7943591b6d78cf4ddec563d020487,2,0,0.6019303202629089,0.6019303202629089
4444987df780434b2dba8306b086fd64,2,1,0.9462089538574219,0.9462089538574219
444ef94933b8b3cf2560688a9dadc004,2,3,0.7096726894378662,0.7096726894378662
447ceabf87de7431032ef708132594d5,2,5,3.078091859817505,3.078091859817505
447ecc048098b19ca337690c94c59f0c,2,0,0.1975926160812378,0.1975926160812378
44a0e59d540e47bd78f739e49f4b0680,2,5,4.586420059204102,4.586420059204102
44ad3d75a543fb590a02a328811a8d51,2,5,0.6909688115119934,0.6909688115119934
44bf5f6b5fe8e1928f3a5037175b6972,2,0,0.4456486403942108,0.4456486403942108
44fb31e98723b6a45e5dd357d24c5587,2,5,0.38915279507637024,0.38915279507637024
44fe9866a8fbfc80642bd800e2e4954b,2,2,3.2623274326324463,3.2623274326324463
4517c109e23cf3b572373db82b519303,2,5,1.229931354522705,1.229931354522705
4556ea2541ab33c9fb2461d1aeed2bc6,2,1,0.162241593003273,0.162241593003273
455df8e93ef98ef8de25cf3bcc9d321f,2,1,0.9406437873840332,0.9406437873840332
457db79e5e10857212057da87a95f066,2,1,1.0605741739273071,1.0605741739273071
45a7e6d72747faea42960c2f8d8b87ad,2,1,0.3394797444343567,0.3394797444343567
45b107368018ae2d6174aa5c1c6aa29c,2,1,11.11305046081543,11.11305046081543
45bc46a31180f65994e37850418e237b,2,5,3.8778536319732666,3.8778536319732666
45f89ece67e208657282b2dd46190aa1,2,2,1.3519307374954224,1.3519307374954224
46247d80557447a1ee718f12f1daba3c,2,2,0.8066067099571228,0.8066067099571228
464cd07657f6695896ac14c4d259df5f,2,2,2.537968873977661,2.537968873977661
46746de2fa12c4170dcc2eee96f63b0a,2,3,2.5980770587921143,2.5980770587921143
467e6dae0cb2eb1af21e9cc3c602fde7,2,4,3.6285784244537354,3.6285784244537354
4695453e7447f0c2266995c8dc4c0f78,2,3,2.938342332839966,2.938342332839966
46bda1c583bcc95f403dcffddfbf7578,2,5,2.7955973148345947,2.7955973148345947
46bdfe8b48f921b057335e201445e4be,2,5,3.574591636657715,3.574591636657715
46be6e1be662bfdb29d5040f980a9d1a,2,0,0.18862007558345795,0.18862007558345795
46bf558b24bcdfe1f3ae711b02b53a63,2,5,4.117239475250244,4.117239475250244
470af261bcc43fceb068eb58692928d2,2,5,4.804074764251709,4.804074764251709
4721d191d9f8a869dc31fd220e5bd1e1,2,5,4.6565165519714355,4.6565165519714355
479d197a08b7290b7c5e1a44da8759b5,2,0,0.36644601821899414,0.36644601821899414
47ba1e7344da00d621596e398521adf3,2,0,0.487837553024292,0.487837553024292
47d2d79be7e67f1ead3b0443e5901aaf,2,5,3.709554433822632,3.709554433822632
47dfbb8880ec4668d2370c280d9f10bf,2,0,0.3491792678833008,0.3491792678833008
4800ba489b63f1cf36762ddef7683867,2,5,4.527118682861328,4.527118682861328
480b4b3b0b1ec9ec41980ff45a5fbaa7,2,0,0.9195701479911804,0.9195701479911804
4817f7eca9697088d10623470bd5e7d2,2,0,0.28467363119125366,0.28467363119125366
482229d3e8333944feebcc85b6b90823,2,1,0.53035569190979,0.53035569190979
482c76db2009b85013b3ba7b9df83d67,2,3,2.3889763355255127,2.3889763355255127
487ca72fd110eee2985954aeda10f456,2,4,2.380466938018799,2.380466938018799
4889d1102cccd3a96257d9966309d793,2,4,3.549428701400757,3.549428701400757
489959a384e66a9431292b744f47f295,2,1,2.983022451400757,2.983022451400757
48ae1bdf69446ba5fb0b7fe8fc2863c5,2,5,2.4637956619262695,2.4637956619262695
48bd47168b46db9cc22f1c4cdc1c0ade,2,0,0.5063367486000061,0.5063367486000061
48c293293f88598d043cb59ebdab037b,2,2,1.093894362449646,1.093894362449646
48f2054b5ffbce7d1402c8a4fec625bc,2,1,1.148292899131775,1.148292899131775
48f4ff8f16b57774f3d7a0b6fd8d2f73,2,1,2.0338082313537598,2.0338082313537598
490417dca347af4b988ecbe11c54db52,2,0,0.2589520812034607,0.2589520812034607
490c134f47d483a880c183f85f66705e,2,1,2.767423391342163,2.767423391342163
4940fe820c4c057f856ffa9618cb1985,2,0,1.3585505485534668,1.3585505485534668
497813868ecc84bc315997f428262cd7,2,4,3.392892837524414,3.392892837524414
497e1c9755641be4757136f16b8a8fad,2,3,0.5578316450119019,0.5578316450119019
49adfe9cc766f35827b1db55e01d8cca,2,5,5.04723596572876,5.04723596572876
49cf4320931ec7b716d8782ce29c4549,2,2,2.315819025039673,2.315819025039673
49db41e3293630f0b1a566d7c9a8f07e,2,0,0.4744708240032196,0.4744708240032196
49e6cd04adcc98a79f3d8ddb894b65ec,2,0,0.3609107732772827,0.3609107732772827
4a139d2a586bba55c6389985432780ea,2,0,0.4401913285255432,0.4401913285255432
4a3cd784b891733e6f807e69a592e13f,2,0,0.20163632929325104,0.20163632929325104
4a3e6e77b42a7e8f8b2dec472667bdbe,2,1,1.7004579305648804,1.7004579305648804
4a4926a13345cbedb54d6762e4ab0132,2,1,1.8716702461242676,1.8716702461242676
4a617782fe5e92440236591606d83bef,2,4,3.879190683364868,3.879190683364868
4a6e4585feeea9aed5244ccf0a214f60,2,4,0.21094149351119995,0.21094149351119995
4a76cf6ae9a94a533b65c6a14ef464e5,2,0,0.47037553787231445,0.47037553787231445
4a9cfd2cec83d162bbcec685721f7b5c,2,0,0.21617726981639862,0.21617726981639862
4aaa6b030833ec19f2ccea7530fbfeb4,2,3,2.9479920864105225,2.9479920864105225
4aac539cdb139eb4549013b591084c4f,2,0,5.683849334716797,5.683849334716797
4b0ef01c012aa7824c2f92984edb8210,2,5,3.6897528171539307,3.6897528171539307
4b3f9fe89534fa5231f41be4a1a6c739,2,5,4.22235631942749,4.22235631942749
4b52b93ed731f336f444a24e1bf2dca2,2,3,1.470180869102478,1.470180869102478
4b746fda943de9f7e620be0933bc9d27,2,1,0.6031659841537476,0.6031659841537476
4b9636cb1e3f5012072099379e9af72e,2,0,-0.35320112109184265,-0.35320112109184265
4c21e2684e869a2ce2c3444d36193e8b,2,1,1.1781028509140015,1.1781028509140015
4c25d8ba4a2ecabe2b69b901c994e2dd,2,1,3.202955484390259,3.202955484390259
4c278673ab3ea6f8eaee1f311ff68685,2,1,1.1921170949935913,1.1921170949935913
4c693e1a79d836ccf56cc3bb8fce8ac9,2,0,0.37870901823043823,0.37870901823043823
4c7318b58b1d1485e7c4b02e2f983e4f,2,1,3.448110818862915,3.448110818862915
4ce48c81c3798a282d027de3a13cb9ad,2,1,0.8307740688323975,0.8307740688323975
4cfec0aee02aff3e05698f00c1c129f8,2,1,0.5941375494003296,0.5941375494003296
4d37cd687a4b6e52762a21f7e6b3f3c0,2,4,5.37488317489624,5.37488317489624
4d3882bcb3cfa5661e84b381063d2917,2,0,0.023437445983290672,0.023437445983290672
4d4b6d9c4e2ff4aef7674ac4ae960893,2,0,0.6006032228469849,0.6006032228469849
4d9f14a6dab9f3df7a12bf708cb4aedc,2,4,2.4703404903411865,2.4703404903411865
4daf2f3a2e1888094201c1fcb98fd7d6,2,0,0.24175255000591278,0.24175255000591278
4e1247214b51cb4a801fa001251195f4,2,2,2.529609441757202,2.529609441757202
4e38e2f4a243c8638d2a3077a5d4f6c5,2,4,1.1254185438156128,1.1254185438156128
4e5c75b501c348de7af7620dab9d783e,2,5,4.551685810089111,4.551685810089111
4e6e65a0d88a155afa71221ceceee985,2,0,0.18042805790901184,0.18042805790901184
4e92c661eb2a8fc107c4a69fcb72dc49,2,0,0.20636741816997528,0.20636741816997528
4e94a11759c86bca9836e27cfd2fb670,2,3,3.9877371788024902,3.9877371788024902
4edb7eed09d7198c868527ccd77e9a02,2,5,3.986501455307007,3.986501455307007
4f02c98de6b8540d695f300a2854b28e,2,1,0.9111008644104004,0.9111008644104004
4f06726cf77125734cf939b3ed5978ab,2,2,1.2173559665679932,1.2173559665679932
4f533826b961b84eb76169c1a94c61ee,2,1,0.36469507217407227,0.36469507217407227
4f690871ae38d75644925db80178e0aa,2,5,4.031426906585693,4.031426906585693
4f6d00fc5062b2c16038af6558fb2cee,2,2,1.2297114133834839,1.2297114133834839
4f7296f162c6248fdd1e06f5aa5d6eb3,2,3,1.066106915473938,1.066106915473938
4f8f6e4d549092291a273343351be5ba,2,1,0.528226375579834,0.528226375579834
4fdaffad21b20c5271266d8fa3e9487a,2,1,0.33593228459358215,0.33593228459358215
500b90c3e7eba2e3b25818a8c1834d45,2,4,4.049801826477051,4.049801826477051
501eb15b8ae1aa3507aaf0b3ba6ca231,2,2,1.891011118888855,1.891011118888855
5028df90f05b4843e904af64a32e3653,2,0,0.2985368072986603,0.2985368072986603
5033ea72b9d1901a6450bb7d21a1b062,2,1,0.26744967699050903,0.26744967699050903
503da0f7a933c01e206780c0c7b21259,2,0,0.7254266738891602,0.7254266738891602
50467a6acf3c242827713dc6dd1b5836,2,4,2.8459625244140625,2.8459625244140625
5071ecad7048bcc543cad7ed3f8496fc,2,0,0.2636520266532898,0.2636520266532898
507ac341d0a68f80c382a8f1b9b2793c,2,3,3.4309804439544678,3.4309804439544678
514f894a5d88a2f7b8a36109c0caa4e2,2,2,0.29143571853637695,0.29143571853637695
515ce34b358e95eb8f535cbe05fb025e,2,1,1.2117912769317627,1.2117912769317627
51b79eb617718f11e64587422e6877b0,2,3,2.9219558238983154,2.9219558238983154
51b9b885a29947706f22bc545238cb84,2,4,2.357994794845581,2.357994794845581
51c7177f25e8c372ae2dce6af0ef5a5f,2,2,1.1105984449386597,1.1105984449386597
51ea992db967a0b925588ee2eee322ab,2,0,-0.3280079662799835,-0.3280079662799835
51f70b98526218f921f34b110f55ceff,2,1,1.2704795598983765,1.2704795598983765
5237b4ee431ba2933e6f4b3fcb57ec4d,2,2,1.2508995532989502,1.2508995532989502
528423d80e99a91576623f1772942237,2,1,1.9082344770431519,1.9082344770431519
52bbaa0fbe4b7a3d193fc41eec5b0f46,2,0,0.13560695946216583,0.13560695946216583
52e4b8211dbecc7176734c51734f9988,2,3,1.087153434753418,1.087153434753418
530fe0124e17f2f3a98c53ffe86bf421,2,1,0.5404212474822998,0.5404212474822998
536be1ccbccc0bf357bbc7e5e0a270c0,2,0,-3.042191505432129,-3.042191505432129
53a0d392e204cdbaa181fe636dd62600,2,3,3.7735743522644043,3.7735743522644043
53cc16aa53cffa0f5819bd9f80c27f44,2,2,1.5154505968093872,1.5154505968093872
53fd8c8bf3e1a9cc53ee823331428bc2,2,0,0.6198491454124451,0.6198491454124451
5412642aeef99bc006be1cb1d8689ccd,2,1,1.4491114616394043,1.4491114616394043
545063a5e1917a0ddb4f48b99b40142f,2,2,1.2776250839233398,1.2776250839233398
545d14287912a7a53a64fe279a92097e,2,4,3.878175735473633,3.878175735473633
5479baf96910f3cf404a133651a38b3e,2,0,0.7862273454666138,0.7862273454666138
548a1b47c6c3d002e1fab2d2959404db,2,4,3.361612319946289,3.361612319946289
5499677f4de0628ddb3189b470431dfb,2,0,0.47786015272140503,0.47786015272140503
54ccfb9ba6a20816e744a59e99475ac9,2,1,0.8044313192367554,0.8044313192367554
54cec2f3453d7b16499791f8bf5c882d,2,0,0.16602863371372223,0.16602863371372223
5505327aa083e92dae34a1d58b04d5fe,2,1,1.890230417251587,1.890230417251587
55204bdec9718d7d1e3c17a8f452c0f5,2,3,4.054861545562744,4.054861545562744
553fa72290f35f2cb58beef577855ad8,2,3,2.764874219894409,2.764874219894409
5558579da28c0c6bed9ec761982439f7,2,0,0.6488763093948364,0.6488763093948364
555d77d0fe4570a4697b91b9608d325e,2,1,3.1403801441192627,3.1403801441192627
55871a7a0ec1e0958ce44dd101d48be7,2,0,0.5375096797943115,0.5375096797943115
55d91c32710982de78a975ed0f45395c,2,1,1.5751413106918335,1.5751413106918335
5618c8129a6db9d5d94bb26f2b58fe4f,2,1,0.7197828888893127,0.7197828888893127
5619a242c6ea14b4d3196f2ee86b5579,2,0,0.29212498664855957,0.29212498664855957
56534311eef9cf28c0271eba2031f260,2,1,0.5587891936302185,0.5587891936302185
565b748e64e5f6895bb1abce1a7ec163,2,0,-0.38117215037345886,-0.38117215037345886
56c011c71edcba80e2c4fb87d1d0f26e,2,4,3.8425092697143555,3.8425092697143555
56cb71724a6188fe0eecd70153a2bc63,2,0,0.35472339391708374,0.35472339391708374
56ce81aad4405f43be93314f002225c6,2,0,1.2326245307922363,1.2326245307922363
56e3dfef73cd0b278801c47866b84a82,2,1,0.9133323431015015,0.9133323431015015
56eca40fb4a14e76611554bc3b08f22b,2,1,1.1379538774490356,1.1379538774490356
571ff890388328af4b5cc76183ce8189,2,5,4.2587103843688965,4.2587103843688965
5724a6703905a9e591fe7f6017eab790,2,2,2.2840356826782227,2.2840356826782227
573ad8015383dce02cbe6dd1b9b0819c,2,4,1.2064272165298462,1.2064272165298462
5754cf219e01bd9b8bae58fcdbfa9ce9,2,4,2.973499059677124,2.973499059677124
5764f6df31c3c05b73dfc0fe5c7bad04,2,5,2.9822869300842285,2.9822869300842285
57ec54de3a7df9a08cbec3834fdf4105,2,1,0.6041154265403748,0.6041154265403748
57ed01ca752b76a1a02348b1e4492565,2,4,0.9268613457679749,0.9268613457679749
57fd690ca9f2b48043a41817b1e43b19,2,4,1.3095293045043945,1.3095293045043945
5826d28019321eb4a202a2733fb039ed,2,5,3.370837450027466,3.370837450027466
585673c1e2a7911db8386224726284ed,2,0,1.7748987674713135,1.7748987674713135
589c60dd4940000360acc551fd112705,2,0,-0.28441116213798523,-0.28441116213798523
589ce42577588f51fa6d8de876b55dbc,2,1,1.6516587734222412,1.6516587734222412
58a3583e9638e7d7d52d07587216c616,2,1,1.1046251058578491,1.1046251058578491
58c6772feea732357604d4178abc4032,2,3,2.0841660499572754,2.0841660499572754
58d13c5b7c1d86814e7a9451fef0d9d5,2,3,4.284605979919434,4.284605979919434
58db174da2288d958afcc0abf5c6a427,2,0,0.24268929660320282,0.24268929660320282
59001f029aafc4adc0971c0397df6173,2,5,5.13922643661499,5.13922643661499
593ebf6ab700617588d4570293721619,2,4,3.9122490882873535,3.9122490882873535
596d3b12550adf32cba3ea96fd6859b0,2,4,0.4919751286506653,0.4919751286506653
596e117592870bc53e8442cc9ff4dcbc,2,0,0.5104701519012451,0.5104701519012451
59a74456aabd8137c9297f345f431c71,2,1,1.228695273399353,1.228695273399353
59aa903a1ceb3e9793bedda411a4a2cd,2,2,1.3058112859725952,1.3058112859725952
59c75ad5b178f5f2860deef480d6837b,2,1,2.4840476512908936,2.4840476512908936
59fce17965127867763cdd31e2b88ae2,2,4,4.108006477355957,4.108006477355957
59fedb7f0c3cca80dee607192e270a5c,2,1,1.0822410583496094,1.0822410583496094
5a0249877d1e229d0ef6c02f86cbc98f,2,2,3.233099937438965,3.233099937438965
5a04db2e75874b0e5c55ee71692ea92c,2,0,0.8050379753112793,0.8050379753112793
5a0c402207e52c1e96b4995c2f781519,2,1,1.3688533306121826,1.3688533306121826
5a145fb4724f271a9fed0c8de7a7bf9d,2,1,0.8866404891014099,0.8866404891014099
5a1c715386006065330b45f52e394aba,2,1,1.206215500831604,1.206215500831604
5a1e02d983668583f95b2220fc7dc71d,2,2,1.0816247463226318,1.0816247463226318
5a258172c6d220c464e500a1fb880b20,2,1,1.0075278282165527,1.0075278282165527
5a4ec1ea101e790664aeab41d54cbe75,2,2,0.2546462416648865,0.2546462416648865
5a581e131e99127fdb7f263d38c0ace0,2,1,1.3290163278579712,1.3290163278579712
5a6125bdeb2906ba9267a26e98de56e5,2,3,3.890146017074585,3.890146017074585
5a7d90776e03f8441483198c25767fa6,2,4,2.506173849105835,2.506173849105835
5aeb565364a376a498fbcb54f6b5dd6f,2,1,0.437486857175827,0.437486857175827
5af696841a9c6453f9f667bdab0621e5,2,4,3.7171924114227295,3.7171924114227295
5af8bba8cb7a8edb4bf416d4dd4d5228,2,0,0.05869080126285553,0.05869080126285553
5b003d43ec0ce5979062442486f84cf7,2,4,3.1693100929260254,3.1693100929260254
5b0c8d324c53998d7353ad17e591fd46,2,3,3.5859806537628174,3.5859806537628174
5b4819f36fb394dd3fcda83c3a3b7ad0,2,3,0.8292090892791748,0.8292090892791748
5b4c450f95b5b0128b2465b8e7923ef3,2,0,0.14584243297576904,0.14584243297576904
5b503f5a5b80bbdd98128d346e9a72b7,2,1,0.869654655456543,0.869654655456543
5b6880bd0d0243579b07908e268d76ff,2,4,1.5199997425079346,1.5199997425079346
5bb4d886090bc6f9f359945928d45f02,2,1,0.9303649663925171,0.9303649663925171
5bb50bb8d8df795210537f17ca113f28,2,1,0.39529627561569214,0.39529627561569214
5bb96d3a5bdcfc315f8b00c4535a1b0b,2,2,1.83486807346344,1.83486807346344
5c25da900a402f4414069c93bcea9424,2,0,0.2728576064109802,0.2728576064109802
5c3aa6266bfcbf2f9bf057a0a5e39520,2,1,0.6032133102416992,0.6032133102416992
5c3fcc6eec3ed5f3717551c419a3168e,2,0,0.9964374303817749,0.9964374303817749
5c90deb93f9fd965642b6edda6561bde,2,2,1.7837668657302856,1.7837668657302856
5c975e69eee9359ebe8da3f2a376fefb,2,5,4.864175796508789,4.864175796508789
5ce3c1ea8008cd274f8a9e47537143ff,2,0,0.2189541906118393,0.2189541906118393
5d04a3fbf6bc76e526f4d1c3d763229f,2,0,0.009720215573906898,0.009720215573906898
5d35e9a318e04684020a42c3a2ca19fa,2,4,0.7502291202545166,0.7502291202545166
5d884cc90873f1f8d9e25cd126887986,2,1,1.7294443845748901,1.7294443845748901
5dcd43e6710799fbb64f0c250a13d0ff,2,3,3.8011722564697266,3.8011722564697266
5defe2d09b6802c65d28af7d80ebf788,2,4,3.6906259059906006,3.6906259059906006
5dfa62a4dcf79b511d935096233f35e3,2,5,3.6951565742492676,3.6951565742492676
5dfb4fde4486edf9f5863e61a1ba016c,2,1,0.6996099352836609,0.6996099352836609
5e165e0f062426606dc1b5c217689129,2,1,1.1763319969177246,1.1763319969177246
5e397c08480a57e65d45fdc3aa18399c,2,0,0.3064078390598297,0.3064078390598297
5e64107898d585bd15e99b0f8056138a,2,0,0.20549018681049347,0.20549018681049347
5e8b71155d862948b6e0da88f0b41789,2,3,0.596706748008728,0.596706748008728
5e9265276fdaddcc7b37bb29f1e78d04,2,0,0.4553263485431671,0.4553263485431671
5e9c2892384ade4ff99f8296e8c51147,2,0,0.4598259925842285,0.4598259925842285
5ed6b9a9612f58fb7a5ed2c9b9b32fe4,2,3,2.813488006591797,2.813488006591797
5edc82d679cc29b4d7720bdc45c1ad45,2,0,0.5125849843025208,0.5125849843025208
5ef24c35ed7f184da05305d08ea1fd68,2,4,1.7256104946136475,1.7256104946136475
5f23bafd7474ed18a65971a95048c1e1,2,5,3.8904078006744385,3.8904078006744385
5f3d195f200eda8037910949831b87ad,2,0,0.31331565976142883,0.31331565976142883
5f40e0b339592b1b70f17134a06abf98,2,5,2.4120912551879883,2.4120912551879883
5f5fa1cce0a7969903073b2d3242eea3,2,1,1.1928181648254395,1.1928181648254395
5f8e07348acca9f1d02c329f4efb7516,2,2,2.253108501434326,2.253108501434326
5fc5347c2d73fe6ebe3f5dfd6d8aa923,2,2,0.7970147132873535,0.7970147132873535
6029eceba97e1f924eec2b51df4f8daf,2,1,2.3322999477386475,2.3322999477386475
6042f48687f6cc750599e86362d97080,2,1,1.1128352880477905,1.1128352880477905
604556b258623f461eeea2b9e46bbeff,2,0,1.6517159938812256,1.6517159938812256
607afab0ebabe2ae01a282ebf467a7ee,2,1,2.465839147567749,2.465839147567749
6083bbc60139542acc27071133a7922d,2,0,0.2198527455329895,0.2198527455329895
60a15dda8570e347a3529a062fb1d5c9,2,0,0.24243248999118805,0.24243248999118805
60a18d14b13eb21b56f3d3e77a315af7,2,4,4.013548851013184,4.013548851013184
60b46e491d5aa1cadeac8e97ec073c6e,2,0,1.8021883964538574,1.8021883964538574
60ebd38dfc08cd7e4bb74e7930860c8c,2,1,1.4233335256576538,1.4233335256576538
61105d52f842466e17bb6182a100ac4d,2,0,2.412195920944214,2.412195920944214
6129f36d2604ad122625914947cfce61,2,0,0.14826729893684387,0.14826729893684387
6155f934efd0c7ef998c1a6355aead5c,2,0,0.5788103938102722,0.5788103938102722
61752bfc0be53841adf3020c8e1a140a,2,1,0.2985325753688812,0.2985325753688812
61b39e218e57b00f7453dff2837fa16b,2,1,1.6516406536102295,1.6516406536102295
61d53ad3869b865564520488312443f2,2,2,2.4399797916412354,2.4399797916412354
6210281e975f738e94a5643d366e3b09,2,4,3.6297576427459717,3.6297576427459717
6210ddaf9f3e233411579da0ea9a0484,2,3,2.7806904315948486,2.7806904315948486
621575853be210386a1183dbfad4111a,2,0,0.21360309422016144,0.21360309422016144
6226ebfc1f9b743a8b02db4eb7145738,2,2,2.2493245601654053,2.2493245601654053
622f9fbf44de6f0650d02b3088911446,2,1,0.8643703460693359,0.8643703460693359
623a22a6d357ae6cb2269fd6e6ffe457,2,1,1.3098167181015015,1.3098167181015015
62605db0277dd94dd1fab196966d8c18,2,5,4.4400787353515625,4.4400787353515625
628a8aa139fc63957f9f93eb1daf04e5,2,4,2.764075994491577,2.764075994491577
6299578ed6388e6b866fc04e931fa15a,2,3,1.7875345945358276,1.7875345945358276
62a348a227dfe4006295ea31ce48c4b3,2,1,1.2974340915679932,1.2974340915679932
62b633dfb302067fc326018482d36c89,2,0,0.572232186794281,0.572232186794281
62c56362b10d68cfaf8000485da3de5e,2,3,0.25810083746910095,0.25810083746910095
62de6f2b44980a0b7d2a926f828446b1,2,4,4.678252220153809,4.678252220153809
630b89cbf5bec0ab752aa3a8688930f0,2,4,2.711616277694702,2.711616277694702
632bb32084df3f4c50164c2c684d34ab,2,0,0.762377142906189,0.762377142906189
636e0e81d4b351bc50c8731f557bed29,2,3,3.002579927444458,3.002579927444458
637e9203f2969b9fd192ce0b1d93167a,2,0,0.25712352991104126,0.25712352991104126
639dcd07a4de787c02b44b26a984d202,2,0,0.4532172977924347,0.4532172977924347
63a07f4760338c9f53620bb6f1cb2cf4,2,5,0.3202909231185913,0.3202909231185913
63d658e884c126ee082316a9b764cc0e,2,3,4.3036980628967285,4.3036980628967285
63e71c21ffc027a4b9f256840072e28f,2,3,4.148026466369629,4.148026466369629
63faf78b499e70ceb096c53a6caf31bc,2,0,1.4316565990447998,1.4316565990447998
64144d9b3b14c64bbdf7dc80816bd459,2,0,2.3898398876190186,2.3898398876190186
6426935440acd920bae26da8165ca680,2,0,0.8160381317138672,0.8160381317138672
64463f7b842c077b705e42f2dec8aec5,2,5,1.1432065963745117,1.1432065963745117
644c556ebc3fc0c4345e328f8523308c,2,0,0.9967204928398132,0.9967204928398132
644eac827fab366642feb02840fff74c,2,1,0.7910495400428772,0.7910495400428772
64571abee09b1e42abf780bba6fdf5e6,2,1,1.9171764850616455,1.9171764850616455
6465a5ab1539fe69d2392408606dfade,2,5,4.728158473968506,4.728158473968506
6468063d0445cf082716fa830a507de2,2,0,0.7850050926208496,0.7850050926208496
647f4dabc53f943acbffbde9db87e35e,2,5,4.434422969818115,4.434422969818115
64b278351203c5a9e1bcffa05621280d,2,0,0.3796904385089874,0.3796904385089874
64c7193405afef922cfda4c959bfd28f,2,3,1.57770836353302,1.57770836353302
64ca339ecc5ba72aa4b27a73a163f807,2,1,0.6761378645896912,0.6761378645896912
64d89f6270efae268f99717bfbf288e8,2,0,0.22667907178401947,0.22667907178401947
64e742d9850512f85145eeca0811dc0e,2,1,2.934407949447632,2.934407949447632
64e7f3ba0ab29790d1ad571eed45f655,2,4,4.360032558441162,4.360032558441162
6523c91279b338c2527c4fb6c80ab542,2,0,0.675309956073761,0.675309956073761
6525e666ca51cdae0b292dcd0b8e7483,2,3,2.579677104949951,2.579677104949951
6553fc05481b944143ac4db2446e98b9,2,1,1.1562966108322144,1.1562966108322144
65a653ff2eae408f815ffce6898173ca,2,3,2.4089150428771973,2.4089150428771973
65b25c89a74ee86c54185060a6bfc25b,2,1,0.8211084604263306,0.8211084604263306
65bcc0e4ef30b49600530a2c5c5e8d14,2,1,2.204768180847168,2.204768180847168
65e733bbf48c15a529fb33cda1a38f4a,2,5,1.3295304775238037,1.3295304775238037
65f6854bc7b6c9e360645a242afaff3d,2,0,-0.1655559092760086,-0.1655559092760086
65f9f4aad5855452508f02e119fea859,2,0,0.6942636370658875,0.6942636370658875
65fc1018a8862bdbe4d8a063c3130a0e,2,3,2.9026038646698,2.9026038646698
6610773ae6ab13f5fca25de96945cc4c,2,0,-0.1955704540014267,-0.1955704540014267
661fd3b4006818c649c405972229bd67,2,1,0.33721792697906494,0.33721792697906494
664a26f04c363ae643886559d5910e16,2,0,0.560093104839325,0.560093104839325
66c3f1134c199363086f278ec30c3e7a,2,1,0.6642118096351624,0.6642118096351624
66dc57a3320d9abd25eaf8b74c07c7bb,2,2,3.6300504207611084,3.6300504207611084
67319450f16093d1be341212bc57c86f,2,5,5.776065349578857,5.776065349578857
6731d5ddd7e968439e757ac850feb2ad,2,2,2.367178201675415,2.367178201675415
673860524a7cafac29eac8977227c665,2,1,1.6911027431488037,1.6911027431488037
6740dbd4b12921e8aef0381c3bc2eb75,2,0,0.34554803371429443,0.34554803371429443
675b2df2b587c591750c51ba2db29a8c,2,0,0.5010276436805725,0.5010276436805725
6767bd3b8e80792e45bd2ca635dc1d8d,2,1,2.0163280963897705,2.0163280963897705
678cd7da1af4a3ce24689c389fb82fd5,2,4,2.4524269104003906,2.4524269104003906
6806e41cd6048002dfa52e2f4ad88900,2,1,1.039033055305481,1.039033055305481
680984934a44ffcfc33f21b9b62f9436,2,0,0.37149468064308167,0.37149468064308167
6817ba26ccdc4d23fdfa89342dcb4782,2,4,2.920011520385742,2.920011520385742
6875cac943f84443b8e7c2a44ee809f2,2,5,0.8928543329238892,0.8928543329238892
68a68e1d6735eed0b0aec0022e5da010,2,3,2.7102715969085693,2.7102715969085693
68bac3f122302678533ae694a3771631,2,3,2.1407077312469482,2.1407077312469482
68cd3aee8b7ffbcec0eb9196c6e3150d,2,0,0.2239033281803131,0.2239033281803131
68d176562d24b53cff4c1c46d30820ac,2,1,1.324513554573059,1.324513554573059
68d72c5e4c104168c1a12ef520fbed6c,2,3,4.6485700607299805,4.6485700607299805
68ef1f45254c298cac176cabb6c0fe58,2,4,4.160238265991211,4.160238265991211
68fa730b281bed2236a0b26397a000ce,2,1,1.7441855669021606,1.7441855669021606
6928865353a420988c1206560b232c38,2,4,3.8024179935455322,3.8024179935455322
6959e859a5eeb9cd1a04266829bb4b47,2,5,3.7342796325683594,3.7342796325683594
695c5b79a3c75deea1f333f56e305e85,2,2,2.267937660217285,2.267937660217285
6966c2b9fa1ae59141ab221b32d878cf,2,3,2.2142083644866943,2.2142083644866943
696e3791b5590f7fe3c22fbe1ee369b4,2,3,0.8815981149673462,0.8815981149673462
6976004fb0e04f4435b0e1e127032881,2,0,0.4673333466053009,0.4673333466053009
6999be089c587ca5e9397fbe7638af3a,2,4,2.6532232761383057,2.6532232761383057
69a41dd83be22e8dd84599984bee2d3a,2,4,3.381572723388672,3.381572723388672
69ab9dae3fcb1bcb79683b95e4836252,2,0,0.39946383237838745,0.39946383237838745
69e6550df1d1713b0bde6c627c42deab,2,3,3.476370096206665,3.476370096206665
69ea325f5f312d270c5b5acd9ebb77ee,2,1,0.2241562008857727,0.2241562008857727
6a10c173386248ef4f11ce0cedc0622e,2,3,1.4742088317871094,1.4742088317871094
6a6a592dab4286783baf1ce2dbf2e8ff,2,0,0.22188334167003632,0.22188334167003632
6ab0d7184ed0d412295c038fba1f79bd,2,1,0.7661416530609131,0.7661416530609131
6ac2095c7968fa30ab6c5dc7d1ed5121,2,0,0.3257802426815033,0.3257802426815033
6aea011ff6ec9fe22091bb4cc83fe56c,2,1,1.0906267166137695,1.0906267166137695
6af07a7340e7f59f1acc0973007d0946,2,0,0.30306896567344666,0.30306896567344666
6b10e2f8cd5d3add0fd7f2f932e86fa5,2,4,4.60928201675415,4.60928201675415
6b47d60ee262e38e5bf082837c3ca24d,2,5,4.318507671356201,4.318507671356201
6b4c77b671e8412d65773f9614816db0,2,4,4.357199668884277,4.357199668884277
6b8bcd9c84523e1151cefad443a137c2,2,5,4.019997596740723,4.019997596740723
6b8cf7e2a5e9329b19070013a442cc89,2,5,3.946787118911743,3.946787118911743
6b8e655888a58c55a714c15b849a2c71,2,5,4.518126487731934,4.518126487731934
6baaf1d0cb562d864baedc5db3acaf11,2,2,1.173920750617981,1.173920750617981
6c08cc99c773235be82dc6012add7048,2,1,1.04279363155365,1.04279363155365
6c2022824b8716c8e152df5830db229a,2,1,0.5452825427055359,0.5452825427055359
6c7324c3bfe359fd8c82c77db241e4f3,2,0,0.3950068950653076,0.3950068950653076
6c99a5ca4d6c8a76c87d2fd4795cbf55,2,1,0.8362311124801636,0.8362311124801636
6ca88a3bb8a632f16616864d13fd4f92,2,3,3.4848268032073975,3.4848268032073975
6cbd13aad5efec0454b8168ec8588cb6,2,4,1.2707459926605225,1.2707459926605225
6cc0dd4d822245ba07dba7fda2b3e57c,2,0,0.3192560374736786,0.3192560374736786
6ccff9b19aed0779af75101e6f468dfb,2,3,3.0112216472625732,3.0112216472625732
6cd581a4c4e0314e1479c0c4a24f4eb3,2,2,2.519968032836914,2.519968032836914
6cf2ce789a2ce4d7cab31131423f597f,2,5,3.1854326725006104,3.1854326725006104
6d0b36e4884c8cf6458c7f69daaf6e08,2,4,2.9906656742095947,2.9906656742095947
6d2141c1c6593fc206e2a695cb591831,2,5,0.565818190574646,0.565818190574646
6d2bcf1b97f6731338a530650f776fb4,2,2,1.268471598625183,1.268471598625183
6d3e53acd6d2fe9e1aa15cc7207b45d6,2,2,1.832778811454773,1.832778811454773
6da58949332bdb1e6d73aa850280188a,2,0,0.36194825172424316,0.36194825172424316
6db74a5a5881080c9a8a1572e8b289cb,2,0,0.23509810864925385,0.23509810864925385
6dd5fc9704c89ebdc01692c44c30da14,2,1,1.36247718334198,1.36247718334198
6de4998fbdf6ebd012fd6b727890e582,2,1,2.2434329986572266,2.2434329986572266
6decfe197397c727416711b6edf9b691,2,1,1.4944249391555786,1.4944249391555786
6e2c6287cfda6f586d6753109ab474be,2,1,1.7622710466384888,1.7622710466384888
6e52a788e36a88c5267d49e219051d05,2,5,4.8898749351501465,4.8898749351501465
6e5421b95ba6f7ae6d5c3ffddd797ca0,2,1,1.1061193943023682,1.1061193943023682
6e56192db73e084b78d5f65946a607f3,2,0,0.7956799268722534,0.7956799268722534
6e5820ec2c6f92c75e0ff86c68011042,2,2,1.545810341835022,1.545810341835022
6e79fc78cf67358d3d16daec5573b5a3,2,5,4.159344673156738,4.159344673156738
6eb1da90c9630e7c86f282c7eea4fe94,2,0,0.8624801635742188,0.8624801635742188
6ecaf999869adcb83f1c7e96922fbc0a,2,2,1.1384583711624146,1.1384583711624146
6ee0840e4cec3865e228b5f96fe0b188,2,2,2.026293992996216,2.026293992996216
6f076bd7534e295a7a9870bcf603a81f,2,1,0.9805377721786499,0.9805377721786499
6f10905caac3dca8c74143bf90848378,2,0,0.40841659903526306,0.40841659903526306
6f15b2e980b3551c44af3db0dbf45940,2,4,0.9815556406974792,0.9815556406974792
6f310463d3868e86be87adddeccdde19,2,4,4.456506729125977,4.456506729125977
6f412ed9fa15d7b5c75bcfbe1fbb5b54,2,0,0.7134385704994202,0.7134385704994202
6f75edad6dfc45ab8a79af4e5168a439,2,3,3.2379915714263916,3.2379915714263916
6fac93d389a9e8d4547f4add04f1b440,2,2,0.8812832832336426,0.8812832832336426
6fd2d42591da02ae878e2d5c74bcc98f,2,5,4.707246780395508,4.707246780395508
6fd638500e570165c9b725a00652c700,2,3,2.556124210357666,2.556124210357666
6fd6b536110b95a0b8c26072ae5a0c39,2,1,1.3933963775634766,1.3933963775634766
6ff318a6d23cd703fa230a51d9e36834,2,3,2.022881031036377,2.022881031036377
6ffaf27156505265f49d0dbc2d14a745,2,1,0.8342678546905518,0.8342678546905518
7021622a31d3753956d55704d2073c2e,2,1,1.1107231378555298,1.1107231378555298
702f699c767a9e084ebb17df8d90636b,2,0,0.2734571099281311,0.2734571099281311
706a5789a3517393a583829512a1fb8d,2,4,3.231170892715454,3.231170892715454
708254de6b71fa82c4d3479035c52a83,2,0,0.27311185002326965,0.27311185002326965
7097af00518c3d9b003a0a016f358990,2,0,0.39730921387672424,0.39730921387672424
70d813b5e09d4fdac98c761c15c28a62,2,3,3.068382740020752,3.068382740020752
71abdfb52804bed1259c90f7b414e178,2,0,1.139265775680542,1.139265775680542
71dbcf5569584dac2aae88cf712d22b1,2,3,3.849891185760498,3.849891185760498
71e9b5fc5cd1125e0d4c4d54c2a1c701,2,4,4.026400089263916,4.026400089263916
71ed9d8a5cc6fb819ffe17b776310e74,2,0,0.33462145924568176,0.33462145924568176
721c5739be68d229d30b8a616886a17f,2,0,0.6655659079551697,0.6655659079551697
7223b93b01ae684e7f0ee028c8a6ceac,2,2,1.276678442955017,1.276678442955017
72b46ce40040292c972e5c8fc84f857d,2,4,1.4768178462982178,1.4768178462982178
72c00859044a377377a9caac31885e9d,2,0,0.41565921902656555,0.41565921902656555
72e0bd3f347c8619508cbf214024f647,2,3,1.3659056425094604,1.3659056425094604
72ed5caa64960f0dd8bc85a3c83e9179,2,5,0.9293949007987976,0.9293949007987976
7339b4fe01bff9be3c2326e47ede6ec7,2,0,0.281367689371109,0.281367689371109
733dbfd0b96484c20b09ecdc4e4b095c,2,2,1.8610321283340454,1.8610321283340454
738dc44527924dc7229e284254e76362,2,0,0.3387947976589203,0.3387947976589203
73f6bfb643e1d0d8d3868b7f1f0cd33d,2,3,4.1425886154174805,4.1425886154174805
74121dc7165c19a5d72bdbe3eaeb90d2,2,0,-0.031623877584934235,-0.031623877584934235
742e58363ad59930dd29cd4d23e3e2e0,2,5,4.834906101226807,4.834906101226807
7430ef957ff8212cfe421b132ccd7bda,2,2,3.1281826496124268,3.1281826496124268
745fb454d6a8791d6cd69d1aa4dc90ba,2,4,4.142096996307373,4.142096996307373
74736591228da467badedcc92c3c1bd2,2,1,1.2992430925369263,1.2992430925369263
74b8cd450974417d88ee617601cea1b1,2,2,2.5434868335723877,2.5434868335723877
74c2ad4cf2820e6ede00c6c4fb3e4ab2,2,4,3.8217580318450928,3.8217580318450928
751b5369155b1086d5a5f3feeb21bdc5,2,5,3.6230270862579346,3.6230270862579346
75272c0e3fc6faeb17a353b704051e11,2,3,0.8899135589599609,0.8899135589599609
753743ff6e00c61a67516723909f71d7,2,0,0.7792606353759766,0.7792606353759766
757b7b672e19cfa1350f8477f4b5d66e,2,2,2.784611463546753,2.784611463546753
7584a04126c380a776b9a27c23ca2a1d,2,1,3.5710203647613525,3.5710203647613525
759b9eca357202fc550e17cf10daed11,2,4,3.126088857650757,3.126088857650757
75bf452b6730d6e41a189540bae2129e,2,0,0.35414832830429077,0.35414832830429077
75d32a8387f978cdfdbc040b14265ce5,2,4,1.606469750404358,1.606469750404358
75d610802826f390bbda0f4e11260a56,2,0,0.40487655997276306,0.40487655997276306
75d6fbb7553743b1b4231df1f327de28,2,0,0.2830441892147064,0.2830441892147064
765ac70e1d7527d06ecb6f5b7fb2247a,2,0,0.5454999208450317,0.5454999208450317
765b21a22c0ced4bd463ac18bca81705,2,4,0.8270593285560608,0.8270593285560608
7670f6b1a24f876a30afc5f33043ede7,2,5,4.558021545410156,4.558021545410156
767c041d13e5c5a89d22126d0da123f6,2,0,1.078958511352539,1.078958511352539
7680283193608f46ad4f0d95550c16a5,2,5,3.5520570278167725,3.5520570278167725
76d58aad5928c554f665a8fad600dfb4,2,3,4.012923717498779,4.012923717498779
7706a3b93d3b590af66ab5402b461479,2,0,0.4817327558994293,0.4817327558994293
773d5f35cb242573885d18d302a9157c,2,2,3.0161523818969727,3.0161523818969727
774b7c9a6f5c6a81a411cb46f697fac5,2,3,3.995039224624634,3.995039224624634
774c9b631a29f191836b1078a6c3a67c,2,2,1.685594916343689,1.685594916343689
77545268b9c0cec2fd73b7cb9e03d66b,2,0,1.1658835411071777,1.1658835411071777
7763fcb754695bb29ee869566c18168e,2,2,2.77048397064209,2.77048397064209
776c22e2a5be1a676091f53a3aae0afd,2,2,1.3229697942733765,1.3229697942733765
778bd33e4eb7fbc28402051743b78aa2,2,5,5.0002336502075195,5.0002336502075195
77a014f1f7f9ca5f6f0b32f204d4ab59,2,0,0.4507869482040405,0.4507869482040405
77c62a6092fe0e55df4ca54cb8e71923,2,4,0.5965183973312378,0.5965183973312378
77c6467a0d8f88ea46a6544c06b092b1,2,2,2.0799458026885986,2.0799458026885986
77d2d284e6b6962f2761d1d37797c465,2,4,3.3983209133148193,3.3983209133148193
77e19d39a45757f4de12589e87d83312,2,5,0.48533570766448975,0.48533570766448975
77f39327a9e1348bddc37351968ab58a,2,1,0.6205404996871948,0.6205404996871948
7801a3c5f22f0e8e303b27f61059063d,2,1,0.31281813979148865,0.31281813979148865
785d4b89a87c0714b01155d6acf35448,2,2,0.8905070424079895,0.8905070424079895
78a2c729590d6919ab84be24e27c94a1,2,0,0.261853963136673,0.261853963136673
78c5e472a9d41b66a53ac0d2b9be7cae,2,1,1.3100502490997314,1.3100502490997314
78d8d01ea0cec064b6ad7c9b283eff55,2,0,0.3421038091182709,0.3421038091182709
78df50e8abf5d8e54049be64afc39e92,2,1,1.918542504310608,1.918542504310608
78e15fff6ef70715b6f5b44caf905f97,2,5,4.576193809509277,4.576193809509277
78e3e60195790495de73121ecf24a8e9,2,1,2.32654070854187,2.32654070854187
78f6d025609979fc48e7b705561f21ef,2,2,2.382702112197876,2.382702112197876
78fa6eadfc403f3440ef91db24d387b6,2,4,1.875502109527588,1.875502109527588
78fb9c534fe83124d15dfd2b64f62e17,2,0,0.10143595188856125,0.10143595188856125
7919e7ed6bda1f641e5b7918d793edd4,2,0,0.33511003851890564,0.33511003851890564
79651b24fbb072aba80cd457ccee57f8,2,5,4.291341304779053,4.291341304779053
79c3e138e65b4bcabc078bb94f13ac0f,2,1,1.35513436794281,1.35513436794281
79d835c5885552240b7e7dd5a5201dde,2,1,0.3747580349445343,0.3747580349445343
79e7ac532c7b4052075ad6c85be3facc,2,0,0.7947149872779846,0.7947149872779846
79f2a04c4e2d558d425dc137ca300e14,2,0,0.5839560031890869,0.5839560031890869
7a11953f0c2c18ee2bec9c6fd5f4e561,2,5,4.180862903594971,4.180862903594971
7a8adc17b081d43dd1131c4a9fffdf01,2,0,-0.10090453177690506,-0.10090453177690506
7ad5685ded3cccaaed64166a7bad4798,2,0,0.6552232503890991,0.6552232503890991
7adbbe8f689e5d5c0593855b056f7019,2,3,4.536330223083496,4.536330223083496
7af6609d5476131b9810df1ec0b4a037,2,3,4.1297760009765625,4.1297760009765625
7b0067248bea443b4d8c135e4b626028,2,3,2.8764612674713135,2.8764612674713135
7b3815c05f7c7ad8535eefd39db806c1,2,1,1.5844542980194092,1.5844542980194092
7b3c5e07fd05616a34fa757f17029f99,2,0,0.6573275327682495,0.6573275327682495
7b5b2d7f86f7725b0ea4f0ed3b4807de,2,3,1.2103345394134521,1.2103345394134521
7baf8e46e8720b8b2d379d2ed3b776b2,2,4,2.502638101577759,2.502638101577759
7bd0182b68e2eaafde6ed8ad0dd6e3bf,2,1,1.1038912534713745,1.1038912534713745
7bfaebed8876423a4b7e2adec380747a,2,2,0.6972755789756775,0.6972755789756775
7c0c6effa413bf976a309753c40f8bbe,2,0,0.4314986765384674,0.4314986765384674
7c3ee27216049d5308310f02fba18dbb,2,2,0.09893468767404556,0.09893468767404556
7c440d8eb7dbda63b0b45b7773fa8279,2,4,4.38253116607666,4.38253116607666
7c779d271feb1330e45e39af542c3f13,2,1,0.7816613912582397,0.7816613912582397
7c7c95c2a7c45ea08cbc04f296cefcf3,2,1,0.5917502045631409,0.5917502045631409
7c879895184685f2ade71c54e63960d8,2,0,1.9369670152664185,1.9369670152664185
7c9d2571c6ced829b53f37465b030c5b,2,5,4.461299896240234,4.461299896240234
7ce456619c8710d5316c4ea4d03d31c9,2,1,1.9845861196517944,1.9845861196517944
7d1736b0c0faa64705faf5a52a88717b,2,0,0.0864168182015419,0.0864168182015419
7d2a0df515a32073ad405ace2d88a555,2,1,0.3482897877693176,0.3482897877693176
7d75d4e19e3190f348b45a143b777862,2,1,0.0023335199803113937,0.0023335199803113937
7d86c5e09004e3016838f192ecaac540,2,0,0.3513672649860382,0.3513672649860382
7d86f5cdc00bc73a75b43d06ef14c106,2,0,0.18355463445186615,0.18355463445186615
7d8bfadf719ab35fe6c510a667a5fca6,2,3,3.780519962310791,3.780519962310791
7daab1271531f4451d96a6d60f05cffa,2,0,0.4204341769218445,0.4204341769218445
7de45563d6b6184d1e5f7d25c1c1316b,2,0,0.38939598202705383,0.38939598202705383
7eb16e2c88f31a9d758432226a6727e0,2,1,0.8169727325439453,0.8169727325439453
7efede6ad0155034347d7f2b9e50f2c7,2,1,2.164194107055664,2.164194107055664
7f4419ddb342092c27f745f7962fa7cd,2,5,1.448506236076355,1.448506236076355
7fad834b5a2804776b9f68ce9b30a756,2,0,1.5617066621780396,1.5617066621780396
7fd7f2b3b421239d1874a2feaf76af8b,2,4,2.5952446460723877,2.5952446460723877
7fe16ebcbd851c933409e076d98c8072,2,1,0.2476961314678192,0.2476961314678192
7fea10a0ff2553d25f7e42f313da6cd8,2,4,2.398794651031494,2.398794651031494
80175c7d26a0677a08f54c5b66af1555,2,5,4.629976749420166,4.629976749420166
8035c40dd9e78b21e6fdf6461613fb48,2,2,2.9720356464385986,2.9720356464385986
80382f4336fb1864464fd41d53696289,2,0,0.4763528108596802,0.4763528108596802
80628cfdceb87d93ff1bc91e23fb5c92,2,4,3.2355237007141113,3.2355237007141113
8066a4948545b66f9ecdbe0b592dc9bf,2,1,0.6119718551635742,0.6119718551635742
80983c7885cd02c9e9df539b58add687,2,5,3.5296471118927,3.5296471118927
810146d1299127c8a68efd9925fd1563,2,4,4.475163459777832,4.475163459777832
810482a949cbe7f5cd785a1dd9f0122c,2,3,2.143822431564331,2.143822431564331
814e03e0dabe52a24961a88e331c43f7,2,3,0.17075181007385254,0.17075181007385254
816a20665b0e7ef4568ff4132da6bdeb,2,3,3.5431833267211914,3.5431833267211914
817ffb24ed7fc638921a9ecc349981dc,2,0,0.5439704060554504,0.5439704060554504
81862fbd04fd29d4ce360c92e7663b7f,2,1,2.8451523780822754,2.8451523780822754
81b6b10c60f38572abf01c112ca59646,2,3,1.1944336891174316,1.1944336891174316
81c391aa0e95da9f8cb3419bce40236c,2,0,0.45037803053855896,0.45037803053855896
81d946312f17a79100cf3471da48ac9b,2,3,4.153078556060791,4.153078556060791
81e6e8f65b2cf6495c7a009adeb64569,2,0,0.5241833925247192,0.5241833925247192
821b7c89e5f5879c21cefcdeb0df1657,2,1,2.6412718296051025,2.6412718296051025
823097b40e8a02f6e06021b87322fc58,2,1,1.837321400642395,1.837321400642395
8245e742febd6314e31245fb410ac00c,2,5,2.823608160018921,2.823608160018921
825c8dd05f247898e8a10cd19118805c,2,1,1.0749759674072266,1.0749759674072266
8261693622a5aa8b3806c8339cef066d,2,1,1.6449161767959595,1.6449161767959595
826de79f843dfb942a48c539249aba71,2,3,3.533609390258789,3.533609390258789
82736c3ebebcfa423b30dd9cdc048e22,2,0,0.5040764808654785,0.5040764808654785
82dae0379e4a414709c98eb12dd5e711,2,5,4.593148708343506,4.593148708343506
8302a3549f2fd5a7bf56ee2b26706bc1,2,4,3.6294384002685547,3.6294384002685547
831a2fad5c59622be5379646085367b2,2,1,0.254328191280365,0.254328191280365
83300a2310d4bcca4194a54e5c276af0,2,5,5.048564910888672,5.048564910888672
833808e99964a029c6d6fc2bc156fad2,2,4,2.398852586746216,2.398852586746216
833f70fdc61fdab30bf18459fe1e8304,2,2,1.3739389181137085,1.3739389181137085
835061458363b1b59aeb19f3a5d3e879,2,1,1.769173502922058,1.769173502922058
8364aaf55439cd2b1207b7bfa35d79a2,2,5,2.303687810897827,2.303687810897827
8369d7bac658189235a5d774d6ee5f71,2,0,0.5474986433982849,0.5474986433982849
836ca5d73c88ad94fb980ca3e5e65da7,2,4,3.1379992961883545,3.1379992961883545
836e53a9dcd0ce941da4e0c6d6fa399f,2,0,0.2682662606239319,0.2682662606239319
838251c48dcc5b79e95d4b9187068afd,2,1,2.662033796310425,2.662033796310425
839f825f343d05ed5eaa0ddbc5455871,2,1,0.7163506150245667,0.7163506150245667
83d0de668184afcde783b9922ec962b1,2,5,3.0331904888153076,3.0331904888153076
83ee1d7bf049b78faa15a62c1c6659c9,2,3,2.478586435317993,2.478586435317993
83ff615957c966e2f9defbc4339196a3,2,0,0.557661771774292,0.557661771774292
8421ac14e6120aeafee16003f19a9d76,2,1,0.8286954760551453,0.8286954760551453
84271b2059eff69d4cfbbb59670b8592,2,0,1.1475780010223389,1.1475780010223389
842d323ec987a756ba0c4252be109822,2,4,1.5360785722732544,1.5360785722732544
845278e764b608d4efc7a420d2bb69e5,2,0,0.1885921061038971,0.1885921061038971
846118a1d2e2fb16ce4553ba76bd3b57,2,1,0.7759326100349426,0.7759326100349426
846a48330c171d2fdeef2b0653ca8e07,2,0,0.2296980768442154,0.2296980768442154
847c0798ac88eb76035bab0da44cb71c,2,3,1.3345239162445068,1.3345239162445068
848811eccf00a2b215360b0a94e581f5,2,5,2.9025094509124756,2.9025094509124756
8488c41966af627575818380e131ffa4,2,5,4.771810531616211,4.771810531616211
84ac33bcd6d2f5efd71db64edf8dcd8b,2,3,3.1989924907684326,3.1989924907684326
84ae5b7bd213e53668fa2eeba29ac60d,2,2,1.4622975587844849,1.4622975587844849
84b1bdc06545ca9128c924dbc0b87715,2,3,4.182156562805176,4.182156562805176
84da53ac6f8828a494a0a8c52a6cd158,2,4,1.0331647396087646,1.0331647396087646
84e233a4bd768d33767d7d53acf2a96d,2,0,0.36260396242141724,0.36260396242141724
84ea71bf97d02addf393ea467a336996,2,2,0.9104971289634705,0.9104971289634705
85874a84d6fd4b14d5d9816650a6a17f,2,2,2.2879374027252197,2.2879374027252197
859651fe24367615a0f77ba556a196bb,2,2,1.3259836435317993,1.3259836435317993
85ca610ed7575474defbe00948444b2a,2,4,1.5158928632736206,1.5158928632736206
85fb392d25b2a8c56e054b2e3cf4b0ad,2,0,0.3918398320674896,0.3918398320674896
860689fad4d59ab424ba43eeea22ccfc,2,0,0.6858951449394226,0.6858951449394226
8616acbbe42003b05e4d6f007c1796b5,2,1,1.4884003400802612,1.4884003400802612
8634ef0b80d1353887839c0a4a36e074,2,0,1.1291179656982422,1.1291179656982422
867e8aabc9463fb736371750b3082132,2,4,2.9629967212677,2.9629967212677
86a0777f057b10f538767120f182472a,2,4,2.2790212631225586,2.2790212631225586
86ac44c7c69cbaec3cb234023c436341,2,0,1.5855287313461304,1.5855287313461304
86d1fcf7709618cb03e0e05b08b1237e,2,3,3.8526599407196045,3.8526599407196045
86d82664f0e63cf73f03404507a6e3aa,2,5,4.5255866050720215,4.5255866050720215
86ddea3d6e787b11f84309d8f1b69685,2,0,1.3288694620132446,1.3288694620132446
86ffb5b169bb7a72dffdf930233a446a,2,3,1.9727948904037476,1.9727948904037476
871f73f44e29b8f3da8048aaf387a673,2,1,0.36625227332115173,0.36625227332115173
87510693f49f12240fcbd3441a911c53,2,2,0.950926661491394,0.950926661491394
876d25db23f2f8ed17646186a30bb263,2,3,3.3926193714141846,3.3926193714141846
87c8e5d299ab6d6cda6c0c9002de26db,2,2,2.5144498348236084,2.5144498348236084
87e53ffce13cd04e1e3fb3c1d15f4961,2,2,2.016328811645508,2.016328811645508
88059beda72a73582082613c21cda113,2,1,2.5287015438079834,2.5287015438079834
8826e4b9c231e9b9a69a5f2e8efc815a,2,5,5.408024311065674,5.408024311065674
88281522d27ef85887810dcc0cb89b14,2,3,2.871229648590088,2.871229648590088
8868c102b37174b65ecc8fb7148a81f9,2,2,2.0955843925476074,2.0955843925476074
886c574b0b86f018967dd04de7ef6fe7,2,1,1.3778040409088135,1.3778040409088135
886f91a0a9f9a927fe33dbd434397ae5,2,5,4.90479850769043,4.90479850769043
888a60018916e6e3a5f6042e285ea011,2,5,4.267453670501709,4.267453670501709
888def072ecd54df26237e65ede1be05,2,4,2.9428088665008545,2.9428088665008545
8893b376a419a07361f32d06e42db79f,2,0,0.16268382966518402,0.16268382966518402
890d0c582d769f001e95fa6f38252daf,2,0,-0.05955246090888977,-0.05955246090888977
893a87f7fd18c11ba061c3ce4ce5f94f,2,1,0.9679000377655029,0.9679000377655029
8945d09eeb1e073e71a5a50d13447fa9,2,5,2.7876641750335693,2.7876641750335693
8966778378acb202c1d6686486ba6039,2,2,1.469190239906311,1.469190239906311
896728c112dfe5f55662f5f17656e076,2,1,0.27744731307029724,0.27744731307029724
896ad51054f2f9f44429430f3c52adb8,2,4,3.00504994392395,3.00504994392395
8982520da76f908b20b9f66c07ccc1e5,2,2,1.345058798789978,1.345058798789978
89a1979b3baf29215a093228f11372e4,2,5,4.112138748168945,4.112138748168945
89d137c7fb29df7596e6824181b7d5c9,2,1,1.8817267417907715,1.8817267417907715
89d1f67fd7ccdaa64a4438b0188a0253,2,1,0.7820743322372437,0.7820743322372437
89d67babd435cc76b1366455fd89044f,2,3,2.94761323928833,2.94761323928833
89d6d529bd9f478c421a03df16c7f462,2,3,3.357386827468872,3.357386827468872
89ed4340802efa3106d6aba76341c180,2,5,4.148229122161865,4.148229122161865
8a15e39a80cc29a4fff8c650f93e7f5c,2,1,3.274237871170044,3.274237871170044
8a197e17ca0091e9abcfb457dc24813f,2,2,0.44176459312438965,0.44176459312438965
8a21fc0aed2fd06a8b3fe4824c53413e,2,5,4.311138153076172,4.311138153076172
8a2de6d2185bec383f053b9aeaa24616,2,0,0.21696020662784576,0.21696020662784576
8a2e377920bb4f87e746d837d6ff0f40,2,0,0.22279752790927887,0.22279752790927887
8a510d59fecf6f0f07ae5d6b5b83190a,2,2,1.588735818862915,1.588735818862915
8a8a6e4dc7c935f57e8c1db91ba0abb2,2,1,1.5063860416412354,1.5063860416412354
8aaec063e9ddc9511008aaa0ae48d0ce,2,0,0.39471444487571716,0.39471444487571716
8ad12c31792813c22bd2082d91642c91,2,0,-0.11042038351297379,-0.11042038351297379
8afae6066a89c4502c86e8b308c2bb1d,2,1,0.45670345425605774,0.45670345425605774
8b0f143a34251629cd7c0d34743d3e63,2,4,4.037585735321045,4.037585735321045
8b126306391fa2af0f8bea265f2c9666,2,4,4.576169967651367,4.576169967651367
8b48c767af9bb73efebdd338e8f07891,2,1,0.6030387282371521,0.6030387282371521
8baaf0653549708b753a74d17dc4d962,2,0,0.7212352752685547,0.7212352752685547
8bc15e3da3a5793c473465b6a5e709c6,2,5,4.1151323318481445,4.1151323318481445
8bc819037a6ab2932c227d1ac800102f,2,0,0.2265944927930832,0.2265944927930832
8be88cbd606502cf980f721d57c1c794,2,4,0.46718868613243103,0.46718868613243103
8bfc4eb8d494eacb561c26623b3581ac,2,3,3.927424669265747,3.927424669265747
8c20da6a52e1d5f532c3b39e4d5fe291,2,0,0.4714779555797577,0.4714779555797577
8c287a17b24f41ff9d8db8f07c27dab2,2,0,0.5904672145843506,0.5904672145843506
8c4098041ec69a0d01df2e8d8462db2d,2,1,0.8264452219009399,0.8264452219009399
8c64bb74f16d4a6c44c9b8ea5dee8543,2,1,1.9359489679336548,1.9359489679336548
8ca6ea383b58c9ed7f3b7bdc35b29761,2,1,0.5161471366882324,0.5161471366882324
8ce7e69e255980b50a2f8a7289bce5a6,2,1,0.2363145798444748,0.2363145798444748
8cf115bf4b3942283d07e9acea23ef14,2,4,4.362456321716309,4.362456321716309
8d46a2e2abae5735ae3334c0b0fe8c34,2,1,1.3728991746902466,1.3728991746902466
8d5860e10e09ee25e066ee7fb699453d,2,4,4.185510635375977,4.185510635375977
8da76020de68a4803081fddf5c3178eb,2,4,4.246480941772461,4.246480941772461
8db1e961d6b41521345f1f36811859f1,2,1,0.9765276908874512,0.9765276908874512
8dbc8704ec25e7058252d987bb67b288,2,0,1.1545864343643188,1.1545864343643188
8dc97d161e376446e0f2a80b6dbde788,2,3,3.3373465538024902,3.3373465538024902
8dd1d17e02123008c58b1ab3652a613f,2,2,2.932957172393799,2.932957172393799
8dec7220900f4ae24015b2fabf50a48a,2,1,0.4949106276035309,0.4949106276035309
8dee9c79fba34ba0c928d28de9aa9c2f,2,3,1.2974568605422974,1.2974568605422974
8e03d0bfa55336cccbfa604e66a878fb,2,2,1.755362868309021,1.755362868309021
8e0b93677c13fa18872839b253c1b77d,2,0,0.4017827808856964,0.4017827808856964
8e25daf57ff5b9ee0053514ee21ad9b6,2,0,1.09618079662323,1.09618079662323
8e773fa13d562c5774c3617889b1578a,2,1,1.4859784841537476,1.4859784841537476
8e81ba898f016bb52c0cf59faa3af526,2,4,2.5658116340637207,2.5658116340637207
8e8cadb3e802b1f008e5f6034d39fb1d,2,2,0.828276515007019,0.828276515007019
8e8e466ee8644a88c48ff4decef87949,2,0,0.3703310489654541,0.3703310489654541
8ea670bea099a4d37688e0bd5c400dcb,2,4,3.959108829498291,3.959108829498291
8eb0f13107ef73e6a6b0e6485cbdc99e,2,1,1.300162434577942,1.300162434577942
8f08fea7cd2b67c68a1b388b197b6ff1,2,1,2.084977865219116,2.084977865219116
8f151ad9af432f235c2533cdd7942293,2,0,0.369703084230423,0.369703084230423
8f4163f9e76ce4d47678985228bace09,2,0,0.03394357115030289,0.03394357115030289
8f4389cc541dbe6eb4bcd793d0626891,2,3,4.551082134246826,4.551082134246826
8f5224f9f16da9ca8e92a05013132b4c,2,0,0.2871183156967163,0.2871183156967163
8fae0151f134c7499934dfe20c700eb9,2,5,4.067939758300781,4.067939758300781
8fb2c0cf4f02d156bf2f9511b680a25e,2,0,0.4469775855541229,0.4469775855541229
8fccff804b4b917572a6bfa3f32b3132,2,3,0.8762282729148865,0.8762282729148865
8fced11c69f98368c493a9fdb733544c,2,5,3.765536308288574,3.765536308288574
900ca15382fabf04c7b62af369e0b551,2,5,5.202878475189209,5.202878475189209
90155f31bd058a8f7b959346103bdc0c,2,4,5.130170822143555,5.130170822143555
906a29d46ae1aa8cd2d3b50842646f29,2,2,0.5263186693191528,0.5263186693191528
90b662751c94e02232830cc4b5d2db16,2,4,4.111325740814209,4.111325740814209
90f40766a31a51bef3e27e361a65fbd4,2,5,0.27400803565979004,0.27400803565979004
913deddeb87c740ad4e8745ab3aa5d97,2,0,0.21447007358074188,0.21447007358074188
9158baf42019752ef196d31796e7a768,2,5,2.3300464153289795,2.3300464153289795
915a1e409a2d3349835d09098e364658,2,5,4.061442852020264,4.061442852020264
916fdbaf13e4d2cf296f9b4298509fba,2,0,0.5125836730003357,0.5125836730003357
91715bd01b55f5f06db540218cbb312d,2,3,0.7637238502502441,0.7637238502502441
91c81d3cfa563c09806fa385c628294b,2,4,4.105820178985596,4.105820178985596
91f229c6985c3c53afcb9e14a6d92e9f,2,1,1.7931302785873413,1.7931302785873413
9211e2a55ae8c8499c0a3bfd6fe63fa4,2,1,1.263123631477356,1.263123631477356
9212335e35c3c551a8c6318f772bdad3,2,1,0.8128170967102051,0.8128170967102051
922a6f76e21a80e5163ab59395b3cd8a,2,1,0.877098798751831,0.877098798751831
9269a7b94ac73d384512a87c1b38fd5a,2,5,4.3065290451049805,4.3065290451049805
926b6d653f692d2221544f859d5418f7,2,5,5.06245231628418,5.06245231628418
92c47e36f3e35b80eb8798558ad37e10,2,3,2.8898026943206787,2.8898026943206787
92da77a0c27bec421940eff2cf7ffa44,2,1,1.215787649154663,1.215787649154663
92fa83d9c589d7c819d52fd8ab461241,2,3,1.3650723695755005,1.3650723695755005
9335fbc722c3feb51e73c142238a0751,2,0,1.3225922584533691,1.3225922584533691
934c0766674a11be1e32de11110ebb0e,2,3,3.3470826148986816,3.3470826148986816
93ae02548272362cf8d6c949018670cb,2,5,3.0597286224365234,3.0597286224365234
93f72dd7ec242504056611151fff2dc5,2,2,3.049622058868408,3.049622058868408
947d9dc594fe52b86afafc2d15bdfc98,2,1,3.7612366676330566,3.7612366676330566
94a84606c04b44e34a2ceeaed0dcbc76,2,0,0.2857212722301483,0.2857212722301483
94c205e8b05cf240044de9c9a13ea071,2,0,0.5591434240341187,0.5591434240341187
94de92cb54c50c8f9fab0e17d360041d,2,5,5.503561973571777,5.503561973571777
9516b3bb0d6eded8a3095266dc373ad1,2,1,0.4476393759250641,0.4476393759250641
9518fc0f7ee2483168d18fe28e0d0083,2,1,1.3536221981048584,1.3536221981048584
952354b1360e43574f629bc9fd33279f,2,0,0.9206518530845642,0.9206518530845642
9526ed25cd1ac4113139593575131cd1,2,1,1.3459981679916382,1.3459981679916382
955f09b99664b07b0cf18768c84f2253,2,5,3.4788944721221924,3.4788944721221924
9574cbe7791aa300f38a95ebed823276,2,0,0.6665701270103455,0.6665701270103455
957c6cf443a82d55f348284784fe6324,2,2,2.188662052154541,2.188662052154541
95934fe39402403648eefd57c9be8692,2,1,0.7758722305297852,0.7758722305297852
959bfd3628a41ea05df15aae9be26b66,2,1,1.0309302806854248,1.0309302806854248
963cdce0573b4883f8c416d9808d6e84,2,1,0.24646733701229095,0.24646733701229095
96415990a25ee1d758a8bc7ae97d593f,2,0,0.9089443683624268,0.9089443683624268
9690259f4f121c144d9510abe6818a4f,2,4,4.270479202270508,4.270479202270508
9698217c3f36f906a5b44eff5ff971bc,2,4,3.039452314376831,3.039452314376831
96b25c6d10a1c6c3814433b014afae0f,2,5,4.47389554977417,4.47389554977417
96f35710cd558b3fd598a2ac159ddf27,2,0,0.1726686656475067,0.1726686656475067
9741cdc1c51f48c18871789cdb8491fd,2,0,0.5269206166267395,0.5269206166267395
97425535f7cd9edbfdcebb3d9fdce17b,2,4,5.152894496917725,5.152894496917725
9761fb9e15e37b85ea603dbedd0db804,2,4,1.524149775505066,1.524149775505066
976cdb4e80ba727b2615966a604f541b,2,0,0.9532471895217896,0.9532471895217896
977d38c17c1f872ed1c550c52e984986,2,5,4.585946559906006,4.585946559906006
97845cbd34d7c2f9ea7d76fa931f5412,2,2,3.922658681869507,3.922658681869507
979eda484717cd406350e95df7862329,2,2,0.3418342173099518,0.3418342173099518
97a05e9e27faa5d82ad5314364b74173,2,0,0.17813371121883392,0.17813371121883392
97a83309575b765469e6a09250d92170,2,1,2.2390663623809814,2.2390663623809814
97d04624149987d7078075ae79e0f36a,2,1,0.5790744423866272,0.5790744423866272
980231066d0cb7d43fc3993e6fb2f619,2,5,2.990316390991211,2.990316390991211
9825a1b0d9fd541a2849af0880927c88,2,3,3.993532419204712,3.993532419204712
98437e99d54122b62bedf58038f1db93,2,0,0.8491394519805908,0.8491394519805908
9848ee7cc45f7cd373b155191085f06a,2,3,0.4618997871875763,0.4618997871875763
9858e810bb88db4a43c7285c3bcf2f37,2,0,0.8026241064071655,0.8026241064071655
986d2e993e13ef22c77e011feead1079,2,5,4.872143745422363,4.872143745422363
988c264d9ed6d1d26345b3a938ba1998,2,0,0.18317069113254547,0.18317069113254547
98a3c3ff00d219ad6bdbf763af34f03e,2,5,4.171375751495361,4.171375751495361
98a4ecddc18f1fb75a9eb0c75406c278,2,4,4.346621990203857,4.346621990203857
98ad56445792bbc98832ffa0e4f821fb,2,1,1.549723505973816,1.549723505973816
98b098ac7f86f041aa737f9eaa4429bb,2,0,0.2645034193992615,0.2645034193992615
98d7667df6f6ac24f4308cf432868d80,2,2,0.7607641220092773,0.7607641220092773
990cfa4d540e7a0a0e90dd79bb82a527,2,3,3.5832207202911377,3.5832207202911377
990fcc12a9f6556f270bba5732815b50,2,0,0.28597334027290344,0.28597334027290344
9928acf6905a4a2542f6bb7c4748c89d,2,3,3.9660720825195312,3.9660720825195312
995fed12984c02ca98b247732ea080c1,2,1,3.0381338596343994,3.0381338596343994
9962fd78160191c674d0032acc13c4a7,2,4,3.6853578090667725,3.6853578090667725
999a911f00a8647b3603859bf62c8c11,2,2,2.820049524307251,2.820049524307251
99a41a5e8adfc6b7589ea4523484e217,2,1,1.7836804389953613,1.7836804389953613
99a853d64658ebefa3f3ad008d4d9fcb,2,1,2.6950888633728027,2.6950888633728027
99c6fe26241ccf3a84ef771506d99fa2,2,0,0.20821233093738556,0.20821233093738556
99cc5f5b9f1a86c14dc1970defb07799,2,1,1.2077021598815918,1.2077021598815918
99d7160bba4f712fee688794520b4137,2,1,1.0790584087371826,1.0790584087371826
9a132baeb5431f2b38862baff1c367c7,2,2,2.797231435775757,2.797231435775757
9a4f94a859e0553fc06a21fb30fa86cd,2,1,1.644422173500061,1.644422173500061
9a6168de2cb3b67a0473fa5a5f0d9115,2,0,0.21118669211864471,0.21118669211864471
9a8507fd23867a02a98fd29bbca819bd,2,0,0.2211967408657074,0.2211967408657074
9ab4806f720670ade4e94f6085f36e9c,2,2,2.729405403137207,2.729405403137207
9b1ffef735e7269deed27dd7e8db6b42,2,5,4.144790172576904,4.144790172576904
9b502095417b17febdd678bda972cf80,2,2,3.595533609390259,3.595533609390259
9b56f501c6765027cce8a1a8ad797767,2,1,0.5036627650260925,0.5036627650260925
9bb08719f4422442cba4253b2ba34b62,2,0,1.2658745050430298,1.2658745050430298
9bce8bb47c22ab502ed7266e2e3762c0,2,0,0.18801383674144745,0.18801383674144745
9be75d21da501c45d6e6b2f5e859a7a2,2,0,0.20346829295158386,0.20346829295158386
9c06df878518778e3680ef07d6589fdc,2,0,2.1281301975250244,2.1281301975250244
9c0f575d90a8281e6600f490ea79b9ee,2,0,0.38796716928482056,0.38796716928482056
9c181659ec10a2d3c0d61ce45ef6d16b,2,5,4.533174514770508,4.533174514770508
9c2eafb5480094f718bc40213531b7d5,2,5,3.775452136993408,3.775452136993408
9c5f79aa787a7462a986e26d1ba850d1,2,4,2.448964834213257,2.448964834213257
9c6f467ce81f20c99c0254250fb745c6,2,1,2.6471970081329346,2.6471970081329346
9cb13cca3ac6868be386485a3cb6141e,2,1,0.8061494827270508,0.8061494827270508
9cb1fdd0889a10da0497afa89ce2cd98,2,2,2.0458648204803467,2.0458648204803467
9cc2751013da725b91b353552f749d04,2,0,0.3633618652820587,0.3633618652820587
9cce5d6a3416ccdff35bc0a9eea562ca,2,5,4.708007335662842,4.708007335662842
9cf499926b48d9cafb7d952e1e9f725b,2,1,0.8456239700317383,0.8456239700317383
9d06c9352a9eefe7160f82932a6013e3,2,0,0.5581951141357422,0.5581951141357422
9d1bda4d28af5a9f5d1d96833cec1728,2,2,3.650505781173706,3.650505781173706
9d2cf28b4676e95c28b3e09604912463,2,2,1.6802611351013184,1.6802611351013184
9d4c9c906da48df59aaa7e1cb02b6f3f,2,0,1.2849643230438232,1.2849643230438232
9d53a24212ba6cb0107e681d9e39a9cc,2,2,1.1798096895217896,1.1798096895217896
9d71b6e91cbc9477bc21247c3c13fb4d,2,1,1.4937541484832764,1.4937541484832764
9d8ab96e43f381bff9816daee10b7100,2,4,4.120065212249756,4.120065212249756
9d8e32fdf40bf2b027f3847e67a3ae13,2,2,3.071082592010498,3.071082592010498
9d917845ea26f2d2a33790c2a755ef8e,2,0,0.2348431646823883,0.2348431646823883
9d9bd3cca3f59a198ab1d9dd5e5d0dd2,2,0,0.27212563157081604,0.27212563157081604
9dc4c474c8f4f01ec503bdcd3043e10a,2,1,0.4788454473018646,0.4788454473018646
9df245b977114ae9df07bc5aadaaf841,2,1,1.35997474193573,1.35997474193573
9df49d12d43e709cb6b1f4c5878e8917,2,2,2.539608955383301,2.539608955383301
9e0fa510b3e5a89ab765dfa48957a4cc,2,1,2.6091394424438477,2.6091394424438477
9e3b074837049467ea4802ae9815ed2d,2,1,1.0443675518035889,1.0443675518035889
9e5184539ff152c09de06033c1e4260e,2,0,0.1703002154827118,0.1703002154827118
9e58c05c9e897384e5984a01d95ef6f0,2,3,2.699540138244629,2.699540138244629
9e74ea34a09e4cc1707165181802c62e,2,0,0.7280880808830261,0.7280880808830261
9e89237d1483cf290f0d69c5e62c8f98,2,0,0.2843071520328522,0.2843071520328522
9e91403033e4553daef286da9884d860,2,5,4.7641143798828125,4.7641143798828125
9ea3d5c55a62b585a16189609d7146f3,2,4,4.024079322814941,4.024079322814941
9edf591d741baf346fc1ff0f42dd4ddc,2,2,3.052558422088623,3.052558422088623
9effeea56c413b92340b89d1240769c1,2,4,3.4360194206237793,3.4360194206237793
9f0b35ae59e3b5898cc4a5b4401e571c,2,0,-0.17457622289657593,-0.17457622289657593
9f2739434a4444b74f5cbe8888a77ea2,2,3,1.4792076349258423,1.4792076349258423
9f3e77cfdd5dd3cb3de45467d5795bf4,2,2,1.0605010986328125,1.0605010986328125
9f417ac219c2a547808dd1c143f66e27,2,0,-0.19708645343780518,-0.19708645343780518
9f68d1f1028d1c00612bdb13e20315e0,2,0,0.6448892951011658,0.6448892951011658
9f6fcbd6ab5f8b996cbd99d795b8daa8,2,2,2.6894328594207764,2.6894328594207764
9f7ee4a75044aace7725bf008d651003,2,3,2.2211530208587646,2.2211530208587646
9fa83904c27e09a6403eeb8dffe0b292,2,1,1.0406651496887207,1.0406651496887207
9fbd2b9d9b4c1f0b811515ea0d762d61,2,0,-0.370099812746048,-0.370099812746048
9fbfd81ca751d31d6d3e776b1deb4fdf,2,0,0.49110493063926697,0.49110493063926697
9fcd098c5a32cf1aa1a3bc8128a7daaa,2,1,0.8832218647003174,0.8832218647003174
a0150f4d6d9f6f3b2b5a240b099df000,2,2,2.3620545864105225,2.3620545864105225
a038e9e20eea794b83a8b68c128b77fd,2,2,2.990671396255493,2.990671396255493
a043e7be47fa98c814af7969a55f8bc6,2,0,0.21522504091262817,0.21522504091262817
a05ded7fe107cfdfcfc8f644fb2d7313,2,0,1.6366713047027588,1.6366713047027588
a068d48cb0127a48b4b8c8574b39a2e3,2,3,3.008039712905884,3.008039712905884
a0790fe0ac5caff880dab06f0218f3d4,2,1,0.8660166263580322,0.8660166263580322
a0b7d920c249437e4e7aea315df4a0a0,2,0,-0.19419638812541962,-0.19419638812541962
a0c04a4f156d76aa695bb9264c1bc0b9,2,1,1.2557629346847534,1.2557629346847534
a0df9f687c355120bbaecf0b38d21181,2,0,-0.19063012301921844,-0.19063012301921844
a109197ed889dd998c52e3f9d0bd98f0,2,1,1.4601919651031494,1.4601919651031494
a10cb9e1dcf60863dba57e77c45de0c5,2,5,4.795476913452148,4.795476913452148
a10e936390d9d140fd8249c9098f024c,2,2,1.317827820777893,1.317827820777893
a12ac7f1bc26fe59d642674fcbe45a30,2,4,0.737959623336792,0.737959623336792
a1385e79c61705772c03a7cd134c72e7,2,1,4.444724082946777,4.444724082946777
a1485cb170009263e6cf78e944c9c9de,2,1,1.5592288970947266,1.5592288970947266
a184260ef13d42e03b958406346024e2,2,0,0.09244289249181747,0.09244289249181747
a18b8758447c5791c60f0b1ae0f7a653,2,3,3.1613223552703857,3.1613223552703857
a18d6821151df6f86203ed6812b285ab,2,0,0.23164917528629303,0.23164917528629303
a197f9bef5596491c736c23a58bbf414,2,1,1.829967737197876,1.829967737197876
a1abdacdaaa93b69a92c68cb5edf2560,2,4,2.4095194339752197,2.4095194339752197
a1edceba3500660a6c75be946b20242b,2,4,4.1200032234191895,4.1200032234191895
a21883271d639dd8a43500a847521e52,2,0,0.21427348256111145,0.21427348256111145
a21c88c3d7c1a95eec2fdc7300fdfee0,2,1,2.639711856842041,2.639711856842041
a24b080f675c02897a4e71f96b194fb9,2,0,0.5723769068717957,0.5723769068717957
a25f2880d2b6ab6f5fe7496ac083e51a,2,5,4.268631935119629,4.268631935119629
a26721b3a8229e8e5e995f7a4a7974f8,2,0,0.9339240789413452,0.9339240789413452
a279b450a867eb7acc4d2ef0731b3352,2,3,3.1906931400299072,3.1906931400299072
a27a666f057315f08ce43d8da423e8ea,2,1,1.6112329959869385,1.6112329959869385
a2847e414d4c2268731dbfe0281c0123,2,4,0.5456342101097107,0.5456342101097107
a295b26b9db32ad2795fcdeef1d853db,2,1,2.1264514923095703,2.1264514923095703
a297718b506a50b158f9ef2f2bce9e58,2,0,0.26994988322257996,0.26994988322257996
a36875e181db085aea379748f6664b10,2,3,3.937040328979492,3.937040328979492
a36ee9f2bc558182239d85d1f7a74e9b,2,3,1.3416290283203125,1.3416290283203125
a3bf6f7cc8d798b1a4516f91837e4cdd,2,4,3.6673548221588135,3.6673548221588135
a3d3ad2b05d3291a3353f6d2fa2f7245,2,1,2.494630813598633,2.494630813598633
a406463af22a5935dd7d7665d1443b14,2,0,0.44837716221809387,0.44837716221809387
a4119823dddda4b7cd9be59893173b0a,2,0,0.22056739032268524,0.22056739032268524
a4a2fd952751874e50b0ee6d4aff0081,2,2,2.6261394023895264,2.6261394023895264
a4a9813dc1218352743e38dc85c53f0f,2,4,2.4549100399017334,2.4549100399017334
a4ef4e6aecb75b4af94a115045b0b0d7,2,0,3.307612657546997,3.307612657546997
a4fe6a765a5d525015f97f2f967caa67,2,1,1.2829698324203491,1.2829698324203491
a53a67696219b002aa38d0f425de817d,2,0,0.19882266223430634,0.19882266223430634
a55cc8df950bcadf4cd61ff470d74246,2,1,1.9793518781661987,1.9793518781661987
a563935d922002ca4819f2490eb7be17,2,0,0.2271403968334198,0.2271403968334198
a59b754e6ae29ba224e7422995ebb5fe,2,0,1.382853627204895,1.382853627204895
a5a27468f2a7a299cb8b952abb941705,2,2,1.7512257099151611,1.7512257099151611
a5c070a1bff740fb05683f14886888e7,2,0,0.43559542298316956,0.43559542298316956
a5dbc558ca9c9612b608645238c15129,2,3,2.428666830062866,2.428666830062866
a5ea6ca256cdb4a7723bd483d5d5ec5b,2,1,1.2975106239318848,1.2975106239318848
a5f8aa93183d002e62df16a0891ace20,2,0,0.5158765316009521,0.5158765316009521
a5fc7a2b37df563ea4ecad2d5c5b4778,2,3,2.4596011638641357,2.4596011638641357
a65a095302fbc94c8e21ae65e1ccd17e,2,1,2.8987972736358643,2.8987972736358643
a65a4942b32e64ab56e8128575f81f9b,2,0,0.36934348940849304,0.36934348940849304
a6c30b9c00539ff6e70c8fc774232c61,2,0,0.44386690855026245,0.44386690855026245
a6da01c66cfebf7492f28f70bae9b5de,2,1,1.6624442338943481,1.6624442338943481
a6f080dbb9bf42ed3e8510972595c71c,2,5,4.6625518798828125,4.6625518798828125
a712e62023246ce138c377b93660ee69,2,0,0.15667523443698883,0.15667523443698883
a733ebe1241b7fbe187b49b7b5853f7c,2,2,2.235440969467163,2.235440969467163
a798f33537433d71e8e219b26a2c7ec2,2,1,2.2437148094177246,2.2437148094177246
a7cee2b597ea38b1bd3e4757652a913f,2,0,0.7034430503845215,0.7034430503845215
a7cfc2043ca954c4295c895a39c16d58,2,3,1.130585789680481,1.130585789680481
a7f12fc7f665bc039d7eb3c4b08bc1c4,2,4,2.3344247341156006,2.3344247341156006
a807e60ff7d13f837e27c6fb39eb6986,2,1,0.26120495796203613,0.26120495796203613
a8361109aecfa0496bd7ffe3d2520f70,2,1,2.1464450359344482,2.1464450359344482
a880877c39bb56738db55b44336087c8,2,3,1.5528227090835571,1.5528227090835571
a8a951c084f704fb77c2a3ab1c21b474,2,2,3.181781768798828,3.181781768798828
a8b8f6be7310d77eb7e785e2f341a137,2,1,2.628469944000244,2.628469944000244
a8c2db370b41d0dec801656b9c3d0014,2,1,0.35063645243644714,0.35063645243644714
a8ddb6294c3f4b9123471e92b3947b20,2,1,1.1934362649917603,1.1934362649917603
a93b3dcce91f31062dc01695f43cc8ba,2,0,1.204649806022644,1.204649806022644
a94d63bd5c038c48f6a280233c3c7dd5,2,3,2.9487876892089844,2.9487876892089844
a954a0cc5ddb665162f367e46e4c5a39,2,2,0.2583003640174866,0.2583003640174866
a9602c1b9f465f9d3ca9f41084a6c64f,2,0,0.29387542605400085,0.29387542605400085
a9b1aea89f22c5e1bddc012a2f4c8544,2,1,0.7497271299362183,0.7497271299362183
a9b5352dfb32a821700f5d6876baa479,2,0,0.6357468962669373,0.6357468962669373
aa082e66a044358b7222c7e2fb499a2b,2,3,0.5384019613265991,0.5384019613265991
aa47209a146185e3bea1fa18b904304a,2,0,0.24624459445476532,0.24624459445476532
aa62014192d20318e7dbf1ccb091499d,2,3,2.84049391746521,2.84049391746521
aa9be7d9f82e983d21e2746078b877d9,2,4,2.4757635593414307,2.4757635593414307
aad4f67da18c05c09584db6539fded5d,2,4,5.089380264282227,5.089380264282227
aadf3a115d8d11e9dca722fbc2f8b783,2,3,1.5054868459701538,1.5054868459701538
aae4be2e608ea6085e8f8b0f6f363d85,2,4,1.9154486656188965,1.9154486656188965
ab106ca32e9155aa7e68eabef8e2ed59,2,0,0.6920926570892334,0.6920926570892334
ab2c9cfe67295b5df71b9d40d827ced5,2,0,2.0550599098205566,2.0550599098205566
ab3b9c0f10098b0f08c7ea3727c12c13,2,0,0.20534487068653107,0.20534487068653107
ab7efde9d27f2e403ce778a9df21f8b1,2,0,0.3513090908527374,0.3513090908527374
ab969bb57aa412236a7cd33f64114030,2,1,1.3224178552627563,1.3224178552627563
ab9737067730d88528e4f08a6ca140eb,2,0,0.3517402112483978,0.3517402112483978
aba474656aab9e8efc7c8c512fc1fb48,2,0,1.5370749235153198,1.5370749235153198
abba5b7ada8a44b12d3d95a5fdfc4c64,2,1,2.3964622020721436,2.3964622020721436
abc872001f80c10758f4b425c8f9ab03,2,1,1.1076997518539429,1.1076997518539429
abe3d765d3830059440970e02620041e,2,1,2.1177210807800293,2.1177210807800293
abfa45d8a5a8615362ec7e70e7f57fff,2,0,0.6436663866043091,0.6436663866043091
ac07fd6531d7536124ceab1990d5227d,2,5,4.957080841064453,4.957080841064453
ac2d6fd1aa1fe717c00e97b132ebc392,2,5,0.8068784475326538,0.8068784475326538
ac32c2c755e496c5e7bc1949b78d36c9,2,1,2.3473329544067383,2.3473329544067383
ac8233bf21aeeceab62509f436f8449a,2,5,2.525272846221924,2.525272846221924
ac8dd5aad49e4404fb74adb43e041a9a,2,1,2.6015827655792236,2.6015827655792236
ac958e777983e02bdd9f1037e2cc3f1b,2,3,2.6405138969421387,2.6405138969421387
acc092b7ff833d1d9853a2efe449e66e,2,4,0.5106439590454102,0.5106439590454102
accd14af27733e4a820b6db8c88d50dd,2,0,0.2085295468568802,0.2085295468568802
acd9afcc1ca7c5ad56bf3a16f831b291,2,0,-0.172257661819458,-0.172257661819458
ad0c63c4474947e4fe009453a3a6147d,2,1,1.1148656606674194,1.1148656606674194
ad43231f9614e857768154736232fc34,2,2,2.3559839725494385,2.3559839725494385
ad5d1bfe1f9da2bc7439ed54da5f4e46,2,3,1.0684638023376465,1.0684638023376465
ad6cd27268b3a281cf1da1b9cc750dfa,2,1,0.1338796466588974,0.1338796466588974
adbfb2f1cecea96a904bd46ac74ba2f6,2,3,2.803684949874878,2.803684949874878
addfcd0294884a0539e9e6a39d07c7bc,2,1,1.1273993253707886,1.1273993253707886
ae026ae626a0a236801d36f52b7ab8e4,2,0,0.20309828221797943,0.20309828221797943
ae0dc2c2d5aed206f4ce5c529684580c,2,0,-0.05824416130781174,-0.05824416130781174
ae57810f8bfc53392b2001d9cc684cde,2,1,0.9788823127746582,0.9788823127746582
ae63763dc4f4fad673ec942dfe1c0ea9,2,3,5.045588970184326,5.045588970184326
ae70836082d20c61d8dd1f1600674698,2,0,0.2555326521396637,0.2555326521396637
ae8098ce32f49e4b96dda2dd5e02db2c,2,4,2.737830400466919,2.737830400466919
ae91c33b37bf459a7e10f36209548637,2,4,0.5720744132995605,0.5720744132995605
ae9c53b32653368de19c3433eb91b6d9,2,0,0.6469646096229553,0.6469646096229553
aeaa36ea58cad0b8121e59321ef1d41e,2,0,2.0116372108459473,2.0116372108459473
aeec9f0bc83c16e7128b26e41a4d7ff4,2,4,4.422793388366699,4.422793388366699
af0ec460089bee815183685c869f8631,2,4,4.925992965698242,4.925992965698242
af13aae2257702c758b4a1a8d59d278b,2,0,0.0759783685207367,0.0759783685207367
af34155bb150ec04e0a358815337876c,2,5,3.4162635803222656,3.4162635803222656
af48aa2477b1f92d2b98a6eb6993873f,2,1,0.2953968942165375,0.2953968942165375
af931670d9111cee444281fd1b8d1dec,2,0,0.05225708708167076,0.05225708708167076
af964131a5f92d123d0fb1061e7aa24a,2,1,0.8870217204093933,0.8870217204093933
af9a7c64f3218dcb1ed01cc10d3f7e50,2,1,2.4527761936187744,2.4527761936187744
afa5ed8df00c981e8e4db6ba7799472c,2,1,1.857701301574707,1.857701301574707
afa70cee560c0b557c12a0cf0ca7611f,2,4,3.3147976398468018,3.3147976398468018
afba29a2f7c57d2f2f1f0806f14001ba,2,1,1.125973105430603,1.125973105430603
afcc959577d3801b2e2ae0762347f1d1,2,4,0.9614037871360779,0.9614037871360779
aff9deb3016a3ba5db5a5edb22ecc982,2,1,2.2559831142425537,2.2559831142425537
b0125c3b9ddc46c75cef969b6a2b8854,2,1,0.82546067237854,0.82546067237854
b0664a3b144f7f75e5620930a0a1a0bc,2,5,2.528566598892212,2.528566598892212
b06a67b1cfc4b815fbe169d323633c3e,2,4,4.252464294433594,4.252464294433594
b09983414eb11c9fb676f29db50f32e2,2,1,2.270287275314331,2.270287275314331
b0a92a74cb53899311acc30b7405e101,2,2,1.4027594327926636,1.4027594327926636
b0d8837a448cda944694a01d825bdab8,2,2,0.9184854030609131,0.9184854030609131
b0de7c7d835587ccfe43edd3eb647817,2,1,1.3979512453079224,1.3979512453079224
b10aafff8d0a4c426090fc772b6075f0,2,4,0.8248617053031921,0.8248617053031921
b11087a73392df3c8b07abea19b5c3cb,2,1,0.20870475471019745,0.20870475471019745
b1114c073fca61e3458f31b3c3a5b155,2,0,0.45443084836006165,0.45443084836006165
b133f9748d2e61bbd5bd7b55b60157fe,2,4,3.908824920654297,3.908824920654297
b15ee85e92a380eb49fe71b675108ca1,2,0,0.13348707556724548,0.13348707556724548
b1b0e643bd13df0d2bfc1b051e2bd0fd,2,4,3.8332698345184326,3.8332698345184326
b1c86b81cf8904d2e951f6123c49ae42,2,0,0.27418196201324463,0.27418196201324463
b1f57416afc064e5b995a56d90a45992,2,1,0.32522183656692505,0.32522183656692505
b1fbe9701b14bf285318abcbf002d5ea,2,4,4.471456527709961,4.471456527709961
b22a805186b5c95212db780854e5d2fe,2,4,4.211228847503662,4.211228847503662
b2359ffb56315ac0a00d11f756809797,2,0,0.5516128540039062,0.5516128540039062
b2580e9975eb5b277605072db2785d65,2,2,2.027533769607544,2.027533769607544
b25e5ec86bdfecb9335f0e683acfda87,2,0,3.9630258083343506,3.9630258083343506
b270f117baefdd746d465fc108dec021,2,4,4.294354438781738,4.294354438781738
b272895e4dc95112031833596f94621a,2,1,0.6205594539642334,0.6205594539642334
b28f0f94ebc50f79d1b03cf0c0baa335,2,0,1.528484582901001,1.528484582901001
b2a95b7179df7147ff66d41f1b8ed8da,2,0,1.0425177812576294,1.0425177812576294
b2ada20a8d9c8430f1fed224cd0aa33f,2,2,0.9827664494514465,0.9827664494514465
b2af2b481ff84df45b02df098e9a8e46,2,3,3.8933093547821045,3.8933093547821045
b30b0cebda476de77bec3bff2374cf68,2,0,2.483902931213379,2.483902931213379
b30b101c780f77ea4259357bc22ff1a8,2,3,3.3124263286590576,3.3124263286590576
b31d1678d2148a94702ffa5bd6ac3aba,2,1,2.8587558269500732,2.8587558269500732
b339154c789a5103d16f3cde70f20fb9,2,2,2.6359546184539795,2.6359546184539795
b3438f39bb7db17a8c77e5520613de21,2,2,1.0761539936065674,1.0761539936065674
b3469d2d96c5bb08f7bd3464ed5afa1b,2,1,1.3053282499313354,1.3053282499313354
b353c4f536a4a45c93cd2908138662e4,2,2,0.6986353397369385,0.6986353397369385
b35a329a109e2b210463e639c8141f39,2,2,2.9450793266296387,2.9450793266296387
b35fb32a848595f93b1d4b0700b90478,2,5,0.7309360504150391,0.7309360504150391
b363351dfb3083c273593c99c25f92bb,2,1,1.3897501230239868,1.3897501230239868
b39e17375ec90340ba1c191716858c65,2,0,0.30178114771842957,0.30178114771842957
b3c456ccff7efb1395391f6aef8d3c08,2,0,0.40996497869491577,0.40996497869491577
b3c9178d328c9a8362be6b7a55614287,2,2,2.3874094486236572,2.3874094486236572
b3d92ec401c16ac2a042b6207bb9c2d1,2,1,1.1628425121307373,1.1628425121307373
b3f95c218c30f8837966918de5568f00,2,0,0.3450004756450653,0.3450004756450653
b41b3c6ef6d6f620708f59026be02f94,2,2,2.107281446456909,2.107281446456909
b463add08c217ce6678245a9873e38fe,2,5,4.236051082611084,4.236051082611084
b4792bfb6689086e7ca4541a25d35b95,2,1,0.40750688314437866,0.40750688314437866
b4c996e7f07d1193217664a4fbbfa704,2,0,0.1896747499704361,0.1896747499704361
b4d3c41aba928969a95504bcd3f39c3b,2,1,0.8493872284889221,0.8493872284889221
b4e08e6d553dc328d3cb6da3f33b9455,2,0,0.8377161622047424,0.8377161622047424
b4e8ce3fdf69e46eac26d7282e2af0c0,2,5,3.9166486263275146,3.9166486263275146
b4e8ce5eaf3f05ef63de22271519421e,2,0,0.6143670082092285,0.6143670082092285
b4ec9258133fcb21d9c99fc2ae9d134e,2,0,0.504006564617157,0.504006564617157
b502324488d82fb0e428d5bc4e0cd36b,2,4,1.1479182243347168,1.1479182243347168
b529ecb39eebc7e677343bf0729195fa,2,0,0.3308071494102478,0.3308071494102478
b57e87397f4281b1d3a918c7bd2c9e3a,2,3,3.1174657344818115,3.1174657344818115
b58d4168888e852385cc411b9bf9b783,2,4,3.534559726715088,3.534559726715088
b5ad6c0446b987d1f33df121e2512331,2,3,3.557076930999756,3.557076930999756
b5bf177959a032299f8cde134ff99b4e,2,1,2.0827419757843018,2.0827419757843018
b604630290e6316c1cbc586733ed08c1,2,0,0.22365517914295197,0.22365517914295197
b60e1ed2d6077edc44a270f349ddc1c1,2,1,1.2038819789886475,1.2038819789886475
b63cb3edc68d3cb04a7b192198db420d,2,5,2.310642957687378,2.310642957687378
b643e2b264348f36e8dfff03d78d193f,2,0,11.052331924438477,11.052331924438477
b64b0fc3bbfde95fb265773a61962813,2,1,1.24839448928833,1.24839448928833
b6629fd3b3db7a394296fa51a657c3cb,2,0,0.21183077991008759,0.21183077991008759
b667f22fcffe74c3c719b11c6d53cdb8,2,0,0.36172783374786377,0.36172783374786377
b66a0fbe0258c696b784cb1425be4720,2,1,2.4556570053100586,2.4556570053100586
b6755c19d24b7d3f8e0074c3ba9d32ba,2,2,1.3616769313812256,1.3616769313812256
b67a1f72157cbe1386b5b159d3128173,2,1,1.3366557359695435,1.3366557359695435
b6b310cbbe944d7bbe95811a2a6178ae,2,3,2.302988290786743,2.302988290786743
b6bd9248ed2b894808d5a922f8c32d9f,2,0,0.5932104587554932,0.5932104587554932
b6caae06b4beb99c7c855370f080e19d,2,2,1.0497984886169434,1.0497984886169434
b73b4c7b75abb24dd816641cd3a6f24c,2,0,0.11071170121431351,0.11071170121431351
b73bbfdac8fa640a792316345615b313,2,5,4.477667331695557,4.477667331695557
b77c336bc0171afc713510eec35a584d,2,1,0.5804749727249146,0.5804749727249146
b7932b71e15722e1908ad98af13d50fb,2,5,4.20522928237915,4.20522928237915
b79a6f8a47e79bfc1dabc48c37d54464,2,4,3.374404191970825,3.374404191970825
b7b307b6ac3d7e91a49b66f43ee939f0,2,0,0.4163130819797516,0.4163130819797516
b800f38e7f2bb9751e332a03e92d2a1f,2,0,2.189591407775879,2.189591407775879
b801c926e3101268f1b816bd658bcc2f,2,0,-0.32561901211738586,-0.32561901211738586
b8b2b97c2b6b1cb436a57dcefca7f78e,2,0,0.28792864084243774,0.28792864084243774
b8e52f4258cf7d069e9c5c2698e44e3e,2,3,3.7837905883789062,3.7837905883789062
b8ec9675d05cc0c83f4b1060d5a71cc5,2,4,3.4863922595977783,3.4863922595977783
b9382651da19808b3bcdcc9a4a8e671d,2,1,1.4536899328231812,1.4536899328231812
b9445f54b56479caf17cc14534d4ff79,2,5,5.019254684448242,5.019254684448242
b97714e3e07e57a9bfc005fc830a1723,2,5,3.8325769901275635,3.8325769901275635
b98c37f6daa324286df7b426b42cf3d9,2,0,0.16960301995277405,0.16960301995277405
b9967e5cb3505cda331d9ab422127d51,2,3,3.2281200885772705,3.2281200885772705
b99b4ab3affacc8f1ae7138b1060c80e,2,0,3.962371587753296,3.962371587753296
b9af529d72fbbca473b126588296c1e5,2,0,0.037928998470306396,0.037928998470306396
b9b23d4160cd6061c6014a5d77dcbfda,2,2,1.3200763463974,1.3200763463974
b9ceb1379fcb9b80a93aacc77b9829ab,2,4,0.19382843375205994,0.19382843375205994
b9d2a95c3c0787c9faa9901d5b86c5a1,2,3,2.14628005027771,2.14628005027771
b9d31c46fe8b9de6955f6fa1eddc41e9,2,0,0.21554617583751678,0.21554617583751678
b9e30b8ac80e5d51b4ff18de8eb08fcf,2,4,3.6263182163238525,3.6263182163238525
b9e5e4b2c9eed792755f7a3d47340552,2,2,0.4997548758983612,0.4997548758983612
b9f5c7310c0c300f7a116a6fabfbdebc,2,4,3.776445150375366,3.776445150375366
ba878aad9541312659408b23d590d9fe,2,0,0.3278011977672577,0.3278011977672577
ba8e50f3e374a63eae8af2f9d9a7acb0,2,1,2.282759666442871,2.282759666442871
ba90d2787827da36ae89c1512c8d5523,2,0,0.2834320664405823,0.2834320664405823
ba99968b0499b6e2dca442a101a2259c,2,2,1.4493385553359985,1.4493385553359985
baa52ab819b61626c7ca027dfca5bf31,2,1,1.07375967502594,1.07375967502594
baa56a2170af3f075668320277692c9f,2,0,0.31164589524269104,0.31164589524269104
babace06b99077eb1b3f2c5d77418656,2,2,0.7634800672531128,0.7634800672531128
badbaf5d20db12b65b518ca473bfd12e,2,1,1.4247444868087769,1.4247444868087769
bae0ff238ba5e0f675f06a72a383bcd6,2,4,0.5769644975662231,0.5769644975662231
bae29f6c79dd4b58689b3d7351a1da09,2,3,1.2315645217895508,1.2315645217895508
bae54bf652188fba59938ca5822b096d,2,0,0.5025301575660706,0.5025301575660706
bb0dfd783c80c4485da90113a01ea8ae,2,4,2.4415948390960693,2.4415948390960693
bb1013d0290e48b37be98f2a834131e8,2,0,0.3996621072292328,0.3996621072292328
bb11bbc200cb4a84814ddc37a78eeb98,2,1,0.31236061453819275,0.31236061453819275
bb21976c037d50bb45aedaa4448ede1e,2,1,1.0093400478363037,1.0093400478363037
bb22714f2bff1aa310d8924efd28984f,2,1,0.1983981430530548,0.1983981430530548
bb5e9c142a265b251a4d9704c7ca394d,2,1,0.7591069936752319,0.7591069936752319
bb8c26c5d0ec96b601d3ac2bd4fb2283,2,5,3.778001070022583,3.778001070022583
bbb2c6d4f203c71ba63d6ce8048d1ebc,2,0,0.19770744442939758,0.19770744442939758
bc11ea87ebca072c04df741c44aeafb6,2,5,3.8140869140625,3.8140869140625
bc1cf017913e28ca316244b52d1fc59d,2,0,-0.19567714631557465,-0.19567714631557465
bc2518ea5985260ea91f96e2db178b5f,2,1,1.7387555837631226,1.7387555837631226
bc34dd1d026bf547eae2a6a6bf6c85de,2,2,1.5964590311050415,1.5964590311050415
bc3ea73616f606f303527da9e52796c8,2,5,4.226336479187012,4.226336479187012
bc5bfbc30b10c58d7a1756eb84182aed,2,1,1.0727463960647583,1.0727463960647583
bc744055e1e8b0da22a2493c6e174fc1,2,1,0.918748140335083,0.918748140335083
bc763ec4c8db4a23ae6c074bcf20e00b,2,5,3.3363685607910156,3.3363685607910156
bcfa17affb4e89ebd01a97c580ed4cdd,2,5,4.056121349334717,4.056121349334717
bcfe9f95b00f5e94d7dce184cfb8b97a,2,1,0.6485303044319153,0.6485303044319153
bd0a51f19fcf0a8c6da8c0c74a689a10,2,1,0.9450017213821411,0.9450017213821411
bd1e09c6a0c08934bb2f93ea933fce56,2,1,1.7290805578231812,1.7290805578231812
bd465b5e566f6336037c548644e11e16,2,0,0.2579877972602844,0.2579877972602844
bd4b881106dd6a8658ee1e9afdb1844f,2,5,4.595007419586182,4.595007419586182
bd5aa0e284c6dc0b0b09513731f252a8,2,1,1.9249831438064575,1.9249831438064575
bd650136debd7ab365c3222253637f9a,2,0,0.29283931851387024,0.29283931851387024
bd66532ff52dbf34da3607b05a1d8658,2,4,1.9624912738800049,1.9624912738800049
bd6784d49c4ca6b44c1e106ed032618e,2,0,0.640183687210083,0.640183687210083
bd68158ecb3eec132592d14fecc35cc0,2,1,2.0989248752593994,2.0989248752593994
bd70c30d44284585a6de70e61813fa4b,2,0,0.5327436327934265,0.5327436327934265
bd7b04d0b48b5fc9d004e93b536f72aa,2,4,3.6102280616760254,3.6102280616760254
bdae289bd86165f1bcce2bd2afeb136e,2,3,3.954106569290161,3.954106569290161
bde4648639af6c2a3872086fad035077,2,2,2.5689892768859863,2.5689892768859863
bdeb7ab6c22749f3a39e5a88ee4a0fa4,2,2,2.0293822288513184,2.0293822288513184
be02458edbd06696094ebb229a9d0d37,2,1,0.3758080005645752,0.3758080005645752
be314bf69cc2a23be07350850abb34bd,2,4,1.3601391315460205,1.3601391315460205
be56b8fd2f70cb10e72deae6baedcd51,2,5,3.1423704624176025,3.1423704624176025
be58ae01e2b2ddc28eb6673aa7e47819,2,0,0.18974684178829193,0.18974684178829193
be58fcdb43ffb0e4c81bb6f19e0f6f2a,2,2,2.4095070362091064,2.4095070362091064
be8e1ec9875b03c8dca50cc53c594408,2,1,1.3275376558303833,1.3275376558303833
bec80e876b9ffa8f24cf85beaa431667,2,0,1.3539414405822754,1.3539414405822754
befafdac95e8e497f11df8c2d997a989,2,0,0.0671534538269043,0.0671534538269043
bf0156293b04b7a7793f8e7199743398,2,1,0.47561556100845337,0.47561556100845337
bf35558d394ebcc49d64fc17503583bd,2,1,1.0413650274276733,1.0413650274276733
bf7e9ce61ffe58f2276a4689d00eddf1,2,0,0.23893918097019196,0.23893918097019196
bf87270f466f176d032892df9cd460a5,2,2,1.065283179283142,1.065283179283142
bf88d7c0254e315ae6701f540dda23ce,2,2,1.152729868888855,1.152729868888855
bf8c6975590c3aae1b61720457cfbfb2,2,3,0.4735693633556366,0.4735693633556366
bfaca5eeb8747937eef3f91f3a2da1f9,2,1,1.0285152196884155,1.0285152196884155
bfc0f3be45e3eff66989c2553cf39436,2,3,4.2129340171813965,4.2129340171813965
bfd646393bd83e42b00c235a1082a6cf,2,1,1.5488604307174683,1.5488604307174683
c009af812719b5960f2e11eb295c7466,2,0,0.5505050420761108,0.5505050420761108
c0270e947c993630a8142ccbda3dc77e,2,1,1.0014533996582031,1.0014533996582031
c04e3f99d8842fed006ee780528e3241,2,3,3.4661214351654053,3.4661214351654053
c05a2f5debd74c8db062d027567ed546,2,1,1.3931803703308105,1.3931803703308105
c07f5f4ca0af11d11a755c72b638d966,2,4,4.188307285308838,4.188307285308838
c0908bfcf70cd527ccd3baa20f331a0a,2,5,3.6720423698425293,3.6720423698425293
c0a8a6e08e518643663b9635eea0eddc,2,2,3.010023355484009,3.010023355484009
c10eb86a927f359f5d1e573927f19945,2,1,0.6666014194488525,0.6666014194488525
c121ab04b9ca50cce4453df738a1d6f5,2,4,1.4939969778060913,1.4939969778060913
c127660ea8547c6d1e13a2785791707c,2,5,4.167839527130127,4.167839527130127
c13682fc07a61cda3b9344b21b26c86e,2,4,2.2159199714660645,2.2159199714660645
c14b6d70673f900385abbed2703501bb,2,1,0.8964895606040955,0.8964895606040955
c14efea7c94be982c8045ff9d3c16266,2,2,2.0025134086608887,2.0025134086608887
c15bffae592596f8f566239c725ec577,2,4,4.441967964172363,4.441967964172363
c1694f89b6514a3b72fae65393f252a8,2,2,0.9802836179733276,0.9802836179733276
c18cc9c2acc85b74ebe112beccba56a6,2,0,0.8800414204597473,0.8800414204597473
c192a7c5a94aacbb3293267bf206bf5a,2,4,4.597180366516113,4.597180366516113
c1cc617e20e6874434d99256cdeb719a,2,3,1.3037585020065308,1.3037585020065308
c1cdc8ed081abd4419086872346f4eac,2,1,1.0706573724746704,1.0706573724746704
c1d018bf50493567d288a9fdad021e6c,2,5,3.7778515815734863,3.7778515815734863
c1e4a4cd769d4d64a1ea7905b8c30ff9,2,1,1.8546228408813477,1.8546228408813477
c1f151640dce9fc4e33569700be7d52d,2,0,0.8491083383560181,0.8491083383560181
c1f1eb01b8312dfa1acd912637b41727,2,1,0.2569330036640167,0.2569330036640167
c1fd9dfbf6a743763409b6d1a26ab29c,2,4,0.5735762119293213,0.5735762119293213
c1fe7ea9e72f3e8204169b38c5df317a,2,4,2.0330305099487305,2.0330305099487305
c20411ec6a9141978e0712711bdfe0f0,2,0,-0.21155591309070587,-0.21155591309070587
c2189022224390d6a8ee1f192214526e,2,0,0.4280165433883667,0.4280165433883667
c22d0887c52a5d96461dacca3e869683,2,5,3.666890859603882,3.666890859603882
c269146f9e358cbebee9df7e23ee1239,2,0,0.32800987362861633,0.32800987362861633
c2701c13451133bb51ae89e03f77e88d,2,3,3.9882137775421143,3.9882137775421143
c2a487c3082523f815ca8541a01f293d,2,1,0.6892120838165283,0.6892120838165283
c2b0f5adcd95f930b892f269a7656f1c,2,5,2.959012508392334,2.959012508392334
c2b4cc586b3984b248e7d095d4c0bd03,2,5,4.81551456451416,4.81551456451416
c2e7580519b62b7183c1924211ee8603,2,1,1.1676654815673828,1.1676654815673828
c3145055564aaf6c2ecea73a04bbe476,2,2,1.3397527933120728,1.3397527933120728
c317108618dad132b7c52462a26d41ef,2,0,0.2616845965385437,0.2616845965385437
c35a5c6dd47f3c37f339ff296ef1c6fe,2,2,2.1885263919830322,2.1885263919830322
c3dee3a63dd4de94d33eb09670584b32,2,0,0.2499430626630783,0.2499430626630783
c3e1a7ddeabf06edeebde219d8e86578,2,0,0.2755723297595978,0.2755723297595978
c45e498bf134c619d637029d36efc78b,2,0,0.7140562534332275,0.7140562534332275
c46612257ed2bd721267edfb10a92700,2,0,2.1005783081054688,2.1005783081054688
c49f20b19b76949ba8e8a68fc6a97833,2,2,0.7847487926483154,0.7847487926483154
c4a30ab614d7d3e37e99434341191331,2,4,3.9587819576263428,3.9587819576263428
c4b7ca39cc464a7af7f80fb9f4bc05c3,2,2,3.2765305042266846,3.2765305042266846
c4b8e60fec9eabe9a9fdacce39f23d60,2,1,2.2642340660095215,2.2642340660095215
c4cb40675296c2f44f631bdc7a5d1e9b,2,1,1.687764048576355,1.687764048576355
c4cba053efafeac85ec882e30ac6e498,2,1,3.1155407428741455,3.1155407428741455
c4fb78f4b25153789d8c8b22b938d322,2,1,0.8677578568458557,0.8677578568458557
c500818f3a0e7d3a10a0c567e9665035,2,0,0.4382142424583435,0.4382142424583435
c517993657aadfd868d6760a5136df94,2,4,3.2902328968048096,3.2902328968048096
c52636abf2b202b4f65f5c85799ce363,2,1,4.002586364746094,4.002586364746094
c565cc5d7e32aa5bb05dfa84aa5f442f,2,3,2.5863447189331055,2.5863447189331055
c5764fe96b2725f1b48f2db0cf20cacb,2,5,2.7648050785064697,2.7648050785064697
c5a32c937e25c87604d960166767411e,2,2,1.4719446897506714,1.4719446897506714
c5a4e4c6224fc6ac14e3e777a04258c1,2,1,1.9437367916107178,1.9437367916107178
c5aa2c9c8960c835f7e7daa2b86ec0e2,2,1,0.6101188063621521,0.6101188063621521
c5f69f20e4c9bd6dae83222afba587e8,2,0,0.2935642898082733,0.2935642898082733
c60ab9edd0171d5d22e70f2df5a92308,2,0,0.9171056151390076,0.9171056151390076
c614dc18ffa37f8007c2aead39e65342,2,4,1.6630629301071167,1.6630629301071167
c6564f15d2fbe500571311dbdb16f78f,2,1,1.7386105060577393,1.7386105060577393
c65fd39c70f465b486e67d64d320d778,2,0,0.6753109693527222,0.6753109693527222
c692cc057dffd5f92149af235f2bde51,2,2,2.1270194053649902,2.1270194053649902
c6cf6f5137c7c67a77ea6a9f1ef73999,2,3,3.348022937774658,3.348022937774658
c6fb997f235db1a874d4e4f208e8e84e,2,0,2.0845296382904053,2.0845296382904053
c700a1b37758fd69f789af12118d12b9,2,0,0.11811293661594391,0.11811293661594391
c707c255c4694985f6f68331571bc656,2,3,3.335294723510742,3.335294723510742
c70a5817549ef745e0dc65592595bcfe,2,4,0.3267709016799927,0.3267709016799927
c7664405d98a76f0b30a1c18b6ae270b,2,0,1.860836386680603,1.860836386680603
c794f26c98b4d7c37133809c2d3f8aa1,2,5,3.7504942417144775,3.7504942417144775
c796147977f93a05cde995fc05fca861,2,1,1.4817198514938354,1.4817198514938354
c7b0847043525e321b2c48d04cd820e5,2,0,-0.016671130433678627,-0.016671130433678627
c7bb258907e3d1c4cb536166645f7d52,2,0,0.06037694215774536,0.06037694215774536
c7bc54c0badbe7691fe5324a83f19cee,2,0,0.5446796417236328,0.5446796417236328
c7e47afdac1930aadc6630b2ffdb161b,2,2,2.708604574203491,2.708604574203491
c7eb48bae54b90e76875beae43a6dcd5,2,4,1.9130905866622925,1.9130905866622925
c8005edbb20996f1efd85cdc46bd805e,2,0,0.2945585548877716,0.2945585548877716
c81b704c5603f627680314d050062ca2,2,5,0.3359832465648651,0.3359832465648651
c8406145326f8bebae90c13caebc1c6f,2,3,3.7096757888793945,3.7096757888793945
c89f71d6c8fdc1bce0a230bdb46935fd,2,2,2.7504475116729736,2.7504475116729736
c8cd9282130842208245bd0ec8c0f22e,2,1,0.23875859379768372,0.23875859379768372
c8e8e1f2f14c1d8804551ca9233442e6,2,0,0.26832833886146545,0.26832833886146545
c949b282b94808a40935c6cfe9f2fb67,2,5,3.514866590499878,3.514866590499878
c993a5b569eace9eb753856fde10c151,2,2,2.9702672958374023,2.9702672958374023
c9da6e79a6474de5625e41c71660daf9,2,0,0.10103575140237808,0.10103575140237808
c9f1703dd6eddf8e8b9cd50e9098265d,2,4,2.988110065460205,2.988110065460205
ca0aebc5cee6bc82416face9227ea416,2,0,0.2963820993900299,0.2963820993900299
caaf2645fd3ea43541dad8081e351689,2,5,2.2821221351623535,2.2821221351623535
caed3e720e2681a1058dca0c3fc33b55,2,0,0.1574711948633194,0.1574711948633194
caf7a1ac5a42eb8b7b738a897628160c,2,1,3.3487517833709717,3.3487517833709717
cb3e609099b77a0d25918e6837e2a5aa,2,2,2.1122002601623535,2.1122002601623535
cb3e71bd3331bf85370d0a3a3071f47c,2,3,4.457228660583496,4.457228660583496
cb88d17eb5534d45ea5377f92ff00bc5,2,5,4.572967529296875,4.572967529296875
cb88fb1e0305ba94d8186a245ac2193b,2,2,2.1008970737457275,2.1008970737457275
cb9467b3ebfe0885daa1f6f2ce03196f,2,3,3.2667109966278076,3.2667109966278076
cbad739adf8a8bf6803b77f81946f8a4,2,3,1.2928553819656372,1.2928553819656372
cc6cc8edfde85b399233cf8d891de0a0,2,0,0.7530043125152588,0.7530043125152588
cc759aa48c28b7711bfbfc7ebbbd762d,2,4,4.157645225524902,4.157645225524902
cc75ac1620668231d5cc98975937aad3,2,2,1.990445852279663,1.990445852279663
cca16fe9fc516e6f57aeac51819dcb71,2,2,1.5215431451797485,1.5215431451797485
cd0583471a9efd1eaf916a2c0ec79ca4,2,1,0.7357563376426697,0.7357563376426697
cd0caa41fe8b3cfb5d80601d1065e597,2,5,3.8736791610717773,3.8736791610717773
cd0ea1fcb034376845c7af09d2154603,2,1,0.7793936729431152,0.7793936729431152
cd248eb09a3e4a1ce70b2745f45ce332,2,2,2.808783769607544,2.808783769607544
cd693fc01b5750ff2e7cbaf8e9e305f8,2,1,0.6420796513557434,0.6420796513557434
cd7175bb0b7c06c92b99d1432c12ebe0,2,0,2.642498731613159,2.642498731613159
cd894e213f1522b7dfc41d457dc4899b,2,0,0.3644869029521942,0.3644869029521942
cd976ea28b11b8f19b4c1b3eae55efa1,2,1,0.4617491066455841,0.4617491066455841
cdb645176929461ef9742fc6c19d9dcd,2,0,0.2487345188856125,0.2487345188856125
cdcf73225944d4e87e64f178371d897b,2,2,1.9156547784805298,1.9156547784805298
cddfb3fb31fdb7cc00a72c4fce6a1a15,2,0,0.45912039279937744,0.45912039279937744
cde2247ec66faa1d9ed7cb325d14bcd4,2,0,3.730923891067505,3.730923891067505
cdf40333dfe2afec1a4c54d9eeb1ec7a,2,1,1.5144120454788208,1.5144120454788208
ce0da4133055348f5fb0921166999534,2,0,0.6311470866203308,0.6311470866203308
ce24af9d3fb0d05a754acfcc0ec1a700,2,0,0.7324241399765015,0.7324241399765015
ce31f52b2a072b7eed30b6e364934989,2,1,2.5248780250549316,2.5248780250549316
ce6affc23b0d11aebf574b6d14e26b79,2,4,2.5245327949523926,2.5245327949523926
ce7817cab3ef2a86003458ddab80269b,2,3,0.8502495288848877,0.8502495288848877
ce89deff2021f7b676fe203abb4c3235,2,5,4.131785869598389,4.131785869598389
ce8f7d335ba01839ce10eaff44daff42,2,2,2.318053722381592,2.318053722381592
ce9011a24ceb0542202468792438328a,2,1,1.1824077367782593,1.1824077367782593
cea56801015e8f1ee57c6e13bdb4231b,2,1,0.16024576127529144,0.16024576127529144
ceaed3c478ce8e0366c1e3d30edf1192,2,0,0.20251163840293884,0.20251163840293884
cee96dcc8648f60d9fa96e7b5f5fbe09,2,2,1.6527800559997559,1.6527800559997559
cef4044dc0fb83b93818d1c410591e7b,2,5,4.549582481384277,4.549582481384277
cf0bfcef2cb5d92116a3d4adbdacd5fa,2,1,0.2858218252658844,0.2858218252658844
cf0fd3c2ca4f97a09395122792cc4f76,2,5,4.598812103271484,4.598812103271484
cf19c18868fc35dfd2628358ca4b73f1,2,1,1.9181931018829346,1.9181931018829346
cf19cb0a9afe665714916a274c300702,2,1,0.5877037644386292,0.5877037644386292
cf55f513b16209a90e3d71b1f5234c95,2,5,3.7729852199554443,3.7729852199554443
cf6d2d5e9dd37892e7aeb4cd12f76db3,2,3,1.6773077249526978,1.6773077249526978
cf7f123c8b625d018cd97190a3fb3d51,2,0,0.411775678396225,0.411775678396225
cf87533820b0ce6dbb09e7aefc82f254,2,0,0.19185969233512878,0.19185969233512878
cf8ab5a2ce0ff0b3d025ddb3ba1937a2,2,4,3.6319382190704346,3.6319382190704346
cffe816dc2dae6fb3f918ed68148d26a,2,5,0.27150189876556396,0.27150189876556396
d0461ccb7f1b70ee7dc3188422e246d9,2,0,0.5400599837303162,0.5400599837303162
d06f2b00a00eb4136df95c649807fc71,2,1,0.5318215489387512,0.5318215489387512
d09952091a04db9325e1b1ab3b87e69e,2,1,0.846707820892334,0.846707820892334
d0d27aeca4fd3a00340812c03b692f56,2,1,1.2869840860366821,1.2869840860366821
d0d72adbaf55250c7cfd81ce58f18304,2,2,0.689121663570404,0.689121663570404
d1088ba933bd7066a3a777f542f61fa6,2,1,2.7135353088378906,2.7135353088378906
d111dfd7a4f8fda7af0ea489a9dea0fd,2,5,0.7061115503311157,0.7061115503311157
d13dd7a0555436d55b7b82a988b57f41,2,1,2.308473825454712,2.308473825454712
d13ee083f8ea8e6be9e54cf1c6d7fa50,2,3,3.9967360496520996,3.9967360496520996
d14168b713f3ba30243a69837a001115,2,1,2.5696942806243896,2.5696942806243896
d1638380152648f1466e4aca9f260d15,2,1,1.2435805797576904,1.2435805797576904
d172dc93c49f96c58c22a56724aaf1aa,2,1,1.7256165742874146,1.7256165742874146
d1870bceedacbf78037200cae693a8ad,2,4,3.855522871017456,3.855522871017456
d18c24df948f2d59ce38b6c97a0045d0,2,4,3.4995224475860596,3.4995224475860596
d195ee46e702f3fee56c8d29a8c0bf07,2,0,0.3981205224990845,0.3981205224990845
d1a3e22d389978f453058df5cbd76f1d,2,4,3.6631968021392822,3.6631968021392822
d1b4359a8c2aad62e330ad3fb0a59eb7,2,0,0.9705542325973511,0.9705542325973511
d1c85d62cfd6732c83b4eec70cbfeea4,2,1,1.6775983572006226,1.6775983572006226
d1ebc07cf1375909d41a2021249820e5,2,3,4.200050354003906,4.200050354003906
d203223fbdcf16f652de8669eac6b8df,2,0,0.35277867317199707,0.35277867317199707
d22037cd1b81cea986e4c0a77c9fc2bd,2,1,1.4118932485580444,1.4118932485580444
d27cfb2b30e4b435f0d0e38997050988,2,2,1.7405239343643188,1.7405239343643188
d2a97eb750bf080454727f8b67a69d92,2,3,0.8976889848709106,0.8976889848709106
d2bd898f6bf18aab557c0d7d4fca4fc8,2,2,2.2936530113220215,2.2936530113220215
d2c9f2abe87b5415c2eb611e9f84ef82,2,1,1.5111714601516724,1.5111714601516724
d2ddf3569a3480f94bccb1c995efd8ec,2,1,2.196945905685425,2.196945905685425
d2e8ff5257ef522c1d7bef30c96d06df,2,4,3.9715559482574463,3.9715559482574463
d3108b3d03032e09e9c1f07492c110b8,2,1,0.8195806741714478,0.8195806741714478
d313b85c97ec5f0a01d507f162665986,2,5,1.4285317659378052,1.4285317659378052
d325814c0e52495c8909878358961df3,2,2,0.7090743184089661,0.7090743184089661
d341e19a76135d79774f19f5e9ecc5a9,2,2,2.5852270126342773,2.5852270126342773
d353010d2782836025f7c2451458bbd1,2,0,0.35218557715415955,0.35218557715415955
d391b688a24367fdafa1a25a8fd9e6ad,2,1,1.4149514436721802,1.4149514436721802
d3a5775345ddc4976944ff1941709ef0,2,0,0.2755811810493469,0.2755811810493469
d3bec5f291e147ae2527e00f897c6229,2,1,1.7827671766281128,1.7827671766281128
d3c5d7ceeb968c58ab20710cae53e022,2,2,1.5029927492141724,1.5029927492141724
d3d56ee887a17cd40e7b6cf630c8107c,2,2,1.9400724172592163,1.9400724172592163
d40022119792db6bb90f85d2d77c4d01,2,4,0.7958609461784363,0.7958609461784363
d41fec38141fa3f1a14262421c361b29,2,2,1.5663537979125977,1.5663537979125977
d42062d1a58a8e6817c6ff8166e39301,2,3,2.699129343032837,2.699129343032837
d4c6270294e180ad526ae4315a0c4249,2,4,3.932943820953369,3.932943820953369
d4f15bf1d630b5c3eaf6c4928ea99715,2,1,1.7295790910720825,1.7295790910720825
d50d41a3432c35eb80111ef06c2845ef,2,5,1.1450133323669434,1.1450133323669434
d56a581b4b109179d6688d3e21d7225f,2,1,1.451373815536499,1.451373815536499
d59534f97e8598b8673e7793c08b1694,2,2,0.8009262084960938,0.8009262084960938
d5a8225a2a912684b38167cc6da67bdd,2,5,4.4640913009643555,4.4640913009643555
d5ac3e845ce7d8ae724837805912da91,2,4,3.442403554916382,3.442403554916382
d5b50c1579d9f27e41d477ae6a03de27,2,1,1.323414921760559,1.323414921760559
d5bf3e7b1d30bf762b03b60d88177b20,2,3,4.0576701164245605,4.0576701164245605
d5cef9fcc30f71c7d24d00114bcfecd5,2,3,4.5654215812683105,4.5654215812683105
d5eeb98864c5c06106420f8af7b24e8b,2,3,2.7088124752044678,2.7088124752044678
d60a54e0359baa5b161a897efa7e87ee,2,3,3.1464810371398926,3.1464810371398926
d6112e98bf1d15028ccb46cefd393241,2,2,1.3764907121658325,1.3764907121658325
d6278afea5048a9494af240884f3b038,2,0,0.2659124433994293,0.2659124433994293
d649e2e797bbcf9678e13cdb008ace71,2,1,0.8439406156539917,0.8439406156539917
d66e101c469f93f92262aa671d10feec,2,0,0.11260037869215012,0.11260037869215012
d69244e15961cf6fb54d50a3baaaa46d,2,0,-0.047775909304618835,-0.047775909304618835
d696555466a833e38bfa678c25cb8cde,2,4,2.9056077003479004,2.9056077003479004
d6d46d84e69f9d216c81b39bd7acfd08,2,2,0.27797237038612366,0.27797237038612366
d6d59930bb06a2c82edefc477a8a7639,2,3,1.7043513059616089,1.7043513059616089
d6dac6d7b6289f8bcd5b7f4437272015,2,3,0.35030022263526917,0.35030022263526917
d6e746190b273d090aba70ccbdcf503c,2,3,4.781397342681885,4.781397342681885
d6f3c23a4b17f0710ab043f2f85940a6,2,4,1.470664143562317,1.470664143562317
d70e54b1282d3c53ea346ce70d480d60,2,1,0.20903392136096954,0.20903392136096954
d72d765ec852ae3f40b39fa6111aa1a0,2,5,4.584405899047852,4.584405899047852
d7502ac103c3191346e8d4217809fc22,2,2,2.586432933807373,2.586432933807373
d777c77dc8d82b9b3ee4cc8d94118988,2,3,1.045071005821228,1.045071005821228
d784fde095ca1209dee96aaf0b021a78,2,1,0.5879484415054321,0.5879484415054321
d7e2b72270a8d5d8a5f06ec87cff735b,2,5,4.144872188568115,4.144872188568115
d7f293887ea70c37b1c940ba372e1a2f,2,2,2.392443895339966,2.392443895339966
d80664a6eaea1b0c07e52607f3697c67,2,0,0.31188470125198364,0.31188470125198364
d807d55521cc50325c2cb0aa60efaadc,2,1,2.797079563140869,2.797079563140869
d8887d39c2b13ab34daf2806ab3c8a5d,2,0,1.0858415365219116,1.0858415365219116
d8aa8df17952aa8028bcb040964989c0,2,1,1.7804542779922485,1.7804542779922485
d8c62816ea17d4c932ed87af94647142,2,0,0.131755992770195,0.131755992770195
d8c9f66055f7d4efda021bee79e71a9c,2,1,1.3690769672393799,1.3690769672393799
d8f6b0abbcf5d89fc684cdfa77f0a655,2,1,0.29746195673942566,0.29746195673942566
d92fc82bea7ec08b5d7bac547848abf3,2,0,0.20845846831798553,0.20845846831798553
d9652aa1aed6ef06e2c1f8181b734d9e,2,0,0.19859831035137177,0.19859831035137177
d9a927bfb26b22cde6b52515c9adda7b,2,1,1.4585767984390259,1.4585767984390259
d9b2fdff45b816ec276306bb1ac2242f,2,0,0.06902657449245453,0.06902657449245453
d9b76603ea5a351942248655981b90b0,2,2,0.5635113716125488,0.5635113716125488
d9c9948c3c66446410dfc95adcafd115,2,3,1.7743959426879883,1.7743959426879883
d9e73507e94ba12a7c566087dcf8348f,2,1,1.1676641702651978,1.1676641702651978
da396e7a0a8a7c46f3e10c1ecf71459b,2,3,3.742504835128784,3.742504835128784
da517beeeaf103a75e2a716d46643b49,2,5,3.9145398139953613,3.9145398139953613
da998451f0bdaf4e16b7b41c0881fcba,2,5,4.846336364746094,4.846336364746094
daace2b519f2e64bb96e205344e39f50,2,1,1.2344180345535278,1.2344180345535278
dab87401b1605f7d5eb9bf5a722486bc,2,3,2.3425915241241455,2.3425915241241455
dabe788e9798ac2d6f664957c4fee983,2,3,2.947092294692993,2.947092294692993
daebef24cda2600dcb449a78a83c1858,2,1,2.1037425994873047,2.1037425994873047
dafa723ac789768ed1e863cce1681e4f,2,0,0.3123789429664612,0.3123789429664612
db0f36ba03d1c8fbec2cc96c3f8c0708,2,0,0.41873160004615784,0.41873160004615784
db321ac6eb33b00e63b2fdacce4507ad,2,1,1.717788815498352,1.717788815498352
db5d63188911dc1a03c751fc49afa25a,2,5,3.9097535610198975,3.9097535610198975
db5eaab164a4b81f27444d1c80bc33ee,2,0,0.0628397986292839,0.0628397986292839
db8ff1904b4dbb6dced48061856d9849,2,1,1.151084542274475,1.151084542274475
dbca8bffde4985ea10415730e96c086b,2,1,2.0111234188079834,2.0111234188079834
dbe7f4456dfcc47d0f380de5b31c5e87,2,0,0.21538996696472168,0.21538996696472168
dbf5972f6e8559cf175c232310070b6e,2,1,2.113142490386963,2.113142490386963
dc4034659aa2ae3585cdbe6febd3540b,2,3,3.9123315811157227,3.9123315811157227
dc7254ab21584e852fe556646c86d6f4,2,1,0.8393839001655579,0.8393839001655579
dc90e9df24223e40ab5718a725b0b412,2,3,1.8872575759887695,1.8872575759887695
dcdea3763106a19e15cc052a3a251f9e,2,1,3.566962480545044,3.566962480545044
dd0790e07f87653482414f27785c593d,2,0,0.29498159885406494,0.29498159885406494
dd11c9143fb6c56396e0693465d2430e,2,0,-0.09377966821193695,-0.09377966821193695
dd50be7fcf2324687a408fe09194f59e,2,3,2.9622914791107178,2.9622914791107178
dd52af5bb1333bb7ce33ed9ca36454b4,2,2,1.5686331987380981,1.5686331987380981
dd5c1496860cb32e24113cba850fe172,2,3,2.3575680255889893,2.3575680255889893
dd6321787f8051811c010050b2d90a55,2,1,0.5272375345230103,0.5272375345230103
dd893039103b58fddb9e41b1ad099d91,2,0,0.2898041605949402,0.2898041605949402
ddab9ffecd82a6dae9f5758e13c65ed0,2,3,3.155236005783081,3.155236005783081
ddac26b8c4b0ab1a705a4aac427dd486,2,0,0.5169472694396973,0.5169472694396973
ddb64fec2f66e001804e629c20867e59,2,5,4.674858093261719,4.674858093261719
de2e7b61e66d8d044189d8dac35dffb5,2,4,0.8541343212127686,0.8541343212127686
de61189b0703edb4ba5d9e53f4ce9cc5,2,0,0.8404403924942017,0.8404403924942017
dec45a32f96c496a9141d49617286870,2,0,0.455615371465683,0.455615371465683
dee6f372d17c4f4457948f38d13970e9,2,3,3.5864269733428955,3.5864269733428955
def79acd1fba29e18079fd3925b7ae92,2,5,4.37522554397583,4.37522554397583
df0b1629048c16c4ccf02559dc75d3d3,2,1,1.8451145887374878,1.8451145887374878
df12d6ee0acc0f9ac57749e68c2c3ab1,2,1,0.580193281173706,0.580193281173706
df386686a83a221eda2801df56e60bcd,2,0,0.339188814163208,0.339188814163208
df6054cdf663fcc0fa704d6a45ce97ef,2,1,2.7245256900787354,2.7245256900787354
df6fd828e7cac6338bf51fff6f843a63,2,1,0.9643299579620361,0.9643299579620361
df7766e3730f24d096658a966fe622b8,2,4,0.5892242193222046,0.5892242193222046
df78c5d9e63770b1895ff6bb2ad8167e,2,0,0.4539942741394043,0.4539942741394043
dfa98f57a4842a0f6d78d0c9e59380fa,2,5,5.441091537475586,5.441091537475586
dffdd993ed7977a66ce077613734a51e,2,2,1.9492135047912598,1.9492135047912598
e04ea71e821b0dffc431297b25b359de,2,3,4.15731143951416,4.15731143951416
e0f850185533c61897ea1e2975b45f4a,2,1,0.8458720445632935,0.8458720445632935
e106da62f9761a87497b703d105f1f21,2,2,0.9903395175933838,0.9903395175933838
e10ea1f294e02f216204a965c2fe09e0,2,3,2.1253457069396973,2.1253457069396973
e13ad43ca93b81c3461ec29c1ca41106,2,3,4.555617332458496,4.555617332458496
e142b7febd70389ad7034febac1e5cd9,2,5,3.814656972885132,3.814656972885132
e165dce4a64276f8ed3048f4aa7b008c,2,0,0.19820810854434967,0.19820810854434967
e2578d331ae6cb3bc649027498c8ff8d,2,1,0.9119682312011719,0.9119682312011719
e28dfb951ca320cd36ea960b232c00f4,2,1,0.841816246509552,0.841816246509552
e29f49849de6ff182d115fe2aa6cac3a,2,3,3.0572245121002197,3.0572245121002197
e2a398c41516ce8ffc8fb4c1fb9a20af,2,2,1.397730827331543,1.397730827331543
e2b069d3db5dd82610abc684befac2d3,2,5,4.6614203453063965,4.6614203453063965
e2c101f2e420716fe53e2c61109faddc,2,3,2.7813918590545654,2.7813918590545654
e2c4295a4989ff477428a32a4460d342,2,1,0.5672791600227356,0.5672791600227356
e2f04baa0bee5232b73ca726d29a870b,2,5,4.648750305175781,4.648750305175781
e31d9b2e94f0a5774796a8e8affe0180,2,5,4.299228668212891,4.299228668212891
e3810062235511acdb79ecda62f3f0f0,2,1,0.4127415120601654,0.4127415120601654
e3a34f11358350448279e275774a0263,2,4,3.3582892417907715,3.3582892417907715
e3a820d374f2edeaaa719da212253d51,2,0,0.4643073081970215,0.4643073081970215
e3cde0808abcd5bdd1717815ffc002b3,2,0,0.22930383682250977,0.22930383682250977
e3e660456c62fb96e17658af48b3e7e4,2,3,3.063615560531616,3.063615560531616
e43ae1ef2cda811070e2c0a6d6154150,2,3,2.33805251121521,2.33805251121521
e455ae3e3577a5dbc38d6893edbd943f,2,4,4.42626953125,4.42626953125
e46178b5e2098fb3dafa4040c620ece4,2,1,0.4882359206676483,0.4882359206676483
e4858d718f97a3ff5dab42484f5b1bd7,2,5,0.7200790643692017,0.7200790643692017
e49bc96b36f660bf3aa433ef119066eb,2,2,1.9142776727676392,1.9142776727676392
e4bbe0282fbed7b4c2e82a36fec5246b,2,2,1.5170682668685913,1.5170682668685913
e4c7cbde1e884cb7dfe56cbae90847cc,2,2,0.9580785036087036,0.9580785036087036
e4e8ee3d5d5ddfff49f6f12077146b33,2,1,1.422580361366272,1.422580361366272
e50a3ffa9065f537a4058f3176e41b7c,2,0,0.21520967781543732,0.21520967781543732
e53ec7956c1284b527ad242b70c37b37,2,2,4.408987998962402,4.408987998962402
e5739e452d5b7c5e68c4171ece2557e3,2,0,0.35198378562927246,0.35198378562927246
e59296cf7a004822a4cce233bcb221b3,2,2,2.099369764328003,2.099369764328003
e5a167f697628add6a45ea4e447465bd,2,1,1.478201985359192,1.478201985359192
e5dbb739cbdcd57ec7ed9f80b47f3b92,2,1,1.0018739700317383,1.0018739700317383
e5fc40d67ca490bb598688f92a2eff6b,2,3,3.6800482273101807,3.6800482273101807
e60d83653ba08e579999f71505107278,2,0,1.1690115928649902,1.1690115928649902
e61f5f4feabbb1cb6c09a2bd4494b916,2,1,2.394136667251587,2.394136667251587
e63d457e162ff5875c8475210734f704,2,0,1.2041562795639038,1.2041562795639038
e6463d94a7f03e713daef4287faef5a4,2,5,4.083721160888672,4.083721160888672
e6a6f4658717ef0c20e18cc89b96f4e6,2,2,2.852119207382202,2.852119207382202
e6b528e0bd6d4b69e3bfe318e550cbe1,2,5,0.27516159415245056,0.27516159415245056
e6b58038a9af511ec66e96002378f5fd,2,1,0.59422767162323,0.59422767162323
e6c348b447810ffee0d3678adf8936c9,2,2,0.5138323903083801,0.5138323903083801
e6fe8d683d9d7f092c03992a23d901cc,2,2,2.388066053390503,2.388066053390503
e739dc3b9262a94c9a5c206c39864278,2,3,2.6535911560058594,2.6535911560058594
e75ffb74501b1bdd328b0640fe71665b,2,1,1.6647597551345825,1.6647597551345825
e78a43e9cbfaae34ae2ad4929f2f8bcd,2,5,4.879977703094482,4.879977703094482
e7b24e5307a06a2547e4cc31df3e2d1f,2,3,2.9281842708587646,2.9281842708587646
e7d8c7e2eab5b6c96c52b368a416aecf,2,0,0.2506698966026306,0.2506698966026306
e7ec6453face5f38923755adeeda2677,2,0,-0.26949694752693176,-0.26949694752693176
e833077427f0f5cceaba7f6d92bb3904,2,0,-0.31001320481300354,-0.31001320481300354
e855db8c0a47dd0798af1ca78c9a33dd,2,0,0.3242155909538269,0.3242155909538269
e89342e55eecf0dd11a1d40f4768c55c,2,1,1.2229896783828735,1.2229896783828735
e8dd1df7bd9dc88018dca26d92558464,2,0,0.39902785420417786,0.39902785420417786
e90c8fb1ab71a448843dfec8f21a15c8,2,4,3.645747661590576,3.645747661590576
e92dfc70e301a7e97540ac17cb56cdae,2,0,2.888374090194702,2.888374090194702
e93e6ff8cd84d5be64e8bb408fe8e614,2,0,0.5022479891777039,0.5022479891777039
e948b70d1e102a039a6b93a4be16b323,2,0,1.0619990825653076,1.0619990825653076
e951432e24ee198abd7b15bc2eedbb36,2,1,2.074282169342041,2.074282169342041
e97722ee42a5566b71eef7e75e9d86f0,2,1,2.6233956813812256,2.6233956813812256
e986899266976504f3d5d8c6198b4b25,2,0,0.2317696213722229,0.2317696213722229
e98b389d622e68214eb092efe5ba8345,2,0,0.2480127215385437,0.2480127215385437
e98fea6df165f88876bb39889752759f,2,4,2.396062135696411,2.396062135696411
e9a4f528b33479412ee019e155e1a197,2,3,3.472203016281128,3.472203016281128
e9df02bcca00d27da3a8088ea4e8b56c,2,2,0.6153733730316162,0.6153733730316162
ea2550ea9814a9ed57936301517e50b0,2,0,0.22711916267871857,0.22711916267871857
ea5816321370d9d813bb7107c2ed0074,2,2,2.226616859436035,2.226616859436035
ea60e3c915ba5b5c9a8baa619e3752bc,2,2,1.9806547164916992,1.9806547164916992
ea954ce0f1563b69d79bd1c2b7129618,2,0,1.3314964771270752,1.3314964771270752
ea9d52d65500acc9b9d89eb6b82cdcdf,2,1,1.8076444864273071,1.8076444864273071
eab6d4eae42fed6ed8ce52aa6b313a1c,2,5,3.018688440322876,3.018688440322876
eaec64217afad712384c73f33591e422,2,2,2.0346291065216064,2.0346291065216064
eaee249fef6f67630053f6d398a2989f,2,5,4.465538501739502,4.465538501739502
eaf66ac783499827a7f09d69793a07d7,2,1,0.7025861740112305,0.7025861740112305
eb15d508d434c2fede99f7227d03fb4d,2,3,1.6744763851165771,1.6744763851165771
eb17125d3f2909f7e1702013b65188e5,2,0,0.1760699450969696,0.1760699450969696
eb81e4b7cf069e0660b747b0da1aa1a7,2,4,2.093257188796997,2.093257188796997
eb846d2f14749c4913bf0affa0578d8d,2,5,2.758333921432495,2.758333921432495
ebb2cd4c02707a6d648b8e986f72210b,2,3,3.5390284061431885,3.5390284061431885
ebc0cf09e9f77d222af0b8015c409a01,2,1,2.212717056274414,2.212717056274414
ebcb278bfb1d92fd4d48046fd697e2c0,2,0,1.3459577560424805,1.3459577560424805
ec009ae101199666b6840588867fc1d6,2,5,4.7298359870910645,4.7298359870910645
ec11cdbfe083f766ebc6a851353a1662,2,2,1.134690284729004,1.134690284729004
ec15fa638f2a0a362a2d989a5cef16f5,2,1,2.3797004222869873,2.3797004222869873
ec1a371b933875ff0a2b65e315838294,2,1,0.4782851040363312,0.4782851040363312
ec3ec6bac5536595a5837020eb0fa482,2,3,2.5282275676727295,2.5282275676727295
eca419aaa2639a18266ca5458495a594,2,1,0.7051600217819214,0.7051600217819214
eccf078b6260753c6ae617c71a6a08e7,2,0,0.7565865516662598,0.7565865516662598
ed405c59371198640ead48dcd899428f,2,0,0.30467382073402405,0.30467382073402405
ed572cbfb5afc2e989918b03c70734af,2,2,1.8404608964920044,1.8404608964920044
ed6cd2970be19ae64953171e8645de37,2,1,1.7727550268173218,1.7727550268173218
ed8116907ae5d014f5148edc44193963,2,5,1.451119065284729,1.451119065284729
ed8c726eee582f09bbb45d08344f428b,2,3,4.105564594268799,4.105564594268799
ed9210596220b127753ad2dacd173aee,2,0,0.18829286098480225,0.18829286098480225
ed98920bae111557e6f300d88583e89f,2,0,0.6325684189796448,0.6325684189796448
ed9a38a9f1dfa898e536cd91f13d98b1,2,3,2.9526169300079346,2.9526169300079346
eda6d9fc5d58f69f9ff9f6b4da136274,2,2,2.8684747219085693,2.8684747219085693
edb109423e4f668740936d2787dd470f,2,0,0.7963722348213196,0.7963722348213196
ede8541318635beb3244e1ecf2bae080,2,0,0.1759830117225647,0.1759830117225647
ee17748d9c053471c135f5a397e26560,2,3,2.3325307369232178,2.3325307369232178
ee61886bdebe2748009da564edb587cc,2,3,2.9224460124969482,2.9224460124969482
ee7a0b58f510f1f47bfc4ad434f7ddd4,2,2,0.656283974647522,0.656283974647522
ee810ac96bd9f15f5e06c372f6908c8c,2,0,1.0622977018356323,1.0622977018356323
ee86db1a059e9a7dc5a72eafde4cbd69,2,2,2.80078125,2.80078125
ee9791a15a2cc8e34ee8fc52dcb4ddb5,2,1,1.8548564910888672,1.8548564910888672
eed22b80775127e0a2143e287d79c575,2,5,4.88723087310791,4.88723087310791
eee4c72a63e67252e0f2a3462a16ea95,2,4,4.136307239532471,4.136307239532471
eef409493827bfb3b3d0e74e156923d4,2,0,-0.24392203986644745,-0.24392203986644745
eef8676c5d348ab7f406a81c74c988b5,2,5,3.554373264312744,3.554373264312744
ef49ceba7efcbd20b8cc1eda40b256fa,2,2,1.7893850803375244,1.7893850803375244
ef528624c588c2f9d04c79d400f1aacc,2,1,1.0770357847213745,1.0770357847213745
ef719b75e69aa49c7c5f11995f4a5c87,2,0,0.6437621116638184,0.6437621116638184
ef77487acc19480876090652206c7e05,2,0,-0.2746453583240509,-0.2746453583240509
ef8cb1391e62cb6721eddf6e3495087d,2,3,0.39577850699424744,0.39577850699424744
efc999f01b27bc25d9a75a5583dbd938,2,0,0.2223227173089981,0.2223227173089981
efd993cb48dce20304958c45829a3ff8,2,4,3.8892104625701904,3.8892104625701904
efe82d2ca33e6463e5b5b5dd46e1ce34,2,1,0.4874029755592346,0.4874029755592346
f00a8cd34ac361a3292c2d2361bbaebe,2,5,3.2791812419891357,3.2791812419891357
f0197942d5cd986426ed3550e562d495,2,0,0.5877854824066162,0.5877854824066162
f02a67a1b405d1462ad124f5b03d5b4e,2,2,2.3670079708099365,2.3670079708099365
f05d48bb9a4b1a9b1c6724988c2bcec0,2,1,0.5283564329147339,0.5283564329147339
f065aa3e43c7259d03e12b11bc9deb1f,2,1,0.9115679860115051,0.9115679860115051
f066af8d3d3f1eb3471b817d757f370d,2,1,0.77669757604599,0.77669757604599
f080aadb91c111b6e2e91ed6d7d12e5c,2,0,0.5734803676605225,0.5734803676605225
f0817b0470822399780fe7e26bd32e20,2,1,2.4964354038238525,2.4964354038238525
f084f6eabe7932229687dfa7cbb3dbed,2,4,3.9131791591644287,3.9131791591644287
f0921067172c8fe3062cfb2b77a9a549,2,5,4.653053283691406,4.653053283691406
f0aa8148ce45747389ea072aaaae57ae,2,4,4.709165573120117,4.709165573120117
f0bb29042dfb17421aac02138f8e9d20,2,0,-0.06869151443243027,-0.06869151443243027
f0d3a67702abc214a7ca6c1158e5a62c,2,0,0.1999310553073883,0.1999310553073883
f0f8340b213f8993ea8a841796718d03,2,1,0.3105754852294922,0.3105754852294922
f114a15f4c02900ebed9f638b68f42cb,2,5,4.1095991134643555,4.1095991134643555
f13eb7c6b71d6346bd1421117b18ff3d,2,5,3.801900863647461,3.801900863647461
f1522c30e3d4f858a9eb87f596e04483,2,3,1.3434194326400757,1.3434194326400757
f1536f338e098d87b1164712aff106ba,2,5,2.7445826530456543,2.7445826530456543
f16f7b3c4a274f17b2f1fad6c37714a8,2,1,1.4655951261520386,1.4655951261520386
f17470445cda06cb72f8c016bfcd4e79,2,4,3.5933005809783936,3.5933005809783936
f1a4cd89870013b5ce65a6cae77a6b0b,2,0,0.2302505224943161,0.2302505224943161
f1a65bcc3e01e8de90ea405984c61c4e,2,5,4.366008758544922,4.366008758544922
f1ca34b8757be8022476e4e71d18e06b,2,4,2.246281147003174,2.246281147003174
f1cc477da5b2b0a5718a30ec82e3a0d2,2,0,0.35424575209617615,0.35424575209617615
f1d829ed10a267d11e7e00c96d26e7c5,2,3,4.150296688079834,4.150296688079834
f1e032b285fbc5f7207a608eb5ec9ea4,2,0,0.46147453784942627,0.46147453784942627
f1e4ff27b4e88679ebb3a4547c9a5a04,2,3,2.3272366523742676,2.3272366523742676
f2196dcfec3027846cdd304448f28fa5,2,5,4.481754302978516,4.481754302978516
f2834de66b368822707e312afd57fb52,2,0,0.006708087399601936,0.006708087399601936
f292ea5d2ea72a15bbb798702a9de817,2,1,1.6987000703811646,1.6987000703811646
f2b4695127e8d36d54b5214ac6675000,2,5,3.2541072368621826,3.2541072368621826
f2d4965abc424e27c5d482ac0155ffd1,2,5,4.521695137023926,4.521695137023926
f2f8cceffb465c40558be00452ebe833,2,2,1.3001741170883179,1.3001741170883179
f3273751f723042683d45d00d3880c8c,2,0,0.243560329079628,0.243560329079628
f339d9778d8f95bfe372acb04b0c2d7a,2,0,0.4866909384727478,0.4866909384727478
f34713c3ba1e433268c056d42b29fef6,2,5,4.372791767120361,4.372791767120361
f3dcef8ce7e98c1f6dd6311a5fc7a5ed,2,1,2.19895339012146,2.19895339012146
f4252060c37bb037f3b93a39e5a4819e,2,1,0.9605053663253784,0.9605053663253784
f4303e98492beeae556655fdffe44d79,2,3,2.985992670059204,2.985992670059204
f43e3bd17a33c0ce73efbf07f711c328,2,4,4.083453178405762,4.083453178405762
f44c40cf19eefcd917a4c9fc992adb22,2,4,1.6672269105911255,1.6672269105911255
f488b8f138b456f09dff6f4eeb079ecc,2,0,0.4992445111274719,0.4992445111274719
f4a6b5ec0ef8bac031272e4ab61fd926,2,0,2.423488140106201,2.423488140106201
f4c1f9e721fd07e51cfb51df48467bed,2,0,0.19394531846046448,0.19394531846046448
f4eb5ccf14a42b3a6396eff3a53ed59b,2,3,1.745568871498108,1.745568871498108
f4f3046575d40abbe5e89c790c780287,2,1,2.36071515083313,2.36071515083313
f4fb736869313562fdc74a65b7b9eb2a,2,4,3.2599499225616455,3.2599499225616455
f4fcb9c0c46099e045a0fecf20a7843c,2,2,2.3585643768310547,2.3585643768310547
f534baed77c3ea8471dae9811cc235f1,2,4,3.4238858222961426,3.4238858222961426
f541dbbdb3e9fa82dde5e3fcd02470be,2,0,0.9257014989852905,0.9257014989852905
f584978dc639c48313cbc8b991c769ad,2,0,1.1053040027618408,1.1053040027618408
f58f229f6f5172c857deaf02c026e1f6,2,5,4.251854419708252,4.251854419708252
f5ace7c6d94d706773eb63f58cc87fd0,2,1,0.8311261534690857,0.8311261534690857
f5bed5601a8e1f32043ff77755d957d0,2,0,-0.0931515321135521,-0.0931515321135521
f5eaa3e7afe0792dfc55fb857ab0e797,2,1,2.6108345985412598,2.6108345985412598
f61ec97dd1808dd49436c25aac6e0c4c,2,1,0.7667331695556641,0.7667331695556641
f6224279854d1b5e5b41e7cd3182caef,2,4,5.479700088500977,5.479700088500977
f6322c89ca7d645cd03e90e33d717a83,2,1,2.003061532974243,2.003061532974243
f64bc79d13c9006047a3d4b50601599d,2,2,1.1984833478927612,1.1984833478927612
f699fbdf8bec0b3e390edefe41976d15,2,0,0.5018203258514404,0.5018203258514404
f6b6d03d15615dd9affb3b3c77347747,2,5,2.449408531188965,2.449408531188965
f6bdf05486c92f8f69be83c174756110,2,2,0.2683526277542114,0.2683526277542114
f6df497ddcb8f033d7c28c05fe242aaa,2,4,3.97965931892395,3.97965931892395
f6e3e8828d1d5e900ed12cfe99a86bfc,2,0,0.07407164573669434,0.07407164573669434
f6fcdf840d82229dee867cc75a7dd721,2,3,2.958052158355713,2.958052158355713
f72a292af74d5f53b5908ab094a1301e,2,4,0.4765903651714325,0.4765903651714325
f73836ebcc90a2855d78158b746169db,2,0,-0.008179789409041405,-0.008179789409041405
f73951fddf77034c9fd44cb19f5fe6b5,2,3,1.9334827661514282,1.9334827661514282
f78aa942c071318c478a59cf1e8f4b51,2,0,1.731723666191101,1.731723666191101
f7ccce426ebb48fa278ff063858f9299,2,2,1.4679386615753174,1.4679386615753174
f7d30df03c85f640e735995c61e9e2f7,2,1,1.0658173561096191,1.0658173561096191
f7f92dfc7598f985d1a7bc34fa9cadb7,2,1,1.3663508892059326,1.3663508892059326
f805582bbe48523bb1f118e4acc4a6af,2,1,1.7555750608444214,1.7555750608444214
f8060ce02eb912eefd03e13fe1ce44ca,2,2,1.3563601970672607,1.3563601970672607
f80762497aaa467658859f20ca56f875,2,5,4.829174041748047,4.829174041748047
f815e7ebafbbfa2578e3abadc8a5d15b,2,2,3.447014093399048,3.447014093399048
f81e4a4525715e1318f1c227027ae97d,2,0,0.3895079791545868,0.3895079791545868
f82b48c5ef63a291660357ded12a7ab1,2,2,0.42831388115882874,0.42831388115882874
f83625741b5c20294cf356bbb4060927,2,1,2.5697124004364014,2.5697124004364014
f836bf8b2f7a52acc668fcd59ec0122f,2,2,4.13161039352417,4.13161039352417
f8378b8015beeeb34813907f223dea6c,2,2,0.7756468653678894,0.7756468653678894
f84a1ebc74a6004395262124e0ab1d9e,2,2,3.986161947250366,3.986161947250366
f87fba9107a002e96ae767d80378a5d1,2,4,3.758413553237915,3.758413553237915
f8b3ec914967ad95c62ef0296964394b,2,0,0.2887808680534363,0.2887808680534363
f8bbd9f35c9970d076f524fa1432d9cb,2,1,3.101856231689453,3.101856231689453
f8d2f911db5e10cd440dc1d92a7cef36,2,1,0.5165036916732788,0.5165036916732788
f8e44af1b7d155545fc2a928d65a5e55,2,2,2.006047248840332,2.006047248840332
f948e5f2b0a49af2c0a7f3f74093262e,2,1,0.8593060970306396,0.8593060970306396
f96cc0b4bfe5c400bb8e198728e301d2,2,5,3.95135760307312,3.95135760307312
f9b2162716bb1679a53424b0e6bc7f9b,2,1,3.6189072132110596,3.6189072132110596
f9e8ad3ad964070f290c2a53dc431852,2,0,0.472047358751297,0.472047358751297
f9ebb550f242d03131571173a2d9e1c4,2,5,1.752936601638794,1.752936601638794
fa185cbfa3c6bb40a7dd0397b88539d9,2,1,1.0160293579101562,1.0160293579101562
fa212efb5341fb082d0e3d117b9270b1,2,1,1.7448550462722778,1.7448550462722778
fa24cdade1cf331f7070ebb32bd2a55c,2,1,0.4233516752719879,0.4233516752719879
fa34632030552cff40da1c0cffe3ab81,2,2,0.5254603028297424,0.5254603028297424
fa3d7248f7b7e1f10eca31601e81623f,2,2,1.8952879905700684,1.8952879905700684
fa443a89009d726aafc74f439dcda7aa,2,0,0.43500712513923645,0.43500712513923645
fa6569eb827fcd7108ee7f22dac0ea11,2,2,1.6412065029144287,1.6412065029144287
fa6a64b3a0c696072eb77fc03e2858df,2,0,2.122445583343506,2.122445583343506
fa8e46763423d4ffd6830c67df94a9da,2,3,1.6836522817611694,1.6836522817611694
fabe5282ca5ee140225209da7de823df,2,4,1.6556185483932495,1.6556185483932495
fac5bbaea8710fc47397548c8271757d,2,3,0.9878595471382141,0.9878595471382141
fad1b577d2eb44cd0d686af308422638,2,1,0.25941285490989685,0.25941285490989685
fae4428cb40950b27cf533531356ffab,2,1,1.2055786848068237,1.2055786848068237
fb3da9cc05a5f302d9d3811c954950e7,2,0,1.3349926471710205,1.3349926471710205
fb5d4dfd933a1fec3fa1bd05f571a88c,2,3,1.4159349203109741,1.4159349203109741
fb5fd7ab15e699998a30b36fe169431b,2,3,3.6083662509918213,3.6083662509918213
fb61630580f124fe00a2b7816cd483a1,2,4,4.679929733276367,4.679929733276367
fb7d7003654f2a3fd68efea60e915edd,2,3,0.7252556085586548,0.7252556085586548
fbacda290baa284a06ca8fccc2c7ee72,2,2,2.25307559967041,2.25307559967041
fc04eb6968b836409723ecf4e158d48d,2,3,3.6108298301696777,3.6108298301696777
fc308eacf13a2a6c6b526e8bc8699f27,2,3,2.215379476547241,2.215379476547241
fc45d1e5ef73ee9ceccbe8cb04cc9f15,2,0,0.292621374130249,0.292621374130249
fc547d2e786c1d19163f39dc576c0231,2,0,0.3279587924480438,0.3279587924480438
fc6540bf872eaa1b8d517c4c51341917,2,1,2.433133840560913,2.433133840560913
fc69f56c44de0538a4de4b5d1cab53aa,2,0,0.8948544859886169,0.8948544859886169
fc6a695ba44f4b64425c522f590bac48,2,0,0.3085159957408905,0.3085159957408905
fc8679d6d29a34f76d3c2c7f128b9f54,2,2,1.5352966785430908,1.5352966785430908
fca194bf832d659b11ec2a1c37492094,2,1,0.2397870272397995,0.2397870272397995
fccac9bf0994bca0248468a171980657,2,0,0.8994930982589722,0.8994930982589722
fcf954f576b072584d4271144e57f6d3,2,3,1.9744170904159546,1.9744170904159546
fd1286054e5e7063369cabd6ecf7af13,2,5,3.912485122680664,3.912485122680664
fd34d5fda33d3e8281837a2a4511f7fd,2,4,4.8356547355651855,4.8356547355651855
fd3bab570d15a102802e5b7a73c95e56,2,0,0.26044127345085144,0.26044127345085144
fd5de97edf20d6f2d0ea1daeea8315e1,2,1,0.6213870048522949,0.6213870048522949
fd672406fefb198aa1c5822e90c6170d,2,5,4.6662516593933105,4.6662516593933105
fd67c6c0edbe322bdcfa0373f38d1693,2,2,1.247536301612854,1.247536301612854
fd7ed01abdedc287a61da7fd194ba30b,2,2,1.8158506155014038,1.8158506155014038
fd9c0a935d2f7830682924b79130c0ba,2,0,0.09417078644037247,0.09417078644037247
fd9f0f26e419167b09f3ae4f7a46c9fd,2,4,3.9758501052856445,3.9758501052856445
fda6868aea710b2e286d1b575638050f,2,3,4.251943111419678,4.251943111419678
fda9062ed96a20721634b82e5751c559,2,4,4.430622577667236,4.430622577667236
fdc20a833738385bedbdfdabe9721bde,2,3,3.621213674545288,3.621213674545288
fe025faa4c6e6de2a71f964b56de7c9c,2,1,1.9317928552627563,1.9317928552627563
fe1a80cbadf8d02cb130b9911c7a83e8,2,2,3.07513427734375,3.07513427734375
fe354e2b6f25e4f4110aed552eb55fc5,2,2,2.0333592891693115,2.0333592891693115
fe76b5241959c34204276ed01886e5e4,2,4,2.294438123703003,2.294438123703003
fe8b4d94ce299ed485c900f05ae508d3,2,1,1.5944620370864868,1.5944620370864868
feb75ec549a7feecd2829d066278d756,2,0,0.7241100072860718,0.7241100072860718
febfd4b08450491c1cff519f9d051da2,2,0,0.32990413904190063,0.32990413904190063
feee2e895355a921f2b75b54debad328,2,1,2.5652897357940674,2.5652897357940674
ff1896ab1d89b36e8de1922feb21fa8a,2,1,0.8797330260276794,0.8797330260276794
ff53524d64cae1675216bbda40ad7cac,2,4,1.6833462715148926,1.6833462715148926
ff567263913a91c99abbe39d9d679b93,2,0,0.49896806478500366,0.49896806478500366
ff602bd9652640d4b534d7a78fc64b6a,2,0,0.36178773641586304,0.36178773641586304
ff6e67a5f0b674097f5142ec24eb8fcb,2,0,0.14693188667297363,0.14693188667297363
ff9392e744afa04771ad9288762e1b6a,2,0,0.3289860785007477,0.3289860785007477
ffac6d538449832cbecba2c4f4908dfa,2,3,0.5477205514907837,0.5477205514907837
ffaf4de97335595fb711d3985523106a,2,1,0.5542209148406982,0.5542209148406982
ffcd99c47e57ad2934dc6bbf5edf6675,2,0,0.47618991136550903,0.47618991136550903
ffd2841373b39792ab0c84cccd066e31,2,0,-0.15738742053508759,-0.15738742053508759
0018ae58b01bdadc8e347995b69f99aa,3,4,4.632976531982422,4.632976531982422
002a4db09dad406c85505a00fb6f6144,3,0,1.1684294939041138,1.1684294939041138
006f4d8d3556dd21f6424202c2d294a9,3,0,0.23417793214321136,0.23417793214321136
007433133235efc27a39f11df6940829,3,0,0.13111265003681183,0.13111265003681183
00951a7fad040bf7e90f32e81fc0746f,3,1,0.9333735704421997,0.9333735704421997
00a26aaa82c959624d90dfb69fcf259c,3,4,4.439991474151611,4.439991474151611
00a76bfbec239fd9f465d6581806ff42,3,0,0.4192787706851959,0.4192787706851959
00ca0c23961b5510be46c917be11c43e,3,5,5.1935625076293945,5.1935625076293945
01065a75c0dfd95f78893ebbfd3c70b3,3,2,1.693381905555725,1.693381905555725
01227af585a47c16680f927d21a7f06a,3,1,1.5610657930374146,1.5610657930374146
01c816336959ee9d94b23b37b0f71f21,3,0,0.736566424369812,0.736566424369812
020a76e6ac9418a2f23f467b861e6012,3,2,1.8019124269485474,1.8019124269485474
022181eb0127cb8f1ec240efa3f15799,3,0,0.8630415201187134,0.8630415201187134
022544d1446c2c44f8ca8ff53262dc5b,3,2,2.6029715538024902,2.6029715538024902
0240270d611683829ea5bee2a8c52eb0,3,3,3.7978644371032715,3.7978644371032715
024ed1244a6d817358cedaea3783bbde,3,0,1.094037413597107,1.094037413597107
02a3870e56dbcb6afd73546af54a8457,3,0,1.0626941919326782,1.0626941919326782
02b39ad5ba9d37a9636311c7b4357aed,3,4,3.870623826980591,3.870623826980591
02f35b793b4fe3032ad6d91f181e391c,3,5,2.5989508628845215,2.5989508628845215
030de916cc0f437f63eb815c1e007caf,3,1,0.7417073845863342,0.7417073845863342
0325d6b779870b7bd216f3a81f6ab3d7,3,0,0.9218448400497437,0.9218448400497437
035587e63d72f8537b3fce5067bb18df,3,0,0.7392994165420532,0.7392994165420532
037c18f1a1ec42be86eed81b09867939,3,4,1.5028499364852905,1.5028499364852905
037f29b7d62479c7fb257903f401269a,3,0,1.9684568643569946,1.9684568643569946
03849b0243900d79446bb27849dc0bb2,3,1,1.9825862646102905,1.9825862646102905
03b113d63b06f6740d82b4cfa1ee4a75,3,4,3.9001758098602295,3.9001758098602295
03b7d118c5f1988fe73e568f23269c47,3,3,3.8691134452819824,3.8691134452819824
03cb612a6410c5503aa9cf3d0ba1740f,3,0,0.26039355993270874,0.26039355993270874
03cbe5d39233a65cd7f64a81094ccc54,3,0,0.46683835983276367,0.46683835983276367
0403dcc49b1420545299f692f7d8e270,3,5,4.646909713745117,4.646909713745117
040b2c98538ec7ead1cbd6daacdb3f64,3,0,-0.0483773835003376,-0.0483773835003376
043489a629f6bdec1d08515a6daabb78,3,1,1.476194143295288,1.476194143295288
046b35ae95374bfb48cdca8d7c83233f,3,5,4.879305839538574,4.879305839538574
04875b8121c928cc022dd6f26a307d06,3,5,4.732202529907227,4.732202529907227
04b66a150ef667f328aa378e1ee8d750,3,0,0.6751562356948853,0.6751562356948853
04c64f01e704712be3de4b5687f9bc9e,3,1,0.3327433466911316,0.3327433466911316
0535f33b47de82de3b506799149e3a53,3,1,0.2633034586906433,0.2633034586906433
053be6185799c8688b4988b7085c7958,3,2,1.0090969800949097,1.0090969800949097
0550b23f29085f41b10d165a46ad4371,3,5,4.076669692993164,4.076669692993164
05812e40387f49e4b21a7bfeca0cca2d,3,3,0.7209988832473755,0.7209988832473755
05819281002c55258bb3086cc55e3b48,3,4,1.1259160041809082,1.1259160041809082
0593354ca8cb549c63f547c29f3a7ff1,3,3,1.4961642026901245,1.4961642026901245
059ab4f2222a3231845f048a63036083,3,1,1.7599560022354126,1.7599560022354126
059cbf902c5e42972587c8d17d49efed,3,0,0.13627105951309204,0.13627105951309204
05a377208625fce1afdc4878e3185ca4,3,1,1.6261368989944458,1.6261368989944458
05e06bff98cf601bbee320f6547cf9ab,3,0,0.44932088255882263,0.44932088255882263
05f2ae45ead3e5737d102656366752df,3,1,2.9281227588653564,2.9281227588653564
060f60eeecf1ab502526a34db9caaf8e,3,0,0.2796928286552429,0.2796928286552429
06509deacf578c9d20cdb0c1d6f087cb,3,1,1.7967863082885742,1.7967863082885742
0674b9bfe2d2d8aa7731b02eeeee6be8,3,3,4.326837539672852,4.326837539672852
0684ccb184e2d459dbc06cb350da4293,3,1,0.3955792486667633,0.3955792486667633
06977be07ef2afb3ddfa7733f0c04917,3,0,0.010401705279946327,0.010401705279946327
06f714d78f6f5c545cd149cf71c7c1c1,3,0,0.9642912149429321,0.9642912149429321
0704a3d9638d1657d8b36968ce2b92f8,3,1,0.29660195112228394,0.29660195112228394
071adc8288cc111233b74980684c3552,3,0,0.4234950542449951,0.4234950542449951
079fed45c08f216f49fe4aff84d7e8d2,3,3,4.0454936027526855,4.0454936027526855
07a9fa12ce780b43fb5dfd7d24b861c6,3,3,4.12671422958374,4.12671422958374
07c2c3245c3a12051cb517038f946223,3,1,1.5571526288986206,1.5571526288986206
07e5efeb3064dd07d6392517cd3362aa,3,1,0.2595655024051666,0.2595655024051666
07eaadc46babea72e7fd1c3be000928e,3,0,2.8676021099090576,2.8676021099090576
07f1c3248162f27276cc1ce3a262f05d,3,0,0.6423441171646118,0.6423441171646118
0859f6978ecda3a70941d601287ef6de,3,1,0.6828839778900146,0.6828839778900146
0873fff5fceb087574469b8c9312eb3d,3,3,4.3528666496276855,4.3528666496276855
0876078db4e90065f7c16c892f74f404,3,1,1.061231017112732,1.061231017112732
08960c544011ae04f233828b7393fece,3,5,4.365821838378906,4.365821838378906
08b1c6fbb511776ac028b0a5c9e42ad2,3,0,1.1286548376083374,1.1286548376083374
08b92dd5bd510ff336949f1042c11991,3,4,1.5078001022338867,1.5078001022338867
08e7beb9ca5dbe53b59cbb27639bffcf,3,5,4.517771244049072,4.517771244049072
08fc8cebe98efe59cf5b234d8de36356,3,5,2.208714723587036,2.208714723587036
09471c7d6b4a7b117f7ab3a52d7828c4,3,5,4.573276042938232,4.573276042938232
09509b4bff15ef7a166e7964af2d683c,3,4,1.6098798513412476,1.6098798513412476
09e7ee8f114d5c39a71113bf04e9d6a8,3,5,4.368624210357666,4.368624210357666
09f37474deb25ad463c1d17e29054785,3,1,0.7798209190368652,0.7798209190368652
09fc43e064588dca30345bf48cea81a8,3,0,0.30031776428222656,0.30031776428222656
0a0f8e20b1222b69416301444b117678,3,4,3.7038116455078125,3.7038116455078125
0a107c91216d62b2543122a46eb26541,3,2,3.8489506244659424,3.8489506244659424
0a14e008bce3dbcce2470ca1123bd565,3,4,2.763784408569336,2.763784408569336
0a5b11fe9c149f5e2e41a5d16dc5f314,3,2,2.3887815475463867,2.3887815475463867
0a5d6a20d1429dd55b94ae1b857ad573,3,5,3.880868434906006,3.880868434906006
0a619ab32b0cd639d989cce1e1e17da0,3,4,2.0233852863311768,2.0233852863311768
0a836ea85157d6e0b92371d8ae18a55c,3,5,4.591633319854736,4.591633319854736
0a8bc9de5acf2d4a667a4528803d1f09,3,1,0.3620588481426239,0.3620588481426239
0a8c2bda6e00a040372185ccd9a3c4ab,3,5,4.514399528503418,4.514399528503418
0a90417765296ad56c6c4c401eae71bd,3,1,1.241997480392456,1.241997480392456
0a90f3a47f1d9bccee4f6ab1a716839f,3,1,0.28578972816467285,0.28578972816467285
0a93d9a674e358ba32e4e2ec320aefc5,3,2,2.7380778789520264,2.7380778789520264
0ace5c189da8f9f9d9cb92e85f142904,3,1,0.7277525663375854,0.7277525663375854
0b180497f297ce3ae7bba222099115d7,3,3,1.4209238290786743,1.4209238290786743
0b48fb4285d6ca230e336ec49d89304a,3,1,0.38137924671173096,0.38137924671173096
0b750909b5179cc92b2082a6c5e7ef72,3,3,0.735168993473053,0.735168993473053
0b99475a066e609a5ee19ee84e30e376,3,1,1.2358973026275635,1.2358973026275635
0bb6facc3ebad1582fca77968ff757c6,3,0,1.2565550804138184,1.2565550804138184
0bd231c85b2695e2cf021299e67a6afc,3,5,4.071681976318359,4.071681976318359
0bec02fc4922292847f64a9065d7b32d,3,2,1.2174452543258667,1.2174452543258667
0c0041c562f7cbcb69a4d195d5a06114,3,5,2.041269302368164,2.041269302368164
0c21345669287d5b299ed8d7d0f6e1c2,3,5,1.5621060132980347,1.5621060132980347
0c2964f57d972f4cadc28f5cdbe95f48,3,0,0.44160279631614685,0.44160279631614685
0c33f41946ffe30ce79d576e30d7c842,3,2,2.160815477371216,2.160815477371216
0c625807666551dc07436779d1969b24,3,5,4.47777795791626,4.47777795791626
0c782b90b01085cd1c390076363c6fe6,3,0,0.39862382411956787,0.39862382411956787
0c7d6e0e07621b5582117e9977327b4c,3,3,1.0927436351776123,1.0927436351776123
0c81adeb18c3a36eebc21d53a2052798,3,0,0.4242071509361267,0.4242071509361267
0c9932a7962d6d5a4765b2c9850e9c56,3,2,1.5756481885910034,1.5756481885910034
0cb3f826fc871be280fd81ddd875b221,3,4,5.024373531341553,5.024373531341553
0cbadddd6fd3eca47c33e48752f680cd,3,1,1.4402716159820557,1.4402716159820557
0d11cd4b1285e9704ecd9fbee3ee8544,3,0,0.32560861110687256,0.32560861110687256
0d3a60962ae62416519dd9f4c1f172a0,3,0,0.40450960397720337,0.40450960397720337
0d6b78c4294517bd27a007b4e41ebd5e,3,1,1.3489941358566284,1.3489941358566284
0e187aa3c8dd29c41e92af60d2dfb7e5,3,0,0.25766122341156006,0.25766122341156006
0e1f3c283a5756b1372fc67e5230dd35,3,1,1.0953093767166138,1.0953093767166138
0e2203e117e27e9728407f102404ac59,3,5,3.633789539337158,3.633789539337158
0e4e6e275dbdf6742d98d5f853b2eaf1,3,1,0.24915046989917755,0.24915046989917755
0e50d62c5d764fabebe2a05877bbdef6,3,1,2.014838457107544,2.014838457107544
0e5806abc1cf909123d584e504dd9bf9,3,5,4.443169116973877,4.443169116973877
0ebea13245a2b04ca3e6a482091e35d6,3,2,1.2973506450653076,1.2973506450653076
0ecca6926d339cd17e1c3bdb3a6bdc18,3,2,1.1918573379516602,1.1918573379516602
0f374b1b7edab897de6d3dcfecd1aac1,3,1,1.6431797742843628,1.6431797742843628
0f5c20d93b7c6b92fafc26069ebe239b,3,0,-0.1083914190530777,-0.1083914190530777
0f871f7b53fefec938ee7569319f74e2,3,3,3.5400118827819824,3.5400118827819824
0fcc5673242af956da6637881d14c414,3,3,2.313344955444336,2.313344955444336
0fee48bfc0a56f57a07134f30f54ca49,3,3,4.2935309410095215,4.2935309410095215
1001232743e59b621733775979b08c76,3,3,3.960909843444824,3.960909843444824
100baa8d87e72b100609e5a07c43fbfc,3,1,1.6608097553253174,1.6608097553253174
102457e538762e4082f7ee8a4d1a9e16,3,3,3.3963377475738525,3.3963377475738525
102aaf6f71973e1fe82551918255ba58,3,1,1.4079707860946655,1.4079707860946655
1075cff47acd7b66b405f2d186192ad9,3,5,4.931095123291016,4.931095123291016
10bf7780fc6540d6f79eae2aa2e5d4b9,3,2,0.9377492666244507,0.9377492666244507
10d3ed411fb2f2e829fd5574e76160cc,3,2,2.850581645965576,2.850581645965576
10d4b2144d1520bf7380ba99940a0093,3,1,0.6253829002380371,0.6253829002380371
10e8ee42a0d3052959f77b6c7d27dd9b,3,1,1.5866090059280396,1.5866090059280396
11024c824e699307cf890c95271039c2,3,2,0.29095667600631714,0.29095667600631714
111b574b0f3bed1be6764860d7ea7adf,3,2,2.6833198070526123,2.6833198070526123
11253234dfdb3f8252246a66f3440d6f,3,4,3.564587354660034,3.564587354660034
112736e8b78700f977df0da98c19e0c3,3,2,1.7926560640335083,1.7926560640335083
1141ca7040f9f32bf84531cc1b1d9f51,3,3,3.8134560585021973,3.8134560585021973
11685dcddfbc26b1c8dded45957469dd,3,0,0.08305510133504868,0.08305510133504868
117683a5298a7f5f8832b85c3e827750,3,0,0.2334401160478592,0.2334401160478592
119182caac2f060a5385107efe4472d5,3,2,3.4304449558258057,3.4304449558258057
11c5d0603ad03546001b684977df9993,3,0,0.3928639590740204,0.3928639590740204
11f1519eb38ea10e74539a5d96cc8567,3,3,1.4693914651870728,1.4693914651870728
11f9b8c48b800c4434f693f0e76bc3b4,3,2,2.08524489402771,2.08524489402771
122bad4033a205ea7a3963d2fd585e89,3,0,0.30291426181793213,0.30291426181793213
1254b6e7bf569bb23c87369196f6e816,3,5,0.8142167329788208,0.8142167329788208
12942b14ee8cde158e33d537cc3582a9,3,3,3.0880064964294434,3.0880064964294434
12991337ce60e83556332e5d7be52ef3,3,0,0.5134696960449219,0.5134696960449219
12e25a87792128bda9c444d1e1db5c20,3,2,0.7555252313613892,0.7555252313613892
130019276ea41cbc9c01147481b1d6db,3,5,4.288367748260498,4.288367748260498
1315d15b0d51a32a199c7e203740d3fd,3,3,3.9864938259124756,3.9864938259124756
134160267beeb22f782f92b728cc5abd,3,1,1.7603667974472046,1.7603667974472046
1351e50aead63f689072a7d605c9e976,3,1,0.37313011288642883,0.37313011288642883
1355acd8e4798125a040dd6d61578b1a,3,0,-0.1257173717021942,-0.1257173717021942
13676e50355c7661e2e2745ecbe2cb7a,3,3,3.991964817047119,3.991964817047119
139867ebde8b60c30e3dc6f6ae1b5a6e,3,2,3.4915428161621094,3.4915428161621094
139cb907ebee7f62b3999f62e9a753ec,3,5,3.365568161010742,3.365568161010742
13a8fe60e02b607f947bc9495821b1a6,3,0,1.2139538526535034,1.2139538526535034
13e54c704fc23b77d23ea515c16bc955,3,0,0.15166281163692474,0.15166281163692474
13fccfcbb4f797bef31dc3411881bde1,3,2,1.258487582206726,1.258487582206726
13fda059fd1f53956062ab04079b8cf7,3,1,0.6274887919425964,0.6274887919425964
142bb88e0db1abb959a792eb24b646be,3,4,4.234957218170166,4.234957218170166
1443a8d2509ecfda39e42fe18ce2d864,3,2,1.5596662759780884,1.5596662759780884
148b753bb4a61f27bc4f17c6d123e1ec,3,1,2.156393051147461,2.156393051147461
14be84455c24ef064605eccd0c80ff48,3,1,1.8805829286575317,1.8805829286575317
14e8546f89ef3481e9f99eff7c7a74d8,3,1,0.889565646648407,0.889565646648407
14ea2c01b8204092d14b2b182128b9b4,3,2,1.8792310953140259,1.8792310953140259
15081ecc0dd0de8694dd86e1dab23e54,3,0,-0.05441632494330406,-0.05441632494330406
157d8f1bb29e1288e265e5c15d70014e,3,0,0.37103530764579773,0.37103530764579773
1594bc57c05bef1f97faaeffceba6250,3,0,1.292433261871338,1.292433261871338
15a6a06636e0bb96ad2703a64d06fcfc,3,5,4.683602809906006,4.683602809906006
15b607e8ee4ebc4809b499b7b7699bec,3,0,0.30490028858184814,0.30490028858184814
15be10044a3e4b704d0822432416fde4,3,4,3.973646640777588,3.973646640777588
15bf6b34c8ce10b0eddf687e3a670e4d,3,0,0.16418640315532684,0.16418640315532684
15f760b0ede8f90ccc5327ccf4b771f9,3,4,2.614365816116333,2.614365816116333
163ee5ba5116b02bb3424105ab4b57e6,3,0,0.2710985541343689,0.2710985541343689
1665277114b8f7349da97f801a0e8061,3,5,4.277882099151611,4.277882099151611
168d6d2237b12cf241993ee140c2558a,3,4,3.743882656097412,3.743882656097412
16d60f4cf354e55767cd9ad2b7ccc4bb,3,4,0.5625156164169312,0.5625156164169312
16daea5ca6d034bed70a0b972ffa8374,3,1,1.3151856660842896,1.3151856660842896
171f7bcb6ead41478ece0bc757ea7e09,3,3,3.569345474243164,3.569345474243164
1785c37e3065cf68c0ef04d6fdb5dbcb,3,0,0.5659807324409485,0.5659807324409485
17ae9e54799a59930cca9015e503ac07,3,0,-0.25008583068847656,-0.25008583068847656
17ceaa3198ace548e0fd65b95c800a32,3,2,1.3929948806762695,1.3929948806762695
17de92c570fb51e416f02c6675678daf,3,1,0.24315901100635529,0.24315901100635529
17f368585f7e3bd1a82bdfa88b85e5e1,3,2,1.3702242374420166,1.3702242374420166
1806b2c1ff66377269ffc9a26ffde9d7,3,5,4.436253547668457,4.436253547668457
184965d59df827467527b2241f2d06e2,3,1,1.0369577407836914,1.0369577407836914
184a184ac82d72d499f99b67d6a1c631,3,1,1.8437142372131348,1.8437142372131348
184ade4deb68e6299183b68f1289ca5b,3,5,3.299257278442383,3.299257278442383
184b98556b06d9962dee7e737b23902b,3,0,0.4147159159183502,0.4147159159183502
18d66a4b8755474ebb3cf0ed64f3b401,3,2,1.4960905313491821,1.4960905313491821
191e83ee04803d8fa8b5c43f0fde09c1,3,1,0.918292760848999,0.918292760848999
192ef6b5c13cb775f8a1d3047c627d99,3,5,3.1535263061523438,3.1535263061523438
1932ff2c873d7b98914c8bf50a32f263,3,2,1.8374717235565186,1.8374717235565186
196e12042d3b6f07d722f0cf128a7765,3,5,3.200066328048706,3.200066328048706
1995d7f1f42ad259aae1fc004fbc6360,3,4,3.2639284133911133,3.2639284133911133
19b00475de6bf1629c4b797397632711,3,2,0.9649783372879028,0.9649783372879028
1a1229aa03a98248db658d6c2ae18478,3,1,0.8025116920471191,0.8025116920471191
1a12bfa2c136b75f8faa911f625b2ef9,3,3,3.7557952404022217,3.7557952404022217
1a47516a42e7fd48f8a05253ad26ae62,3,0,0.25077003240585327,0.25077003240585327
1a4ca4766f17d9244e867783c042fb53,3,2,4.2426018714904785,4.2426018714904785
1a66b4d3dbb1089891835d2698c6deec,3,5,4.6659088134765625,4.6659088134765625
1a9dc3df5b76c7c4968530cdc05df1ec,3,2,2.974672317504883,2.974672317504883
1a9f78cc32989e67762cf35090a6319f,3,0,0.12566491961479187,0.12566491961479187
1aaa3e8a1b4a738cb9a2d358dd45dbc5,3,4,4.185433864593506,4.185433864593506
1ab9af72a41c10ab6e385d4fa97b37b4,3,1,0.8606328368186951,0.8606328368186951
1ac235330a79126d7b6e99abfe615161,3,1,1.3185361623764038,1.3185361623764038
1ad3541a3fe674e74dba9b3507eea0d7,3,1,1.287014365196228,1.287014365196228
1b02a0433382c74a83904b008dab6a92,3,2,3.0027999877929688,3.0027999877929688
1b4e035a6233cc3d80ececed44532129,3,2,0.12220901250839233,0.12220901250839233
1b5076baaa25ce4ab5e9da8e0ae041ca,3,0,1.1972275972366333,1.1972275972366333
1b827e1b8a49b6f59b4ccad9d6323e57,3,3,1.6407592296600342,1.6407592296600342
1ba43868a64036f2ad3b2cbc2a982f97,3,0,1.03840970993042,1.03840970993042
1bbde495fbbf31612ecf4f29a25b9966,3,1,1.0422621965408325,1.0422621965408325
1bc342d4ebef1660782a5a477f916083,3,1,3.5760035514831543,3.5760035514831543
1c3c1fe065c9325cbfcab6722d6b9b39,3,0,0.19921985268592834,0.19921985268592834
1c691c8c6fd05875e916519e1dca50a0,3,0,1.0806456804275513,1.0806456804275513
1cdd6def1e3099a9763938457cf0b4be,3,4,4.137031078338623,4.137031078338623
1d2e39029f1d50a22bd157b3fc4f6b16,3,5,4.255407810211182,4.255407810211182
1d363430fe95e7bf857cd20b5759a9cb,3,5,4.544867038726807,4.544867038726807
1d3b91cb4283e31af1436b4f55396623,3,3,0.48974359035491943,0.48974359035491943
1d46f4df1dfdf3fa0a06b21e9f9ae99a,3,2,3.597428321838379,3.597428321838379
1d5d638e25521b927dd533db4fadbd46,3,2,2.2886319160461426,2.2886319160461426
1d7d62aa2c349f831a43aa023412bd1c,3,4,4.4361467361450195,4.4361467361450195
1da8a722a706485d9299b750b3be0a38,3,0,0.3039247691631317,0.3039247691631317
1dc7abaf979206e3c54f6f03072ed941,3,2,0.814588725566864,0.814588725566864
1dd805b0572515c3eac56564cddf181c,3,0,0.3001142740249634,0.3001142740249634
1df857f30247a04b2a529e8addb5f3d1,3,2,2.2902579307556152,2.2902579307556152
1dfa9e0e91f817fbd98ae93fc20d6255,3,5,0.395516574382782,0.395516574382782
1e0379988bc494245913cc4bb10fb8c1,3,3,3.4075310230255127,3.4075310230255127
1e1862f8927813cacf7391cc55848ba4,3,5,2.4762606620788574,2.4762606620788574
1e644a98460e4f7ea50717720a001efd,3,5,4.319797515869141,4.319797515869141
1ed6debd60ccda239c0f6eb93306ee26,3,0,5.2838826179504395,5.2838826179504395
1ee1681eddf2ebd32e9207c583db4d09,3,0,0.05711093172430992,0.05711093172430992
1f22040fa64f8ac3d16c27f038b07e62,3,0,0.15419551730155945,0.15419551730155945
1f368e9829e850bd6b6de7a521376720,3,0,1.1445977687835693,1.1445977687835693
1f6da112dfe5edad33a992c7906ef1cc,3,2,1.6406335830688477,1.6406335830688477
1f7819845dfc427b9fb10a3420deaba4,3,3,3.7007498741149902,3.7007498741149902
1f7d9fb7fcfae8b5c2395fb7dd5222f3,3,1,0.18865352869033813,0.18865352869033813
1fbc262d3ebf45b12fda7cd8b6125b0b,3,4,0.9733089804649353,0.9733089804649353
1fcf738e075d2efad20e9b1d6cf3961f,3,1,2.388923168182373,2.388923168182373
1febe89c017446eadebd0fce9a68b537,3,2,3.219655752182007,3.219655752182007
2009aa01bb165a3c8a6b3d5a633ca9ce,3,3,3.8813862800598145,3.8813862800598145
203256da67cb1aab601d3af3f13d5db5,3,3,1.8885250091552734,1.8885250091552734
20478545f99d3c8cc9d3d262a40bae74,3,1,1.2276701927185059,1.2276701927185059
206c5193a3d82da78c115c6dc4b4cf6c,3,0,0.30294549465179443,0.30294549465179443
2072739e2ab35b10028fadda30660e42,3,1,1.6459840536117554,1.6459840536117554
209e212fd587a016db5b429425778aa5,3,0,0.9130227565765381,0.9130227565765381
2144175d2259fe321bd5be95bea58d89,3,1,0.8863393068313599,0.8863393068313599
2146b81f11fac3a65d644c9ca3c23ebc,3,1,0.9501314163208008,0.9501314163208008
21d307db700f7fc8904081fe0894c81d,3,4,2.168073892593384,2.168073892593384
21da367ab5b9d2b74882cbd626042608,3,3,3.347537040710449,3.347537040710449
222b3051fe1a0783b2ec382191714e54,3,2,1.262452483177185,1.262452483177185
224204f1ccde52b6d5a43c94440d9324,3,0,0.6412795186042786,0.6412795186042786
226301ee1193716a8079c58d8669b4f9,3,0,3.181375503540039,3.181375503540039
226b94e61f78ecb7be9f4301771ab7c6,3,0,0.47661900520324707,0.47661900520324707
22929b2cf2dd413c3a4f6f737d02a74c,3,3,1.3000177145004272,1.3000177145004272
22a1fe33bc997f4e93c147d90a2b93de,3,1,0.26140621304512024,0.26140621304512024
22bc9ce13212880e57eb842bd19375d6,3,0,1.3878490924835205,1.3878490924835205
22cfe834f8eb30a0d2af73cfa957e555,3,1,0.90724116563797,0.90724116563797
22e86f6f501c3a922f756b2bca597a01,3,1,0.23476792871952057,0.23476792871952057
237f5ce41bb73c120e10024a66602ea7,3,4,2.344027519226074,2.344027519226074
239660e9bd9561c6167ab5b46105b035,3,5,2.1325535774230957,2.1325535774230957
239e61368d2da4c31752f3d7a9173f6f,3,1,1.0271728038787842,1.0271728038787842
23e7cd1cf2deb4c870ed6d282283c329,3,1,1.8055487871170044,1.8055487871170044
24059c009e9ce9f671be3182eb6e24e3,3,0,-0.09835556149482727,-0.09835556149482727
240b648441500e0797a6883cf8b81a8d,3,1,1.3172919750213623,1.3172919750213623
24303cf860c2a29fdc618efef5da00ba,3,0,0.46733173727989197,0.46733173727989197
243111debafd72d448a03ca22a0be2d7,3,0,-0.1050368994474411,-0.1050368994474411
244aaeaceae1f9c1bfaae192bf4d2984,3,4,3.492511510848999,3.492511510848999
245f3500e86798b42b985e4322fa219f,3,1,0.2651086151599884,0.2651086151599884
248055652d366e498410b86a233d8978,3,3,1.0804660320281982,1.0804660320281982
24d1d744c187ef83d2f29a2283a6ba96,3,1,0.6667143106460571,0.6667143106460571
2504201b348be545fcf6c73ecce13532,3,0,1.6027504205703735,1.6027504205703735
250e91349b32a3a0a04153a94c9c5844,3,5,4.669020175933838,4.669020175933838
2530082d8f4b3eee15503339398d7fb3,3,1,1.0350016355514526,1.0350016355514526
254289dc6ef3ccf26a7ee32617106936,3,3,4.420246124267578,4.420246124267578
254efefa21964ee7664503a878757485,3,0,0.6733285188674927,0.6733285188674927
25591f9ed81c3fb2001ce4e62b08b627,3,1,1.0618641376495361,1.0618641376495361
255b7b763760bd0cd6774aad75a3e0eb,3,0,0.2384038120508194,0.2384038120508194
25793bdf166c37d6d462ff0f0cfc5b15,3,0,0.4397941827774048,0.4397941827774048
259e66de7ab753d9c36797b831ce518e,3,1,1.6997188329696655,1.6997188329696655
25a213edbcc763a0b37c60d060c028a6,3,2,2.1944754123687744,2.1944754123687744
25ab0410a69c9d163d0371bd82b2291a,3,0,0.3287535607814789,0.3287535607814789
25ab6fdebec09bb2b98756d9068a4c09,3,0,1.3754054307937622,1.3754054307937622
25c2b08a48f106eab07ae2586a70a5fe,3,1,0.46790939569473267,0.46790939569473267
25c2e6b1c5a915c24df1732d4de8e435,3,5,4.134251594543457,4.134251594543457
25c5c31bc182f9c26fb4c084e1fa2df4,3,1,0.09327572584152222,0.09327572584152222
25caa73d08a34c0bedd8034cb4a623b5,3,3,4.29133415222168,4.29133415222168
26346b4e789c4f7c871f5f0e689b41d5,3,5,4.466335773468018,4.466335773468018
265e7f265773d27e1770a3cd3ce05677,3,0,0.0669558048248291,0.0669558048248291
2673584f9398ce0acb21a86a1a711088,3,0,0.1737225502729416,0.1737225502729416
26868ac74c4ed809efbae61c6ba15726,3,0,0.554184079170227,0.554184079170227
2694eb0781b846eb79f88ca295a821d5,3,1,0.4231003224849701,0.4231003224849701
26a271cd2fdd034304566deb6bcfdafe,3,0,0.18455752730369568,0.18455752730369568
26aeae00f116e0b0154b8e9e7df44f28,3,1,1.158745527267456,1.158745527267456
26bc992079d504e172e50fb565915bf7,3,0,0.5315426588058472,0.5315426588058472
26f2d29004f336693739d11c4047816f,3,0,0.4257188141345978,0.4257188141345978
2714e18fc6a1e7b6385901f04c2760f2,3,1,0.9862194061279297,0.9862194061279297
273aca7c9745bca16dcfb07930f0fc52,3,2,0.6649503111839294,0.6649503111839294
27489a7f1972687cccb1258116ff7f10,3,0,0.4626961350440979,0.4626961350440979
276fe75dba8074234beaf8bb9782085a,3,0,0.25684744119644165,0.25684744119644165
2795d566011881cc6814096518b4a214,3,2,1.4337687492370605,1.4337687492370605
27a17fc7cc2919bb39ac51dae3c377a5,3,2,1.2095178365707397,1.2095178365707397
27df50f5957b4cb382beebc93e3a1966,3,0,0.6397379040718079,0.6397379040718079
27e5bb4709a5b4e8dd9f7c7a3f45fa2d,3,1,1.6045633554458618,1.6045633554458618
280220720b546eacfa223edf513ec94e,3,1,1.6369060277938843,1.6369060277938843
282cb9398d53504c4fdae1e18d2dbfbf,3,2,2.191769599914551,2.191769599914551
284fb1dab2ace8d8a67e590395096142,3,1,0.4328414797782898,0.4328414797782898
286e4c0e3f65869597aad4faba94b9bb,3,0,0.33404695987701416,0.33404695987701416
28773bed9737ae69d31bee2766704c0d,3,0,0.6526500582695007,0.6526500582695007
28c5a726ef22dffa940c6a38f2612fc3,3,2,0.5240470170974731,0.5240470170974731
28d2e92f40bdd98d7cd5275fa448fe2d,3,0,1.0482357740402222,1.0482357740402222
28d634f91167158876095cfed86ec0d1,3,2,4.084189414978027,4.084189414978027
28e51d6764c6d71b78406be1fb53b76b,3,5,4.664683818817139,4.664683818817139
28e69ed7b2c2b132b29d50a9ccaf6238,3,5,4.0059709548950195,4.0059709548950195
28eaf92d73381366c785c97a675762a4,3,2,2.4061834812164307,2.4061834812164307
28f40860b7c8b473ddf40b81898f2339,3,1,1.491457223892212,1.491457223892212
2900c4adc2de0d0e57f2da522a337410,3,0,0.20631860196590424,0.20631860196590424
290c577d0c6de06fd2c82375427d9bd9,3,1,0.1902354508638382,0.1902354508638382
294ec32adf84bc61c69974ae54cf7e83,3,1,1.9438722133636475,1.9438722133636475
296c0eebe031a2dfa58e2921f74354dd,3,1,0.6358940601348877,0.6358940601348877
29717c0234da6f914f61eb927d138896,3,4,3.323540687561035,3.323540687561035
29828828368fdf428816c8268444833e,3,0,-0.22673721611499786,-0.22673721611499786
29902e0468255fe761c664658ec3b751,3,2,1.6735289096832275,1.6735289096832275
29ac0dc44c2f3136d4867882bb9edcd9,3,1,2.3397443294525146,2.3397443294525146
29e8b967adbf884c2660762866e364eb,3,5,3.6660923957824707,3.6660923957824707
29fe9e445bbf0c9d84aec6799cbba4a5,3,0,2.9614672660827637,2.9614672660827637
2a0f517e43256b1e6580c389d95cc96b,3,0,0.4232073724269867,0.4232073724269867
2a1618d215aa5f7b175930c94f46ac80,3,2,1.7656655311584473,1.7656655311584473
2a1a6a11e1eca0c26b102832b362a5f3,3,3,2.813654899597168,2.813654899597168
2a4cff606b103cb1698560ba1dee0eb6,3,4,2.614750862121582,2.614750862121582
2a5ac092c2766b2750c68c227d5357c8,3,0,0.8612966537475586,0.8612966537475586
2a709812f21cab8f45ccc91371b7dc5f,3,5,4.53190279006958,4.53190279006958
2a837ababa0cb124818a3b4852244711,3,1,0.7790350914001465,0.7790350914001465
2a8a6a2ae403793e716160d1bf5b5441,3,2,2.1658599376678467,2.1658599376678467
2a907778714d02eb4c3bb613093820ed,3,0,0.18233290314674377,0.18233290314674377
2ab52c52ba33baff64d3de0c8e10bf82,3,2,1.1639177799224854,1.1639177799224854
2b2101125ce01016af9496bed25908e1,3,1,2.4617018699645996,2.4617018699645996
2b279c048e084401a4f953ebd66d3c84,3,3,3.1430768966674805,3.1430768966674805
2b2d9708e830ea9fb021f1f7ad96f25b,3,3,2.2325429916381836,2.2325429916381836
2b4d629c0b0a02ddfb05cc41c0c8dc65,3,4,3.8980233669281006,3.8980233669281006
2b4e8eac6e778eddf0fe5b64e7ab47a8,3,3,2.775681495666504,2.775681495666504
2b692574e216f29a6c1b40d7ca36c086,3,1,1.1289000511169434,1.1289000511169434
2b8b2114b8fac07416addd3d440e0350,3,0,0.29195985198020935,0.29195985198020935
2ba44e7f931c66cb48e41c58bdb25c89,3,1,0.5245305895805359,0.5245305895805359
2babdf1162041d360cbb252043e5912b,3,2,1.8916552066802979,1.8916552066802979
2bae80bd95f31d80a4e101ff44f4c0e8,3,0,0.10021772980690002,0.10021772980690002
2bed4be8e6d950d76394d0552c59ddfa,3,0,-0.11089521646499634,-0.11089521646499634
2bf1bd8e01f52377993bdeaeb88c570f,3,0,0.31588050723075867,0.31588050723075867
2c338fdeda4b425aec3800c89246828a,3,1,1.6710175275802612,1.6710175275802612
2c64c620bb90c077032831ccc57361dd,3,1,1.0414735078811646,1.0414735078811646
2c654377bd25b4e7ba71f32ddac3045e,3,0,0.2540137767791748,0.2540137767791748
2c875f4a66fa395e8781dd797a6ea8db,3,0,0.29150351881980896,0.29150351881980896
2c98f05bcfa52796fbb66a10f15ad826,3,2,1.1855905055999756,1.1855905055999756
2cb257b54e4f700a448606578ac3261b,3,0,1.1566952466964722,1.1566952466964722
2cd0af2f881832c9f718c8f435048cd4,3,1,0.764277458190918,0.764277458190918
2ce7388467758e8e5f310aba63f87ead,3,1,1.381701111793518,1.381701111793518
2cf4acada2a853e1415674e8e04da605,3,0,0.578689694404602,0.578689694404602
2d0f5c3a7e2c2fc4bd659e853380fb20,3,0,1.7574875354766846,1.7574875354766846
2d1ab39f0ff6e7285467da5c26750d20,3,4,2.945586681365967,2.945586681365967
2d2b8462838f388306beebdc1e2994d0,3,1,0.3290676772594452,0.3290676772594452
2d972bda9d6baa13d47dbcfec586429e,3,1,0.2946135401725769,0.2946135401725769
2db3720a45f02467c5863f2755ca18e1,3,2,1.3732131719589233,1.3732131719589233
2dd9b8080f0f72ec8521d3d72a4bf018,3,2,2.2166807651519775,2.2166807651519775
2de0597cbb7af462bfdb7b1c4f935248,3,2,3.398094892501831,3.398094892501831
2e29362867ce157b32293c93d133539b,3,0,0.4555704593658447,0.4555704593658447
2e334c25ab0f1ca7dfacf732073be953,3,2,2.6747374534606934,2.6747374534606934
2e8108a8a3804a73fe77559ee141af8e,3,1,0.48513633012771606,0.48513633012771606
2ebc99a3c4af2b3f021ab423c0ab1e8a,3,1,1.1721292734146118,1.1721292734146118
2ee68cce1ed0a65cf352ed55488979a0,3,4,1.2534064054489136,1.2534064054489136
2ef63698c41601df57031b3e1313bd0a,3,4,0.5542166233062744,0.5542166233062744
2efc345029c31b8c52f224ced1029ff8,3,2,1.1005959510803223,1.1005959510803223
2f051c3fc82f154a76189c707c3293ea,3,2,2.282656669616699,2.282656669616699
2f4a98c5cb069aca8fca131da4cd7aaf,3,1,1.999467134475708,1.999467134475708
2f4b34b8dbe73484255823c89c9c44aa,3,4,3.175523042678833,3.175523042678833
2f711ff54c15f3d9d627cb5e98b278fb,3,1,1.7177690267562866,1.7177690267562866
2fb49b4bb80d5c1f3b5b2fc44fa8a763,3,4,4.2982587814331055,4.2982587814331055
2fb68d6713a52e322692dbc99ac82444,3,3,3.6161446571350098,3.6161446571350098
2fd30e8bcadfd927b8280fb9d7fdb610,3,1,1.5391597747802734,1.5391597747802734
2fdcb544b8c07838dd6bbc0b609e80b6,3,4,0.5678715705871582,0.5678715705871582
30353f220e31776ecc7610f803d9b6d4,3,1,1.198488473892212,1.198488473892212
304ae907fcbca6426b7a2015eeffd501,3,2,0.80140620470047,0.80140620470047
30515517119578d33d884c8bba103079,3,4,4.267428398132324,4.267428398132324
306c500894cef0f73406f227152ef357,3,0,0.9070839881896973,0.9070839881896973
30a51ed1a47b8312c8607b32e37cce85,3,1,0.9497944116592407,0.9497944116592407
30a54c050c9eb531d2709b05ede484ce,3,0,0.30064478516578674,0.30064478516578674
30ad3675c2b49fad2eb54c57bd76b791,3,0,0.37547028064727783,0.37547028064727783
30b5b45882af856464150d2bd86668b1,3,0,0.29535436630249023,0.29535436630249023
30b5ee6b12c39a6b22f0ed0875e0452d,3,1,1.4083497524261475,1.4083497524261475
30c978d8a7cf9d17410584f1fd4bf5ef,3,1,0.9434139728546143,0.9434139728546143
30ec590d9ad752737dae45f47f2b37cb,3,1,2.110628604888916,2.110628604888916
30fe53074379ef47b2269368ceeb531b,3,0,0.23647020757198334,0.23647020757198334
3111867f5335731289a4feb3db5644b7,3,2,1.6762751340866089,1.6762751340866089
3153fb3c7de0d4451a51d7899b9107dc,3,4,4.081262111663818,4.081262111663818
3166c2eecec00b44f1ded2a024b93240,3,1,0.6454945206642151,0.6454945206642151
3188f3061a095a59f0ba6130014a3679,3,0,0.1080874651670456,0.1080874651670456
31a7aefb0e4723400ba7934ff463d663,3,1,1.9740136861801147,1.9740136861801147
31b7e0ab60877ab8de35a95e04629144,3,4,4.302481174468994,4.302481174468994
31bebafb463103bcfb0d5be7141720b0,3,1,1.0721747875213623,1.0721747875213623
31c2c473c5f4101dbb928548bd176ae7,3,0,0.2682499289512634,0.2682499289512634
31cf52bcc7a77d04bb82932c235c796f,3,2,1.036283254623413,1.036283254623413
31e2791b5cab69a7ad81589bf9da9c4e,3,0,1.3437587022781372,1.3437587022781372
31e5c663f99421030b778af7f2dfe339,3,0,0.905298113822937,0.905298113822937
31f51b7b36414dc9f0ddda7cac67328f,3,1,1.811391830444336,1.811391830444336
321c9acd852ae2de358f0519adefa413,3,0,0.3741750419139862,0.3741750419139862
322b308222ea34f31e3c1191ecdc663b,3,2,3.341017007827759,3.341017007827759
324f605f884d850b88a4fb5db437eb1c,3,2,2.619676113128662,2.619676113128662
325e3be7a65743676ea732b08b9b26d6,3,3,0.9092226028442383,0.9092226028442383
32ed7a2359cfebfb8db4eb360c784adf,3,3,0.9049542546272278,0.9049542546272278
32ff402bc897175da9f8cef21d98e3f7,3,5,4.099909782409668,4.099909782409668
331e4fe39216db524c07eab27b107cf7,3,1,1.617883324623108,1.617883324623108
33431b7e55430ad8b17a6a61f9ce8f88,3,1,2.510857105255127,2.510857105255127
33886505edad882dfed435954e9723e5,3,1,2.4250094890594482,2.4250094890594482
339af1c837c6046bcf11ef8f6ee7a3c3,3,4,4.044671535491943,4.044671535491943
33a9999af688cef83c55fe3579c4bd53,3,2,1.901553988456726,1.901553988456726
33f343b9a016f58f2e78d1b2109ffab9,3,0,1.0630642175674438,1.0630642175674438
340236fc3587d38939e3dd669bbfe3e8,3,3,3.9354989528656006,3.9354989528656006
340517b590a8d20a3c8a13c8d3df4099,3,1,2.045025110244751,2.045025110244751
340a470bf7a9667523386de85bafa32f,3,2,0.5429760217666626,0.5429760217666626
341c392a86a83c179d50ff99330f067c,3,5,4.548763751983643,4.548763751983643
34238501396310a6512eccb0120bd85b,3,0,0.24461090564727783,0.24461090564727783
342b38a965d96d8e8b606ade1094e96e,3,1,0.23798339068889618,0.23798339068889618
343071a8c11157ff068bfcdbc0f76ca9,3,0,3.840322494506836,3.840322494506836
344764125b7586cb29d3af60106bd807,3,1,0.363328754901886,0.363328754901886
344cc56a75aa993d5b20be3f31210879,3,0,0.308229923248291,0.308229923248291
3474fd9accd7a2a6e537b295161930bd,3,0,0.3381868004798889,0.3381868004798889
347a582c6b8c3415b576cc8a53c83599,3,2,2.657679557800293,2.657679557800293
34bf9dcd2f03642e6d42163091900112,3,5,3.6337740421295166,3.6337740421295166
34ed0654b8e0fe5bbe2a9741433f7658,3,0,0.6352805495262146,0.6352805495262146
3516c82481d652069ea4d5ab5e082041,3,4,3.410083770751953,3.410083770751953
3516d06f3dcb2e9959661efb48cf081d,3,1,0.37800365686416626,0.37800365686416626
357bb7135ffd688bbd6ae0efc984342e,3,1,1.5578960180282593,1.5578960180282593
35c399eb25d0d2fbf45481de19e53366,3,4,3.584547996520996,3.584547996520996
35cc820298fb447703ab51875b3966d2,3,2,0.8233877420425415,0.8233877420425415
35e310aa5194c62964c02048ac88ca64,3,3,3.363406181335449,3.363406181335449
365966c438c314e225b1c81cccacb187,3,3,1.7804993391036987,1.7804993391036987
3659d03cf49bd6a1f648edc1423c711b,3,0,0.6682069301605225,0.6682069301605225
3659fd7b7207e8a9c2595c04aef3587e,3,3,1.392691731452942,1.392691731452942
3661d2a88cc96afa89958c09f5818789,3,5,3.783050060272217,3.783050060272217
36b63b6aac630b8b13f9097001c0bf5b,3,4,3.7041690349578857,3.7041690349578857
36b7bc1afe9dab20f17f4853e362bc68,3,5,3.9884047508239746,3.9884047508239746
36d601499ced6c8d29d9cdd5a42db4cf,3,0,0.2961299419403076,0.2961299419403076
36e1858ce9463be49695c4517cc3855c,3,1,1.434611201286316,1.434611201286316
375df231fdc9598606a966787173c056,3,3,0.7991222143173218,0.7991222143173218
3768074389f48288edbc2c79261dea2b,3,1,1.4930977821350098,1.4930977821350098
3772be22ed5750f38e3eb653984d9b02,3,5,4.689656734466553,4.689656734466553
37d10efa4de1f3359dc6c41004764560,3,1,0.25852450728416443,0.25852450728416443
37d3511b61cfe994b82147b5d4b09ae4,3,0,0.30901363492012024,0.30901363492012024
37f5347d97a99a1fce74a21f587bf48c,3,1,1.7958372831344604,1.7958372831344604
3818629922ae8cfaf651080972cba367,3,1,1.5171345472335815,1.5171345472335815
381d70c821fce9d79032bc113f10ec43,3,3,3.480889320373535,3.480889320373535
381ddd18fa17308212e26e03c2c54542,3,5,1.0308054685592651,1.0308054685592651
382abdb964afacf4ada2f83c46fe3339,3,1,0.6285120248794556,0.6285120248794556
382ddc25ec205c031a76956d6060bd2b,3,4,2.2473199367523193,2.2473199367523193
383832c3a141f0c57b3bdef29a9b2b76,3,5,4.153885841369629,4.153885841369629
387c0c2633848a562d0299cb667239fd,3,2,2.6009011268615723,2.6009011268615723
3881c52ed1b5f133d47b3120cf402c44,3,0,0.13757269084453583,0.13757269084453583
38837d7934505b74d0b4e1830a0c5511,3,1,0.25413691997528076,0.25413691997528076
38b05b6f866c00580bb9cf735d1acddf,3,4,3.188422918319702,3.188422918319702
38c56b3621847c17b9cd91046d5fdb5c,3,1,1.4153202772140503,1.4153202772140503
38da5a625694c55fccb0c6daeb2fdd58,3,5,4.819708824157715,4.819708824157715
38dd9b5e9305db00277469acb8d71d2b,3,0,0.936301589012146,0.936301589012146
390b6c326276221cb3659d2132fb7d3e,3,1,1.0231354236602783,1.0231354236602783
39114f65aa3185f05c4921cd2ce081eb,3,2,0.8622428774833679,0.8622428774833679
393ff5d6edd16d9094d468789febbb4a,3,4,1.3356374502182007,1.3356374502182007
39e0f864a25b0498bf35d6d27e36d4f3,3,3,0.4734860062599182,0.4734860062599182
39e8d791376036f4f802d9409fb1ea22,3,1,2.8594536781311035,2.8594536781311035
39f035c4879cd4b2bff7ee2830beea47,3,2,0.9757252335548401,0.9757252335548401
3a1ddf8e4a84bd270520fc080f4a3f0a,3,3,1.5314452648162842,1.5314452648162842
3a2543c397bd17d87f9f73ac1a1a6646,3,5,4.448339939117432,4.448339939117432
3a5a4b141bdcd49744bc7fbd4f880e22,3,1,1.3432873487472534,1.3432873487472534
3a76c877851189ebc84fc86afe311276,3,3,2.3975560665130615,2.3975560665130615
3a9d5791b0cc64ff0dae5dd26e6006ab,3,1,1.3069597482681274,1.3069597482681274
3adce342ef22a58a87593d0c3dd2bf28,3,0,1.397564172744751,1.397564172744751
3ae9efed0835dad28f0c0763533290f1,3,1,2.439180850982666,2.439180850982666
3b0db85aa28349cd4caf4c53531f28b9,3,2,2.2915706634521484,2.2915706634521484
3b56a9aa8513f7510315549ac025c54c,3,4,2.298046588897705,2.298046588897705
3b5b3a2cc026cf58cc19bfa66b4873e3,3,0,0.8723873496055603,0.8723873496055603
3b60ca0ed4e75480321776ba7aeba987,3,0,1.4215302467346191,1.4215302467346191
3b7f094d2e4a2c14d38961d386f9b2ca,3,3,3.4955506324768066,3.4955506324768066
3b8516e22443c84f95935e2b41c73666,3,1,0.5369301438331604,0.5369301438331604
3b994de767ea6fb282fe774f88f3fe3d,3,5,0.42979753017425537,0.42979753017425537
3b9c3ae2d2f1abe1498d4c746769aaa0,3,5,4.067155361175537,4.067155361175537
3bb8426f5536b507843d3c99ab0a5e8e,3,2,2.082132339477539,2.082132339477539
3c009593bcf6cdfd25a06a0488c76941,3,0,0.4660758674144745,0.4660758674144745
3c01808e1ea1eba5f6cdd015c4738426,3,3,3.6750333309173584,3.6750333309173584
3c3aa44696a719df615ab982dd7c95e1,3,1,1.7196794748306274,1.7196794748306274
3c3b1cae5538b0e4dcdfd6bdb492fd9a,3,1,3.1733644008636475,3.1733644008636475
3c7975c16b2cdfb94d17b86f33219f65,3,1,2.609617233276367,2.609617233276367
3c95f95c1e0ec8f7562987dbf3cd1d7b,3,1,0.6614779829978943,0.6614779829978943
3cb4631d3f2db61bfa503633d37dc45a,3,4,3.9176218509674072,3.9176218509674072
3cd794a0d73dfa57584678c555db2251,3,0,1.014965295791626,1.014965295791626
3cffc0a753d8225be623b0660c597d2d,3,5,1.9528627395629883,1.9528627395629883
3d3de59a9cdafdb58eb5ffde8dab8d70,3,2,1.80984365940094,1.80984365940094
3d459935dae8bbeb5bda9cfc40e4b3ab,3,3,0.888617753982544,0.888617753982544
3d7a6ed3325520d2325441bb3ede70ea,3,4,0.5573832988739014,0.5573832988739014
3d8d028bd6c5663eb4721bd74002000b,3,5,1.749992847442627,1.749992847442627
3db32216102af6f7106c9124bf71d097,3,3,2.8142170906066895,2.8142170906066895
3dde322f1be699760d69795509fc8ea0,3,2,0.3888246417045593,0.3888246417045593
3df9fd5c97b9d9a7a92c284a5df2117e,3,0,0.3024771809577942,0.3024771809577942
3e0ffdd220288ab384e08bcb9b46b843,3,1,2.3879261016845703,2.3879261016845703
3e1160cd1ee5bb7c72a9ab1b5837eba2,3,3,1.8105731010437012,1.8105731010437012
3e16a4a0816d8380163af60dfc884195,3,1,1.367032766342163,1.367032766342163
3e5bee4290a7ad08e44522df7ed98763,3,3,3.0249135494232178,3.0249135494232178
3e82e6ca41e6bb8dc98c7006d5ccdba4,3,0,0.9491387605667114,0.9491387605667114
3ea446fb35b118a634e5f5ce509f672b,3,4,3.385867118835449,3.385867118835449
3eb78cf9f0a6b4e56e8299d79ab0c1bf,3,0,1.278591513633728,1.278591513633728
3ec6c7eb5ad53fd8a1641433ddf33eb6,3,0,1.1988776922225952,1.1988776922225952
3ef789f8caa7186261ad9f77bb552c7a,3,1,2.0114097595214844,2.0114097595214844
3f156d535f158d7a4370cf836520b185,3,0,0.646462082862854,0.646462082862854
3f434f364fee7d817d8a7f32364670c4,3,0,2.0808486938476562,2.0808486938476562
3f5ace05ae2e2cee322fdee09da53f0a,3,2,3.0552854537963867,3.0552854537963867
3f9f4281ff7b4f7de85986680ad239ef,3,0,0.20813024044036865,0.20813024044036865
3fbe2ab4f1952e0ffa467c88154b5b14,3,3,2.2182321548461914,2.2182321548461914
3fc7575b9b8a667c684a278415868b4a,3,1,0.4971669316291809,0.4971669316291809
3fe714b813af46964b35be3b5dd066af,3,2,1.9417637586593628,1.9417637586593628
4002b1133f43037e87085d13da0db7b7,3,2,1.2885041236877441,1.2885041236877441
4020266ddfa512a56569cabefdf652dd,3,2,1.0122270584106445,1.0122270584106445
404702c384b622b8bded2b8ab146ad93,3,0,0.6178019046783447,0.6178019046783447
4059e344d07af05771b57fc3c89a7549,3,2,3.9645166397094727,3.9645166397094727
4062ce560462d86b1958be7fc155d9ce,3,1,1.1438283920288086,1.1438283920288086
406a55527c14d8c90521997d19023a51,3,1,0.5398674607276917,0.5398674607276917
406a9e1224e5795fdaaf3424b8c593f7,3,3,1.4066234827041626,1.4066234827041626
40b2f139228855bf5f5551e8bd872ef5,3,1,1.7935768365859985,1.7935768365859985
40b5f6642d5ce531ebf51929eb9c0cc8,3,4,3.5383567810058594,3.5383567810058594
40d6e4442b79b10865ca062d189c8913,3,1,1.1120284795761108,1.1120284795761108
40d8910aae2678a68e643f3e01cceb1d,3,0,0.020356088876724243,0.020356088876724243
40ec1569058af6c26f95522ccfd30693,3,1,1.308233618736267,1.308233618736267
4116d06d3791a21a4061bade884b4a75,3,2,3.4917969703674316,3.4917969703674316
4151b86419c21be19898dd73724a03c3,3,3,4.411277770996094,4.411277770996094
4170f061044a480249355b4dcc4306cc,3,0,-0.15712131559848785,-0.15712131559848785
41890d6114a8efe1afa054303c9b6b9a,3,0,0.8557984232902527,0.8557984232902527
418e1cef9d164228667371028ca7071c,3,5,4.077390670776367,4.077390670776367
4195422677dc2b79c2a9f2d7bc6bc3c2,3,1,0.3339390158653259,0.3339390158653259
41a057757b0520ff53068b6dcce9731e,3,0,0.044327184557914734,0.044327184557914734
41af23f874b24065edef2718cde47395,3,5,0.2751722037792206,0.2751722037792206
41d8bdf4fa44175df755d930dd4bcf45,3,3,0.7404542565345764,0.7404542565345764
42091f4eed10b8f1e636ca353955c086,3,3,1.110345482826233,1.110345482826233
422b4ad7f54156241e47124b3c6e0756,3,0,0.26677173376083374,0.26677173376083374
423cf46064b2e83b62917b06fca7057f,3,0,0.34444233775138855,0.34444233775138855
424319cfd534025f2c40ec7e153077f1,3,0,0.3700021505355835,0.3700021505355835
424695a2886897279fd2d40c394d7848,3,1,1.5309199094772339,1.5309199094772339
426838ab9dbdfc35254b4f9cff7736ff,3,0,0.4824391305446625,0.4824391305446625
4271f838ba2f13ffd46386db5248e904,3,5,4.403759002685547,4.403759002685547
42cba36cc339e8195e9b1c0dd4f9796a,3,1,1.4567683935165405,1.4567683935165405
42ec055dc827cb138393c9ed767f9a21,3,3,1.5356029272079468,1.5356029272079468
42fb5621a7efec257508e6b08d959c3f,3,0,0.1944165676832199,0.1944165676832199
430d7fb12afa81a367453073a1dd899f,3,2,2.1528444290161133,2.1528444290161133
4313f4ba54009133d60474a50f5286ac,3,1,1.6680794954299927,1.6680794954299927
43276423852d930b27c86103e63d8288,3,2,1.7614535093307495,1.7614535093307495
4329ecc226ab6eaac30528500da78995,3,0,0.4503864049911499,0.4503864049911499
432ec3aa0403cfd011d4489879fada9c,3,3,4.204482078552246,4.204482078552246
433f2b1a2fae8d5143c1b5d7e63d3ec1,3,0,0.3152924180030823,0.3152924180030823
435661930d09e42e5217033238c404c0,3,0,0.12614348530769348,0.12614348530769348
439faf5e0a62463b01271742a9fb78b5,3,2,1.9035825729370117,1.9035825729370117
43d1869ae02754e6a5fd2ff02ebab94c,3,1,0.3525468707084656,0.3525468707084656
441265c6b4598e9bcd10bc10eb6293cc,3,3,3.368049383163452,3.368049383163452
44299aba6cb876f916033c3fbba60ea2,3,1,1.4941693544387817,1.4941693544387817
44350cd9c0b41005308e65c2d9ee8ac1,3,0,0.16924135386943817,0.16924135386943817
445d5d7f60a018ce7be8c09b2af9012d,3,1,0.7750093340873718,0.7750093340873718
4466722a9c574e8572224b7e853d4f53,3,2,4.151892185211182,4.151892185211182
448c6141f62a4571531991cde88eb331,3,1,0.6108118295669556,0.6108118295669556
449eceb8af969d35147598b1ccb828f5,3,0,0.7049283981323242,0.7049283981323242
44a18e239f8354b5347d91855a2508bd,3,4,3.9738998413085938,3.9738998413085938
44f60ac5d5d82e5c72d077e50701863d,3,3,0.9804759621620178,0.9804759621620178
451b173c2c31ffe1cdd3528da102b3f7,3,5,4.302762031555176,4.302762031555176
4520cef8cba78d1b80ed7de894c416b5,3,2,2.18641996383667,2.18641996383667
459154b1334d073cfef8af95362a7051,3,0,1.0095158815383911,1.0095158815383911
45b722a9c968f995fcc13d1e59cbcc88,3,1,0.37543657422065735,0.37543657422065735
45de9b11fe9e7be0cfa1501034111d11,3,1,1.2724436521530151,1.2724436521530151
45e58b0ddd95fcf40dd592e293e301aa,3,1,0.6929397583007812,0.6929397583007812
45f1e53bd73fd85469bf5cfa5b197742,3,1,1.2621676921844482,1.2621676921844482
460b108f9429430e435d2b25e8bdb251,3,3,5.140086650848389,5.140086650848389
462c6bf7bbd0d05bb2d8b950a72bc891,3,0,0.8686112761497498,0.8686112761497498
46376a1b1f9b346305dfbc259dcb0b03,3,1,0.27914729714393616,0.27914729714393616
464d35ac0644183c0891abde15a042c7,3,3,2.9572267532348633,2.9572267532348633
465c28b0dd4df27225df502c010675c6,3,0,0.36162158846855164,0.36162158846855164
466797748ce78808a1f948887f6d494d,3,5,1.3846515417099,1.3846515417099
4674372bd1be97535314d987e253a6c5,3,3,4.299618244171143,4.299618244171143
468a129567112962f29931a4f8131587,3,2,0.6888006925582886,0.6888006925582886
46c96a0dd0b92dd0ccdc841ac9816719,3,3,3.744166851043701,3.744166851043701
46fe664241802d718dbc4054a53e016c,3,0,1.8096530437469482,1.8096530437469482
4747cb458c0eb0122fe1624184d3b2e0,3,3,4.094263076782227,4.094263076782227
47791bc4ed9a7eb5329f4af7c4bbb84d,3,4,4.274874687194824,4.274874687194824
477982a3712cc19ad8d146a741441ce4,3,1,0.3188548982143402,0.3188548982143402
477aa0ab713992935286655f2798c8c5,3,4,2.979707717895508,2.979707717895508
479200a381febadfd767615fbe77c3ea,3,2,2.243445634841919,2.243445634841919
47d449fb0df8f85e9c7b2b31fe07b485,3,4,3.4747438430786133,3.4747438430786133
47e7dff0be98580ee6d89d175a1084d9,3,0,0.18232406675815582,0.18232406675815582
47f750f4872babd55dfbe6864811b5b5,3,2,2.547351360321045,2.547351360321045
4858f73263019107826aab5c18e98114,3,1,0.500836193561554,0.500836193561554
48a55edac048e97e80e63a7c55bf2afa,3,0,2.9768712520599365,2.9768712520599365
48ace73483c38f13d786c4da72ecf25e,3,3,1.5981731414794922,1.5981731414794922
48ddd1c648afd9123d83590f242a52de,3,1,0.6909466981887817,0.6909466981887817
48df3ca910d365bdea427ed5b7c31808,3,4,4.737807750701904,4.737807750701904
48e5314d7fd81ddf4224da446851ccbe,3,4,2.978424310684204,2.978424310684204
490bf9ff9c5e70a4562bc6b1ba33ad63,3,0,0.25653666257858276,0.25653666257858276
4932f17e88988f2e6ce80c1fe627f390,3,0,0.24103949964046478,0.24103949964046478
4953f5a813043846c5e93b13adbcd1df,3,2,2.046239137649536,2.046239137649536
49621f6f666d1c54b23d1616ac4beb72,3,1,0.32217761874198914,0.32217761874198914
497cc4009e9ae310b54de6412cbf8b4a,3,0,-0.043278951197862625,-0.043278951197862625
498406f8f2e057bd58e5ec040e78c3ba,3,0,0.8781011700630188,0.8781011700630188
4986e447599c3957af4df8eb907613ea,3,0,0.3890419602394104,0.3890419602394104
4996dee45b988e6e90cdaac8d5efbe7d,3,0,0.7293043732643127,0.7293043732643127
499ba86dbb86a2bad1ad16fd7e9dfdec,3,2,0.5987651348114014,0.5987651348114014
49a0c86e2a3844bf8173990d5a5ad279,3,0,0.27716580033302307,0.27716580033302307
49b4a94bd361663636f85ad747ad0da3,3,5,3.970552444458008,3.970552444458008
49baf3efa08649c094e80012393aaac4,3,3,3.0414481163024902,3.0414481163024902
49f0eacee68196c3e5b997ee6d82214e,3,3,0.956191897392273,0.956191897392273
4a17b334e64ab52c7861d0b251b4fa34,3,5,4.70244836807251,4.70244836807251
4a2ca53f240932e46eaf8959cb3f490a,3,1,0.6749526262283325,0.6749526262283325
4a445aac57bd6e284f3ea4bd3ee9198f,3,3,2.2898476123809814,2.2898476123809814
4a59e501ec4f31216f6d08e5d4289beb,3,2,2.62322735786438,2.62322735786438
4a7a70d00251af024d70dab5a7e8d228,3,0,1.4641884565353394,1.4641884565353394
4a7f326315f1b706434fd5314bd605d2,3,0,0.27869078516960144,0.27869078516960144
4aa3b5e41208988c1e018f2713b9e321,3,5,2.7191543579101562,2.7191543579101562
4ac15366627e6d5d7aa11bf44511682e,3,1,0.316611647605896,0.316611647605896
4b0c360cbabc0f5702b1066df05b1612,3,1,0.5631121397018433,0.5631121397018433
4b20d5c324f3ab64ff73f6ceb9d7d191,3,4,1.8033661842346191,1.8033661842346191
4b446d90784478ad6a0840b6382b8710,3,1,1.5726852416992188,1.5726852416992188
4b6ed79396add87dafb5a4d6846c6972,3,3,2.551023483276367,2.551023483276367
4b9990a038b7b29a12d971fb17372c2e,3,0,-0.012521076947450638,-0.012521076947450638
4bb4bbbd6dec06f9938c52cbdfa0b1c9,3,3,3.786252975463867,3.786252975463867
4c0d7290c72b5495df6c337b1e5dee88,3,2,1.4589464664459229,1.4589464664459229
4c52ceaed5d168bffd8f2e0175a6ebbd,3,2,3.310600519180298,3.310600519180298
4c7a4bff88740fdb9736319e2169ef4e,3,1,0.0700819194316864,0.0700819194316864
4c9894ef150c2661e2c1ad333542f058,3,4,2.3364412784576416,2.3364412784576416
4ca8c78108ad4c25121b2893f61885e9,3,3,3.5397911071777344,3.5397911071777344
4cb0031225cf215b6566c3bcc004016c,3,0,1.867806077003479,1.867806077003479
4cb2407fb053b89d54b59d0ba09aecc1,3,2,1.993516445159912,1.993516445159912
4cc1691f988cd4596b2a38d1e64c18ce,3,3,2.8362975120544434,2.8362975120544434
4cc466d486f1c68f746711866425db74,3,5,4.290645122528076,4.290645122528076
4ce70385b1b2a8d59d8d52f303e76285,3,0,1.4937862157821655,1.4937862157821655
4cf118a3431367ed792a1a9444a948d9,3,2,2.9049010276794434,2.9049010276794434
4d048dd585259614c27e11431ec2c860,3,1,1.0214943885803223,1.0214943885803223
4d16a16f6528437aac495b6428d9bf61,3,5,3.4521656036376953,3.4521656036376953
4d1dc70143798d122476599ffc3df68b,3,0,0.5100249648094177,0.5100249648094177
4d7b294147306e72c1cadc1b096b292f,3,0,1.2430260181427002,1.2430260181427002
4d803d599e3aa34b4d4d97b0e3a6ff5b,3,3,1.377183437347412,1.377183437347412
4d891865079692c7dafac84d6e422bc1,3,5,4.063246250152588,4.063246250152588
4d8fea743c615b679a4de32c4d8e87b6,3,4,1.0617581605911255,1.0617581605911255
4da76442dc5402b98d767140b2661a58,3,5,2.8065052032470703,2.8065052032470703
4dbd4df023391ed642e6d59372c13d4b,3,0,0.5204670429229736,0.5204670429229736
4dc06a02761e8bc34e417cbf3f53acef,3,4,0.2019287496805191,0.2019287496805191
4dee4ae085e3e0d17e61e97bfd182fdf,3,5,2.9607856273651123,2.9607856273651123
4e043062905b6c64b1835bd9b22321ba,3,4,4.341739654541016,4.341739654541016
4e1ea77ee544e8702ea538a2e5fd4877,3,0,0.5814066529273987,0.5814066529273987
4e3f861386c391790eea8f0de4ab5015,3,1,1.9186803102493286,1.9186803102493286
4e91e7b1e5dedb02b7b01daba1fea361,3,4,1.942448377609253,1.942448377609253
4e95048eb0c0413e5fc648b1447cf651,3,3,2.001176357269287,2.001176357269287
4ec11bb76ae0ea613a8137379dfea508,3,0,0.7936480641365051,0.7936480641365051
4ec6654ea6a3bb662c245cb0e45e6f6b,3,2,1.7469640970230103,1.7469640970230103
4eebdcabcf4d69a1b1b0f17db63ee02d,3,0,1.3540345430374146,1.3540345430374146
4f24c43fc4538edab24c8a1b27c57e7f,3,4,2.8764891624450684,2.8764891624450684
4f5285ebe78a5683adfc861fc684baf6,3,3,1.1403193473815918,1.1403193473815918
4f53892473ee239f9dc9d80047cb3627,3,2,1.5207043886184692,1.5207043886184692
4f5d8deb371a225c6cc99994bbdcea4e,3,1,1.4435526132583618,1.4435526132583618
4f745b85014ec7c571b4239dee6233cc,3,0,0.556593120098114,0.556593120098114
4f7d297df486c7ce49e855d0471b7158,3,1,1.0430834293365479,1.0430834293365479
4f8506ad3366270f12cd7a31641495cb,3,5,2.111118793487549,2.111118793487549
4faa91189634933ba26fcb01a8804d33,3,1,1.1123298406600952,1.1123298406600952
4fae900c0644c8418c2028629afbd4e5,3,4,3.372509002685547,3.372509002685547
4fc84c3c665c970865284b352e2134e3,3,5,4.102003574371338,4.102003574371338
5000abf0b5e24707cbad9f17e50db021,3,0,0.33911049365997314,0.33911049365997314
5000f1e3635cd4bf1ac50930e885e935,3,5,2.2042784690856934,2.2042784690856934
500aeddc89cbf4ee0fdc35bec81f756c,3,1,0.7213943004608154,0.7213943004608154
501403e5c13c7b86bc9312d087a6e490,3,1,1.7464958429336548,1.7464958429336548
501d3573cecce3ad9086a63df9794ebb,3,1,2.0224454402923584,2.0224454402923584
50859c64cc15c5cbe84c3d10a49ccbb3,3,1,0.7017814517021179,0.7017814517021179
5098373560457463b80922a7357be23c,3,4,2.5747005939483643,2.5747005939483643
50a2d366ac2a7467c3a7aea06cb1a676,3,0,0.39267629384994507,0.39267629384994507
50c4ba6278d1218afaf32150edaeb90b,3,1,0.2733803987503052,0.2733803987503052
510932ca0cdcb0dc885ce987bc67387d,3,2,1.624465823173523,1.624465823173523
510b8a17456853b447d70002bf5bac19,3,1,1.2543631792068481,1.2543631792068481
51241cdb2f2dfd0093b8448f4a0e00d9,3,0,3.9955196380615234,3.9955196380615234
514bd15da8c32fabbd07c8b00a147173,3,1,2.4994277954101562,2.4994277954101562
51614a1f724e95ac43d0fcb6e990c759,3,5,3.3194704055786133,3.3194704055786133
516cace58eb8a41dd1dbdb65c2b5084d,3,0,0.9322261810302734,0.9322261810302734
516f93fd6b07daa49fb374122d2664c3,3,2,3.5794897079467773,3.5794897079467773
51ad0c34db40ecea345bd236745f03be,3,2,1.8710825443267822,1.8710825443267822
51be6e37c81a33e80ec75248f001fab8,3,3,4.065182685852051,4.065182685852051
51fc45502634ba97726929d243438c63,3,4,4.144626140594482,4.144626140594482
51ff3767b587bc0e3d8bf9252fe7e1d0,3,0,0.24942922592163086,0.24942922592163086
5203b6b2f6c3e46cdb2f09b9d99a5ecd,3,3,2.052432060241699,2.052432060241699
521da07cca3ad8a9615ad591d9375538,3,0,0.5065013766288757,0.5065013766288757
52754aa5f7eb637258abda6dac50201b,3,1,1.5094877481460571,1.5094877481460571
527af9b6db70b874fd633ce7d56076e3,3,0,1.155938982963562,1.155938982963562
527d8fc0ea1ef55212f4f2ffd6c4ad68,3,1,2.8670825958251953,2.8670825958251953
52aa54cf5125eaafcec0daa3e4da0155,3,0,0.48205801844596863,0.48205801844596863
52ac47312c73298f955efdf80e1059b5,3,1,0.2438463270664215,0.2438463270664215
52b651323a91da711733ee07620a32c4,3,1,1.5370930433273315,1.5370930433273315
52cb5192ffa60a7e44c6e786545f4fa2,3,0,0.4640880525112152,0.4640880525112152
52d6b3779791687e72e755f6b0798ff5,3,5,4.205272197723389,4.205272197723389
52e38cf820ba3f92ca415cb2a2672ea0,3,5,3.4962620735168457,3.4962620735168457
530aea5cd2aac6c3c9ea6ec10910295e,3,0,0.37844905257225037,0.37844905257225037
530d4ae320630f972f49d861a4724fb1,3,1,1.8290146589279175,1.8290146589279175
531ce6a7fd3f8699de151e1f07b57970,3,0,0.4227767288684845,0.4227767288684845
53416873e47e7e576ec17bdfa919b405,3,4,4.7535905838012695,4.7535905838012695
5364f9188bfd02fda039522d20a07eac,3,2,0.875703752040863,0.875703752040863
537e2fe52437bd0b4f139d9397208c55,3,2,1.113399863243103,1.113399863243103
53c13f2dba313251cb0e86eeedda6bbd,3,3,3.472057342529297,3.472057342529297
53c8c3db02019962528b008bd8594ef5,3,0,0.48463717103004456,0.48463717103004456
53d3ec12f49fd2695220c6505ba5a92c,3,4,3.412158489227295,3.412158489227295
53f4825dc7b4f778b7b0a7baae38aa9f,3,5,0.3339046239852905,0.3339046239852905
54126c6e72a07999bc079390f3af679b,3,1,1.0948821306228638,1.0948821306228638
5459a94616c8afbb4a9ed05108ac88ab,3,1,1.457236409187317,1.457236409187317
5483378d5b753f44d72b0c415b378529,3,0,0.15972717106342316,0.15972717106342316
54978762e0eca14cc62c4196d3e239ee,3,0,0.22765131294727325,0.22765131294727325
5497b569f15cb7ea779cc176d1faebe0,3,3,4.761168956756592,4.761168956756592
54cc7131563c99be891630e83faa40e1,3,2,2.1887028217315674,2.1887028217315674
54ce318108d4c1b9a721ecf571400f1d,3,2,3.0044665336608887,3.0044665336608887
54ceb058fa9693e181b997ccb6d51e2e,3,2,1.11766517162323,1.11766517162323
5504b8b281b572e1da90774ff3f207c6,3,4,3.633884906768799,3.633884906768799
55141dd28c366c05a4a4f0e39e2a37fc,3,5,3.849452257156372,3.849452257156372
55321af8983669e2145d69e518fbc54c,3,4,1.8509042263031006,1.8509042263031006
554f99db864d559fad9886b122c11566,3,1,2.3626279830932617,2.3626279830932617
5554bf43ed8256dff3a716d9811a7afb,3,5,4.454626083374023,4.454626083374023
55ef26c752d337b792969f498c5cb45f,3,2,1.8928849697113037,1.8928849697113037
55f9371f0cdd14ae2e4df9fd5f09878a,3,0,0.39248496294021606,0.39248496294021606
55ff2653f73181fa930362206357f030,3,1,0.8404382467269897,0.8404382467269897
562465ae94b7c3c45a9a5bd4128cbae1,3,4,3.037292003631592,3.037292003631592
5625ad41d6d9edf0533c202c88749b57,3,4,1.8557889461517334,1.8557889461517334
563d7dddd23d62e86b3d0e020b9e7c0a,3,1,0.8102006912231445,0.8102006912231445
565090f53fe8c3233d83bbf50f1cbbe2,3,5,5.209772109985352,5.209772109985352
56595a1d570f2b10b5149b84a4767ce7,3,0,0.9733777046203613,0.9733777046203613
567fdb50cb0f006c8cf5991b09f30c35,3,0,0.8441489934921265,0.8441489934921265
56b528601b6b868a62fd4d73a1a0d74f,3,0,0.17440901696681976,0.17440901696681976
574b500e9f93038740f77f0dfa458c10,3,0,0.6220595836639404,0.6220595836639404
575d03be6128742107c98cb96c2a6f57,3,0,1.4873701333999634,1.4873701333999634
57725223a6509d9038d62a49cca3588b,3,1,1.3249818086624146,1.3249818086624146
57d5a6b61ecf835c28863f3e6e2e4fd0,3,0,-0.07520534098148346,-0.07520534098148346
5801d2195cdcd8d336e8fc097c51a788,3,0,0.3275114595890045,0.3275114595890045
5811cebb423e45f0e351da2dd159e40f,3,3,3.116893768310547,3.116893768310547
584dd714859c8d8ac50860e98f36075b,3,2,2.8893003463745117,2.8893003463745117
5895a94c14efb95f4a0369383f64f4ac,3,4,4.47273588180542,4.47273588180542
58b63fe9e72cabcf0c934e745d942fec,3,4,3.4131650924682617,3.4131650924682617
58c59865a2b61e6dcd15fdd75c03f8ce,3,1,2.7703938484191895,2.7703938484191895
58e55ede6357406f7868d3c58b80476e,3,0,0.5739919543266296,0.5739919543266296
591bc0625a2348cbc273ac8b7067c5a6,3,4,1.6549339294433594,1.6549339294433594
59bb9950d1b0ae165609203a9bd76383,3,0,0.6487413644790649,0.6487413644790649
59c0c23b3f025bbe58e86162602ec4db,3,5,4.18153715133667,4.18153715133667
59f2e4a9a209e933826447819f890aec,3,0,1.359741449356079,1.359741449356079
5a03be8cc9868dfe88b233590f22eaca,3,2,3.795736312866211,3.795736312866211
5a2451b90bf50e1043781bbb8eeb2bec,3,3,4.01261043548584,4.01261043548584
5a3e3dc26a1d2a473855a6161d870a96,3,0,1.4869787693023682,1.4869787693023682
5a4d7035c9741c06a1c38b4c7dccdba0,3,5,4.021742343902588,4.021742343902588
5a5b227860e8d559b45519851908fb03,3,1,1.8374382257461548,1.8374382257461548
5acd886e33ce9f50a7c738c4c3dd8503,3,3,3.6863787174224854,3.6863787174224854
5ad9615573f2a12025d6c4fe8754b548,3,0,0.04804788529872894,0.04804788529872894
5b4c30fa23b184d9b4a63cfc4da41327,3,4,1.559462070465088,1.559462070465088
5b5d7aa9b4ded22e5c6d59eaad75684f,3,0,0.9073896408081055,0.9073896408081055
5b5ecc77a66ee3e3d5ea183b2bf81553,3,4,3.882728099822998,3.882728099822998
5b63be15731e9414734353fa1b91adb4,3,2,2.068084955215454,2.068084955215454
5b92b41e8e37f25082dc3062de44c504,3,0,0.7690938115119934,0.7690938115119934
5b9b36cadaa3ef1d6fed33305e8343e4,3,3,1.0629949569702148,1.0629949569702148
5ba5c62518b86d2f6ac2f6f31e38c23f,3,0,0.5775001049041748,0.5775001049041748
5be8d68eedfec296cca5d90a403e1025,3,5,1.5439326763153076,1.5439326763153076
5c2c7009ec9100ff2473a4d4d6c1029d,3,1,1.5882982015609741,1.5882982015609741
5c320b977726d35f7b2237258bb90595,3,4,2.8576111793518066,2.8576111793518066
5c5a01104830e536fb03a7eb9bc02045,3,0,0.26473304629325867,0.26473304629325867
5ca33b79ea4a424db02d6f6b81195c24,3,3,2.478400468826294,2.478400468826294
5cbaa9bd1f17c355f4b6857844a7c133,3,1,0.20198729634284973,0.20198729634284973
5cc252420b9a548a9a8849d3b6dd1fe4,3,0,1.342821478843689,1.342821478843689
5cfcd6a8451b2ed8355ac4800c80f7c7,3,4,2.9316611289978027,2.9316611289978027
5d0c978f62978e8647b417f60d51e51f,3,2,2.5694243907928467,2.5694243907928467
5d13a41bc7d00f8f089392106b073b3e,3,1,1.5176653861999512,1.5176653861999512
5d17ccf4c67a1d2acf6841a892812f15,3,5,4.097592353820801,4.097592353820801
5d1abefd41a6663e33995134cbd44838,3,1,0.6987114548683167,0.6987114548683167
5d1e5074e39a21c5b0d4abd03157b0f1,3,1,1.194679856300354,1.194679856300354
5d3dfae104348251b8fbc99f8d39a601,3,1,1.9975870847702026,1.9975870847702026
5d471e95d7e9cbe886f2ecc902db5f0e,3,3,2.296527862548828,2.296527862548828
5d656ef89286db380f879cb6bfadd731,3,4,4.614096641540527,4.614096641540527
5d6c598b578c6c174c0268825dbec98c,3,0,0.1963285356760025,0.1963285356760025
5daca040bbf1338462417b7a5dd820a3,3,1,0.6305110454559326,0.6305110454559326
5dc2eb47ce16235ddb6da0b2bd1f449d,3,1,0.5575810670852661,0.5575810670852661
5de86ab9d9c631edb965696097e8dc92,3,2,4.215216159820557,4.215216159820557
5e7fe1a769c7dd7871d42af620720625,3,1,0.755957841873169,0.755957841873169
5ea330d8b0924c0a4d0619ad49c6dd28,3,3,4.3948140144348145,4.3948140144348145
5ecebd2186ad8871c59a607bbd6d3a6d,3,5,3.1815991401672363,3.1815991401672363
5ee438137f5f797a700ba9a867b5e001,3,0,0.24306631088256836,0.24306631088256836
5f4b172026d631582bbd8c8d0081a226,3,1,0.49026602506637573,0.49026602506637573
5f554a63b2a187b75a1764282fbf10b6,3,3,4.081974029541016,4.081974029541016
5f712fa46f7c0d69e8d9a4b6cd9327bc,3,2,2.4545631408691406,2.4545631408691406
5f89fd817087371714c3480585e1d0ef,3,5,0.3436465263366699,0.3436465263366699
5f8b30f872042fe9cc2b0b312094f156,3,2,3.2395174503326416,3.2395174503326416
5f95d17c869a6b92214c6b0c2aebfccb,3,1,1.3065842390060425,1.3065842390060425
601ffcbed401250430f367a898cb3e3c,3,5,3.87428617477417,3.87428617477417
605dda4fe6ac848340fecec8714fe760,3,5,4.690157413482666,4.690157413482666
607fa473648e6c39d6eeaf4efcd9e898,3,4,4.1266679763793945,4.1266679763793945
60a69fdcc33d3b859dfc2a1cc081254f,3,4,2.8434674739837646,2.8434674739837646
60d21b09253d29039ad12e751e6f2f5a,3,2,2.064413070678711,2.064413070678711
60d32cd009e0175fe8607166861cd430,3,1,3.4861621856689453,3.4861621856689453
60f316434ad13b545269024f949698cc,3,4,3.0266494750976562,3.0266494750976562
6107645595db6058bffe3bc4b260883f,3,3,3.6928439140319824,3.6928439140319824
6109a474ebb5c73ef1dc5fe36c6f7df2,3,5,3.8095273971557617,3.8095273971557617
61438d817416236c69bb72a66d938129,3,0,0.3023529052734375,0.3023529052734375
616abef9b646a96fb3f9fa9171d98e28,3,2,4.004849910736084,4.004849910736084
618efc798c3906c2dc60618853c7e2e2,3,0,0.03618777543306351,0.03618777543306351
61996024f501a34a002c0a6f775f6ec5,3,4,2.7479333877563477,2.7479333877563477
61f1b8c3e654e552dfa57b1c5a767666,3,4,2.9129834175109863,2.9129834175109863
620261483418740878617c4e04015457,3,5,4.41303825378418,4.41303825378418
620a6fbf50a7463ed0a8932782d7b969,3,3,1.9557790756225586,1.9557790756225586
622fc40ffe3f5307f850d3e6e3e738a4,3,4,1.0390812158584595,1.0390812158584595
6232504a502236dc3e38f9fe46619308,3,3,1.9713681936264038,1.9713681936264038
62493361edf8bb1ee5391d66b64af60f,3,4,4.9573564529418945,4.9573564529418945
625e6a283b25f0a077a714b3adce614c,3,5,4.076908588409424,4.076908588409424
6282cd1e1f1c2d9b269406d556571736,3,2,0.4591373801231384,0.4591373801231384
62a50c8cf16df87766e00c440cfb0272,3,0,0.769389271736145,0.769389271736145
62a71ed08b3b22927770cebec65e380a,3,2,0.7468007206916809,0.7468007206916809
62ae29a00798380735401c06f45114dd,3,2,1.997151255607605,1.997151255607605
62bfdd9e66e2cfee7f6e69c7d22b11f2,3,1,2.032862901687622,2.032862901687622
62c9db4e05a648c8795ae51a49003906,3,0,0.2942894697189331,0.2942894697189331
62eab77211bf839bdd26e6ca7c93bc00,3,4,4.677398204803467,4.677398204803467
630cd3bb436af3e09290f7f4458b8f60,3,1,1.3302814960479736,1.3302814960479736
632e75c2e505dca41ae57573e70932b9,3,1,1.3986055850982666,1.3986055850982666
633d23562dc69169de94e10026731594,3,0,0.3969622254371643,0.3969622254371643
6361e60acba5610963d88c4ea96bfc7b,3,0,0.024992842227220535,0.024992842227220535
63640094b0365a514d60fc15e94de729,3,4,2.2835211753845215,2.2835211753845215
63943deba402196b1f80f92b23881ddc,3,1,3.8180031776428223,3.8180031776428223
63980763840312073acd55d24fabdcaf,3,0,0.26780253648757935,0.26780253648757935
63a41234a703cd382686631e0dde6986,3,5,4.660841941833496,4.660841941833496
63b975bcb48f646d7d48bcb0d5e16b98,3,3,1.5728763341903687,1.5728763341903687
63e602ffc3e1fc9e5f05e13a74999f02,3,5,4.171210765838623,4.171210765838623
63f8656a7b3d99b56154a4098568b894,3,3,3.682992935180664,3.682992935180664
641b0cfd4b0c41a9c89d34c1a985b44e,3,1,0.9633146524429321,0.9633146524429321
64308cde14c3486f9c91a5b6ed776cd2,3,1,0.1628943383693695,0.1628943383693695
6437c1f6a475089d659e71ddd7edb010,3,0,0.12871582806110382,0.12871582806110382
644009d197e73a26659353807e116e84,3,2,2.8528506755828857,2.8528506755828857
64486f84f721d5873cc034802f8c31bc,3,2,3.174360752105713,3.174360752105713
6453282676ea9860497c7abe7c368c20,3,2,3.138735294342041,3.138735294342041
646ad07bdb7b93beff7ba27a0376fea9,3,2,0.574775755405426,0.574775755405426
647946e65654e3e71e42eea5cc95d01a,3,2,1.6807087659835815,1.6807087659835815
64836a799f01a425ff277deed36210cf,3,0,0.47323763370513916,0.47323763370513916
64954ebb400f1081a5710905ce114a2c,3,4,4.221667289733887,4.221667289733887
64b859c64c4dd2757cca89e0fe1043b3,3,3,3.6090211868286133,3.6090211868286133
64bad048716c6feb71b7e86d4de897ef,3,0,0.2211722433567047,0.2211722433567047
64c46cb52749df98dafa527d439fa606,3,3,2.879666805267334,2.879666805267334
64f90b30989176a0f3534d184d69e964,3,4,2.7336199283599854,2.7336199283599854
651871fee7a4c9e53028c99294709f41,3,5,4.336944580078125,4.336944580078125
657a53f9fdad94edefc984376fb017f4,3,2,1.0682097673416138,1.0682097673416138
658be675223ffa5509203009eb7bba89,3,3,2.276610851287842,2.276610851287842
660b6dbddfd14ab406f3d6b0e573f038,3,1,0.1894294172525406,0.1894294172525406
663be089197be4c5f7f4a6e1718f9c50,3,1,1.2995264530181885,1.2995264530181885
666bf9d656d56c45567484764e4e5d70,3,4,1.2453627586364746,1.2453627586364746
669b67af2cab5c7d7cdc569052d13f9d,3,0,0.1601768583059311,0.1601768583059311
66ed3b7961aea86a4a44a6798884b6bc,3,4,4.262382507324219,4.262382507324219
66f04788a17915feba394290384e13a4,3,4,0.6096691489219666,0.6096691489219666
66fab9d13c7a0f1e81b77887bb8a535a,3,0,0.43438008427619934,0.43438008427619934
673fea26c4fa022353f635b89d6fd4b2,3,3,2.53987979888916,2.53987979888916
6742b677fba068f36457e397969997a6,3,5,4.492203712463379,4.492203712463379
67560153b5cec1288c56658e789b31e9,3,5,4.761124134063721,4.761124134063721
6760ab28d1d6c11409a0e285bd82fa78,3,5,1.2243469953536987,1.2243469953536987
677998d30fbf0b08e100dc31f2fcc0ee,3,3,2.1827361583709717,2.1827361583709717
677df124099dae6692b714e62ca24c05,3,4,3.879302501678467,3.879302501678467
67e855cca15a9930d065bf9f14241b41,3,0,-0.1887853890657425,-0.1887853890657425
6800198c5e3658d6029ae8a8337267a9,3,2,0.23867933452129364,0.23867933452129364
685b3fd17cdb8da60494694df414dc20,3,3,3.061516284942627,3.061516284942627
685b9b163d583cf156f378adfdf3564c,3,1,0.5488355755805969,0.5488355755805969
687d89772580c411d434b346e1e6c505,3,4,3.407755136489868,3.407755136489868
689100903a58c5d137f281c058b85856,3,5,4.789714336395264,4.789714336395264
68a362123aff27d79dbc5284a948030c,3,4,4.420523643493652,4.420523643493652
68e3ae430a2afe28f0f09ba08891145c,3,4,4.9528374671936035,4.9528374671936035
68f4d04f60368beedcf85796393f45c9,3,5,4.6873698234558105,4.6873698234558105
69676730e88305744485887397538d30,3,0,0.7243306040763855,0.7243306040763855
6994fb3398aba05141d0824ead52e474,3,1,0.863924503326416,0.863924503326416
69bf739361bfca3db482e3ce7249fa55,3,0,0.2667454183101654,0.2667454183101654
69cbcdf09838a1e96a974c51fbc20f02,3,1,0.9852646589279175,0.9852646589279175
69e1d84705d16c89fb361da179c7303e,3,4,4.638401508331299,4.638401508331299
69ec87fc8b561ab7d3ba7b86b10e2356,3,0,0.33697015047073364,0.33697015047073364
6a1dcc77903fd69eda1aa8a631630e0d,3,3,2.832470417022705,2.832470417022705
6a5cc0b66b8d4af9c13f1303c6de5ffb,3,3,0.5991694927215576,0.5991694927215576
6ac47ff65ded3ec22e05cf158462c9f2,3,0,-0.10818852484226227,-0.10818852484226227
6ad47e443a0aa5454dd965a108d38c32,3,2,2.217176914215088,2.217176914215088
6ad5640ca76614728d3b699a703ef3c8,3,3,3.8337817192077637,3.8337817192077637
6ae06c0101d0cfa56d4ca5c6aaa7750b,3,1,1.7078273296356201,1.7078273296356201
6af086eab60cd40a9e92fb159a25f1e6,3,0,0.8222219944000244,0.8222219944000244
6aff87e11871f4ce9682eec497239c71,3,3,3.5347208976745605,3.5347208976745605
6b118d99ff206c8660e79fa075685713,3,3,2.5548439025878906,2.5548439025878906
6b1293bfb8877f750a8cf054e4e0a29e,3,2,1.582708716392517,1.582708716392517
6b1d4be55542e687bcfdc4d91b4078b5,3,0,0.9725129008293152,0.9725129008293152
6b6e1ffee1c8a8182f3258ab8c846fa9,3,3,1.9430092573165894,1.9430092573165894
6bb9b32790609b90fafe6cd8cb3c0bd0,3,0,0.42006903886795044,0.42006903886795044
6bdf65f6a0afc05e0f9eb9b9bb2a7efd,3,1,0.32453256845474243,0.32453256845474243
6bfa122b5832ffd442a8123153f5d252,3,0,0.4216420352458954,0.4216420352458954
6c2184be6158e9b5c7fb8c829c5e8585,3,0,0.17431539297103882,0.17431539297103882
6c2b1416fd7b6b544c7c60f9b8d2548c,3,1,0.7421101331710815,0.7421101331710815
6c3599d5faf73b34fe8d64fac9368483,3,5,4.33729887008667,4.33729887008667
6c35e7a35598c33026f7d5eb0edbaaf6,3,1,0.49209779500961304,0.49209779500961304
6ce1a4ca938bc0c69967999bd64b6588,3,0,0.34785395860671997,0.34785395860671997
6ce244d5b0b2fba2749fa09ac4b02adb,3,2,0.7152385711669922,0.7152385711669922
6cfaf603c5b30bacd9363448ca9fe57f,3,2,0.6978219747543335,0.6978219747543335
6d2f29ca2f86b7c9cc2ce311df1327ab,3,1,1.7768508195877075,1.7768508195877075
6d3025108930198b261b02557ad64783,3,0,0.1776389330625534,0.1776389330625534
6d569809f11e6e53918dfb1609fb0d83,3,5,3.653442144393921,3.653442144393921
6d5c07d90c18669e961483005a6a8a7b,3,3,2.7372279167175293,2.7372279167175293
6d5cb5353d700dfd4e6380508535e41b,3,0,2.2097442150115967,2.2097442150115967
6dd17a51485e289e4373d5129cf3cc6c,3,1,0.5057358741760254,0.5057358741760254
6de1c3a8bc0ecbbe70b3b679ef52e776,3,2,3.916289806365967,3.916289806365967
6de3367240f4beac25bd7f31e72154a6,3,2,1.2062042951583862,1.2062042951583862
6e04223880c3cae8aa29366304c2bf7f,3,3,4.081881046295166,4.081881046295166
6e0dbb5af39a9b7199796dbe16fc5765,3,2,2.6252996921539307,2.6252996921539307
6e3a906c86bbcfe264c82841d1732e98,3,4,0.669105589389801,0.669105589389801
6e4122eef9edf14c7ba932cfb9321788,3,0,-0.2018066644668579,-0.2018066644668579
6e7e839a427aff65b8016470ca6c8997,3,1,1.6370664834976196,1.6370664834976196
6e8abccc98b71d43a680d69b3f9af124,3,3,3.6247730255126953,3.6247730255126953
6ea2b59534558f0d4b86d1a3891d611d,3,0,0.22617019712924957,0.22617019712924957
6eba2d72fb7da7257125ec86e938f6b4,3,1,1.2298635244369507,1.2298635244369507
6edc4da86334190089f6a093bf258ab6,3,3,3.7030160427093506,3.7030160427093506
6eff61540d687bb80f2eda923b2dca9b,3,5,4.28127908706665,4.28127908706665
6f15b249e474009e7e706e23fb28a4e4,3,2,0.41676101088523865,0.41676101088523865
6f56626692cd29912c0eac773b21dcbf,3,1,0.3787320852279663,0.3787320852279663
6f5722cf3b8e5a90dc1e0eff127c4632,3,0,0.12247170507907867,0.12247170507907867
6f68931d407b98deb1c431c471e2dfdc,3,0,0.3346377909183502,0.3346377909183502
6f7964ccd7bf337793b91b0a2c4266ca,3,4,2.946186065673828,2.946186065673828
6fc63d2394ebade5d7e09856eab1f726,3,0,0.1583995372056961,0.1583995372056961
6ffce409ca17fbd571fc8338fe01a7a5,3,1,1.0220253467559814,1.0220253467559814
700c0607ec73c9ccdd88de5617f850a9,3,0,0.24980683624744415,0.24980683624744415
700e60e9a130333e62698a1c4ef46fa0,3,0,0.2543860971927643,0.2543860971927643
70256626a66f83e38b69a88a68967130,3,1,1.174802541732788,1.174802541732788
702c576df7dfbf43e3c17cd29f804ef9,3,3,3.2172420024871826,3.2172420024871826
704a213fd13aa5e59c4fcf5c84723e57,3,5,4.116683006286621,4.116683006286621
7076140156bc53d5b1f3df9056a30568,3,1,2.116971015930176,2.116971015930176
70bbf2767eaa120fd0d4c12c9f598bb8,3,3,3.585763454437256,3.585763454437256
70c9a171ceb4ce42717f1e91422cf83f,3,1,0.29317599534988403,0.29317599534988403
71648d6b0b10a8c08da9934785608b51,3,0,0.24108248949050903,0.24108248949050903
717749557a161cd11f28a353b0daff52,3,1,0.617131233215332,0.617131233215332
71a3a451b367b93c6128e26c1516379d,3,1,1.863864541053772,1.863864541053772
71a66ea303504eb43f3369162d0a9307,3,0,0.1881391555070877,0.1881391555070877
71ca19a708b9e60d55b034cc6ab5a978,3,1,2.277865171432495,2.277865171432495
71d1f80515b8060538cca8ef303fe853,3,0,0.34577667713165283,0.34577667713165283
71f11949b427eac5591d44419969e616,3,4,2.196948766708374,2.196948766708374
71fc7343524aad2c6953b454f7dce67c,3,2,3.137528419494629,3.137528419494629
7230392803b2b7d2e496e45c12d188a4,3,4,2.776625156402588,2.776625156402588
7234d2bf2df91f65e94e9ecc4ec5827d,3,3,0.47741806507110596,0.47741806507110596
7269db31c46c18a2c42711373b7ac592,3,1,0.8785561323165894,0.8785561323165894
7286c3fa558dab2063a99ca8f3b5b36c,3,0,1.0695490837097168,1.0695490837097168
7297153bf18e3e89678767205c2e3457,3,1,1.1745915412902832,1.1745915412902832
729daa7642daaafddd00e48ac018fac7,3,1,0.8019593358039856,0.8019593358039856
72b0a410071190d5322512fdf244eec4,3,1,1.2193264961242676,1.2193264961242676
72b9ca2c11e1a849e053013cd5e22d56,3,0,-0.12260986864566803,-0.12260986864566803
72ce19093e603d0ed7e0ea843dd4bd4a,3,0,1.3409315347671509,1.3409315347671509
72e6fcfe23c7eec6a0474b9d86c2f506,3,5,4.494736671447754,4.494736671447754
72ef48dc4b05d21859f3842c373e5216,3,1,1.5138262510299683,1.5138262510299683
730819de8caa21fb6a33ce916c68b15b,3,4,1.3945341110229492,1.3945341110229492
7330d34ce601199f83d5aeefd81e11a1,3,1,0.6208561658859253,0.6208561658859253
736b0309ed30e790642114825ed25f7b,3,1,1.1602089405059814,1.1602089405059814
738aeefd8bc05ac71e2ea552828e97da,3,0,0.26419904828071594,0.26419904828071594
73c7d86b827a74891d0a2dbe904006a1,3,0,0.7661653757095337,0.7661653757095337
73ca95633a46136d909f5ad45c7ddda1,3,3,2.62399959564209,2.62399959564209
73cea45cabd1048067e6500bdacb7356,3,1,0.3482860326766968,0.3482860326766968
73df680f7884e13355a1f1fc2bacc3a4,3,1,1.0565714836120605,1.0565714836120605
73e7548823a81d6f46a1c863756dbb65,3,0,0.3841366171836853,0.3841366171836853
73e92e6b0a791d808d9767aa3d0750f2,3,2,0.6309717297554016,0.6309717297554016
73ef865e4905cc6276f0123c87af0882,3,5,3.7537500858306885,3.7537500858306885
74270feba7d6ce664d84065e27cfea6d,3,0,0.6141144633293152,0.6141144633293152
74397f4f4201c4b8c1d7a91da321760e,3,2,1.1373116970062256,1.1373116970062256
743ba77cb6d84359b3d3b4e8553b57ae,3,1,0.3938438296318054,0.3938438296318054
743d3a6c9bd81c8fe2959f362d4a3cee,3,0,0.5515221357345581,0.5515221357345581
744b4c10245f313ef771961b66e0c2f5,3,3,1.4014387130737305,1.4014387130737305
749bbeaeb604f1b95ef49b17f9ffa417,3,3,1.6215721368789673,1.6215721368789673
749cd48d71d41aef0b04653f898caa7b,3,3,1.6847532987594604,1.6847532987594604
74a196968e9dca6a5131950004876673,3,5,5.278605937957764,5.278605937957764
74a3e5ce5ddfb279a32bbcd378b5474b,3,5,4.6111273765563965,4.6111273765563965
75170383deee90cd67c6a9def29fbd30,3,0,0.2875928580760956,0.2875928580760956
7544fad7b4026bc2d67c7ef68183abad,3,0,0.2890164852142334,0.2890164852142334
757b927de93c8083c392f2248529d29a,3,4,2.8478150367736816,2.8478150367736816
7586acca9d42458aebf5dec54a544792,3,1,0.4692264795303345,0.4692264795303345
75b0ca283a903e85a9e7edd122435bf9,3,4,0.2643594741821289,0.2643594741821289
75dfcc2a661ccc7eccf5bcfb3a4896e6,3,0,0.4959297180175781,0.4959297180175781
75f88e0160a54ef358eb9c6aba970f0d,3,1,0.3215106129646301,0.3215106129646301
7624415370e093d21a25464df6b3fbff,3,2,1.5195232629776,1.5195232629776
7641921e308edd4de40ad5f83db43a04,3,0,0.37001365423202515,0.37001365423202515
764ec457d473f52c479f2abbb21ce157,3,5,3.4495387077331543,3.4495387077331543
768c8df7881cfb1cae96959206e73732,3,2,3.5742368698120117,3.5742368698120117
768d55de89f45642bc028f79b39ceaa8,3,0,1.3050202131271362,1.3050202131271362
76d4adfe37540b9f618888092c2bc162,3,2,2.8269901275634766,2.8269901275634766
7702d29d578fa93ad74bfa30a3ad0024,3,2,3.1898350715637207,3.1898350715637207
77138e87f7edb07f8ba62c62652f47e5,3,0,3.7633821964263916,3.7633821964263916
771b4d1f002ddd740017d6e4371df8d0,3,2,1.8580857515335083,1.8580857515335083
7756a308dbba65d82a3cf91700b02f09,3,1,0.2884478271007538,0.2884478271007538
775777a9999dc86820444d6c67c5c78f,3,1,1.090121865272522,1.090121865272522
775abecd4e7149acd83c9c3c55e2834c,3,5,4.240952968597412,4.240952968597412
7788ddca67e3faf4da246eacc60675a3,3,0,0.4819226861000061,0.4819226861000061
77baa1e549ada2966bd21cb3eb6b5072,3,3,2.118246555328369,2.118246555328369
77e8a9d9718a78c7602a4cd5d1f98da5,3,4,1.0787086486816406,1.0787086486816406
77edc8db84f358e3c7ff787f907cb1f1,3,1,1.7683213949203491,1.7683213949203491
7817ae2d392ba4f6cb9104fbe70b6274,3,3,4.348719120025635,4.348719120025635
7889a8d815877c63420df1750271bd24,3,3,2.1979870796203613,2.1979870796203613
78a5b3a0da3234789fac1ba1110ccc40,3,3,2.7703611850738525,2.7703611850738525
78ad8ce5fe537a97afaf19db3e99628b,3,1,2.249065399169922,2.249065399169922
78e1c4d579f35d13b3b38053622061ab,3,4,2.960214376449585,2.960214376449585
7937d047d50afcec4f17c0004de18c60,3,0,0.30501478910446167,0.30501478910446167
7982c501352a5974743b000378f161b8,3,5,4.268533229827881,4.268533229827881
798b6d2cc34c30279d4155deebf16647,3,3,2.833664894104004,2.833664894104004
799a3e6817e06575c4618ff9e845491a,3,2,0.2951735556125641,0.2951735556125641
79a741c8d6157f85a761d3de05986311,3,1,1.0427405834197998,1.0427405834197998
7a059d43b8f1c7c231a2257df8a1a9cb,3,4,2.8396010398864746,2.8396010398864746
7a1b601b146af835cef2bc71ea599c65,3,3,3.297485828399658,3.297485828399658
7a24335ccadf8e33ed1a62cafd70f6f2,3,3,0.20704703032970428,0.20704703032970428
7a30bf7084d9236f6ecd0474f45fe1cf,3,5,4.401395320892334,4.401395320892334
7a464bac7623466f449cbc7279d79f85,3,1,2.675632953643799,2.675632953643799
7a4eeb9ad072b4c2c72ae24347705635,3,1,1.8934038877487183,1.8934038877487183
7a7cf950c048a74193c9420df36cff77,3,0,0.3360045254230499,0.3360045254230499
7a8b6bab463a5bb84042635acbac50cf,3,1,1.3350802659988403,1.3350802659988403
7a95a6fb15692d43bdee94ae40b7437a,3,1,0.6019154191017151,0.6019154191017151
7ac8dad154070e9759a7165d721045f9,3,0,1.277118444442749,1.277118444442749
7ae3ce7d22d6f62fdd339ea657ea3c70,3,2,2.581737518310547,2.581737518310547
7b1a65b22d46a63d2180cdb05fab5a11,3,1,1.2107638120651245,1.2107638120651245
7b4620ce61fb768c0ad330e3bd9caacd,3,4,4.857110500335693,4.857110500335693
7b4a519e6af8924b417bf72294067964,3,0,1.2355204820632935,1.2355204820632935
7b53f5d1894cf165b880be0ca21fd23f,3,4,1.6827141046524048,1.6827141046524048
7b5c303bc727db87d76486bc15084adf,3,1,1.423540711402893,1.423540711402893
7b8d2f39e387bc0a54504377f8318247,3,3,3.2690911293029785,3.2690911293029785
7bc0cca2cee2bf4522192fd5ba79347c,3,2,2.0480377674102783,2.0480377674102783
7be44aadbb607a7b01a4ffeb792fd36e,3,0,0.13724234700202942,0.13724234700202942
7c684b49197a0d4cc40a97ea729a5091,3,1,0.3527945280075073,0.3527945280075073
7c86ff19f62a250146e4a6c55168e0b9,3,1,1.2716108560562134,1.2716108560562134
7ced88f60bd744ea9b5b8b0527598ed8,3,5,1.646580457687378,1.646580457687378
7d0ddf6bf84b1b3d6c8dafe1ab13c4ec,3,5,4.431717395782471,4.431717395782471
7d300ac8ceabc7e29843d849dc54c474,3,5,3.5699639320373535,3.5699639320373535
7d52f24fd1afc2e4e7610af306af2b2f,3,0,0.2573576271533966,0.2573576271533966
7d60fa34382d46eddec04ec8acb4cb52,3,4,3.999558925628662,3.999558925628662
7d67b112699b40dba45702d5c93cdc18,3,0,1.3379333019256592,1.3379333019256592
7d7cfbfd0ce292bde2b9e39f3a304276,3,0,0.2883119285106659,0.2883119285106659
7dcb52d4a04fcb59f5596ca381ffad29,3,2,4.447153568267822,4.447153568267822
7dd4b4c937f8c0ceb6a30e25391f45bf,3,5,0.8672207593917847,0.8672207593917847
7df851526f6b96fb36918417d70c559a,3,5,3.5460526943206787,3.5460526943206787
7e11c52b13383a5b0d309fbdb2df0185,3,4,2.1699070930480957,2.1699070930480957
7e76962df73b38e2940440f4ee732725,3,0,0.4738771617412567,0.4738771617412567
7e7c7d39cc9b962c510facf7b92e676d,3,1,1.2812532186508179,1.2812532186508179
7e7e6dac3271a6cad2744ae393328a36,3,5,1.2400282621383667,1.2400282621383667
7e8136cda906272497595cfb2088f4c4,3,5,3.4637279510498047,3.4637279510498047
7e8745ed801d57aaf0febef1d2d9c3ac,3,0,1.0452816486358643,1.0452816486358643
7ec0f086a920ce703cd2b74895b9be49,3,5,4.293446063995361,4.293446063995361
7ee503e117d755f91a4a5f75f643cb23,3,4,4.105356216430664,4.105356216430664
7f153e8ad8fff37222bb530d9bfb3a23,3,1,0.727389395236969,0.727389395236969
7f15c706a91ae8c7ccbfaae1897aa024,3,4,4.287184715270996,4.287184715270996
7f1d716f6d571e3a9aece85c67774b33,3,1,0.19650381803512573,0.19650381803512573
7f50cd92c0f5cca94434fc6165354acd,3,4,0.2971227169036865,0.2971227169036865
7f736bb8a20752cb2b2ef3552b84c763,3,3,3.9022676944732666,3.9022676944732666
7f79542601ada0fb6c5817169652ad93,3,3,2.545175552368164,2.545175552368164
7f8cb9cdc9c8f069cec25c44ab4210de,3,0,0.1962103247642517,0.1962103247642517
7f8e10f3342e3763a4251fbde58ba92e,3,4,4.194436550140381,4.194436550140381
7f96d1a121676b1a4fb5f73684061d80,3,0,0.8046775460243225,0.8046775460243225
7fa4634ab59a7832bc877fef162eacaa,3,3,0.7654622197151184,0.7654622197151184
7fb8cd030a3f7a8f3c5e75868f703acd,3,1,0.4505462646484375,0.4505462646484375
7fdda19fabed1c92c7ec50194dc96371,3,5,4.434526443481445,4.434526443481445
7fe78b22d81b42d3bc08fca264448aa0,3,0,0.7860080003738403,0.7860080003738403
7fff6b6143de8f92c066b3fc8296ffbe,3,1,0.6487732529640198,0.6487732529640198
804faf47d835837cca59bc56dd9ddbd5,3,0,0.5679046511650085,0.5679046511650085
80645c22c26e113e14fd16a0fa837f54,3,0,0.022053048014640808,0.022053048014640808
80705f12096390b55d4445485bae5eba,3,0,0.3890969455242157,0.3890969455242157
80b57cbfbaa4a0565a5e4839c24223b6,3,1,2.6914939880371094,2.6914939880371094
80b59404657a6290a06e8902430be7fc,3,0,0.34488868713378906,0.34488868713378906
80fb0f7ade621da69c54fad193c70212,3,2,2.2597224712371826,2.2597224712371826
81012e47c88a443e9c28181ffb81194f,3,1,0.43776535987854004,0.43776535987854004
8116486972d43f65f6d2c91f0312c243,3,0,0.1459115594625473,0.1459115594625473
812a1113758fbc57bd0dfd6fd6d9a1a4,3,0,0.28665608167648315,0.28665608167648315
815cdf5c920260e8174242bc3395b527,3,0,0.239956334233284,0.239956334233284
817ba7c0a65b2de36daa0dd30f178f4d,3,1,1.3157762289047241,1.3157762289047241
819253f1316d7cf6bdc41f8634e4b92f,3,3,2.0263264179229736,2.0263264179229736
8196c63cbdcdc0abd0cac91194d26944,3,2,0.8636859059333801,0.8636859059333801
819d52e0a7764b66c39bc55875e71ba8,3,1,1.6216994524002075,1.6216994524002075
8246fac2d2f17fad9bf28d3ad7d0f1cb,3,0,0.27153280377388,0.27153280377388
824dfb4e8eb256cde52493d8667bfe10,3,1,0.6028231978416443,0.6028231978416443
82896ceb267497b41fe1d8271ecf0a6e,3,4,3.047987461090088,3.047987461090088
828b6eff01c7a265a2f6812b89744860,3,0,0.6900972127914429,0.6900972127914429
8299e52f9a53b39407d0950456562add,3,5,4.483048915863037,4.483048915863037
829dd10a2effb3f6aad826dc06217f58,3,0,0.19704274833202362,0.19704274833202362
82a85cb538cdcaf16ea34b2bca1fe118,3,2,0.5109189748764038,0.5109189748764038
82a8afddaa5244a756cc8b18e5b14c43,3,1,1.1309808492660522,1.1309808492660522
82b8e31cf5bd59934af005c609d05e64,3,5,2.2087342739105225,2.2087342739105225
82dd91dc60d7a36257237f229df31b70,3,1,1.4807662963867188,1.4807662963867188
82e968eacc5a5abf71fa6cefb97c0910,3,5,0.8091246485710144,0.8091246485710144
82f05aada3c46211732c067b8a63a6cc,3,5,1.9870188236236572,1.9870188236236572
83139cc77b98d060b59a997df7c67c77,3,2,1.118626594543457,1.118626594543457
8352937c62fad694f28fdeef9fc8c464,3,0,0.12270165979862213,0.12270165979862213
836a1e6bea9fcd4f2c65d958fc2a7935,3,4,4.153162956237793,4.153162956237793
836e64bc05fc3ca33fcaae4102d1f989,3,3,0.8962072134017944,0.8962072134017944
839955471941b6d2dffa2c4768fc3166,3,5,3.8696446418762207,3.8696446418762207
83a8c0c0755191b2e4a20869efd63cc0,3,1,0.07728265225887299,0.07728265225887299
83b59e7bcb73eaaad663e28738a9e8de,3,1,1.4580086469650269,1.4580086469650269
83dd7661089608ebfb550182617322f6,3,0,0.5036799311637878,0.5036799311637878
84135442a04a1324138d1df78ed185d3,3,2,3.178389072418213,3.178389072418213
842ec03f75b9933c49274bae3e7cc5fc,3,3,2.005995273590088,2.005995273590088
842fc7d05049fbba28cd4a0292ef2bd9,3,0,2.1537914276123047,2.1537914276123047
847db624a7a975df11caca3c97743359,3,0,0.7273708581924438,0.7273708581924438
848d1942cc5b7feb97cc03d3ad08d6f9,3,1,2.3826968669891357,2.3826968669891357
84c489d89dcbf2ceeba8a30147b9e79b,3,1,1.5764521360397339,1.5764521360397339
84c4f998d2b48e875c6fe75ea0365f80,3,2,1.844914436340332,1.844914436340332
84f400518ff3cba2786849ea4dc3bbfb,3,0,0.30925455689430237,0.30925455689430237
84f46d9a31d18691abb69c8dbcec200f,3,1,2.111217498779297,2.111217498779297
85023ba8cc7feea2e418d107c5bb8e92,3,0,0.6527231335639954,0.6527231335639954
852768d64622d6bb9e0d2c3ef45660f5,3,0,0.38759738206863403,0.38759738206863403
853e2ccb308b7e1119a563ca6e12a7ef,3,5,4.559218406677246,4.559218406677246
85476f0cdde5f4f30e47541d5ba44586,3,4,3.5988245010375977,3.5988245010375977
85696dd6d6be278037fdca733e136f2a,3,1,1.4733306169509888,1.4733306169509888
8569feb3de9ecef290b05d1f0b94088b,3,0,0.9278613328933716,0.9278613328933716
856c81d50be37e58fad595bbed320f0a,3,0,0.2500638961791992,0.2500638961791992
8572200ddc026f853be41af18bfb1311,3,0,0.37912803888320923,0.37912803888320923
85924446350920fb124b657160c966d7,3,5,4.322805404663086,4.322805404663086
85a343720f726304ad86cd2eb00ef4dd,3,4,2.709240436553955,2.709240436553955
85b2c32f16826bea58d82dfd39b6d3e2,3,4,4.564985752105713,4.564985752105713
85b7018a9e5287342a1392fb02ce24a1,3,0,1.0466011762619019,1.0466011762619019
85b7b5e97f0556d09761a365234f1ac5,3,2,1.712628722190857,1.712628722190857
85ec340020fb63c782e84901880e8684,3,4,4.323014736175537,4.323014736175537
8603409c1d32c3fd6eb43f0a6abb0857,3,2,1.3040218353271484,1.3040218353271484
8605810b8ba16fa6e2854dedad10d573,3,5,4.4564337730407715,4.4564337730407715
8610bfa14edc267fd6c047665e785b6b,3,4,4.688924312591553,4.688924312591553
861349e0094f9af0986ca3ed1ea7ba6b,3,5,2.605501413345337,2.605501413345337
861eebcd948b656b6051ff0b7a27e3be,3,1,1.4302113056182861,1.4302113056182861
8679a305ae1cb7b2ed35c30529650e47,3,2,2.310375690460205,2.310375690460205
867b35251feb629d68d6801ca1af88b3,3,5,3.5994298458099365,3.5994298458099365
867b4fa9b0b2cc3aa0bafe948d72804a,3,5,4.204093933105469,4.204093933105469
867bf41f609802d686b544b1f8afdcc2,3,3,1.6696823835372925,1.6696823835372925
86e8d69d149316c56146a31733406a3f,3,5,3.5190486907958984,3.5190486907958984
872dc7b2f6261284df1088e4ef2f8256,3,3,2.9009041786193848,2.9009041786193848
874023604daab651e40939b852e94291,3,1,1.814790964126587,1.814790964126587
8760076013e08db5fb4977a7f5df18cf,3,0,0.34392809867858887,0.34392809867858887
877b69359277cf787d93cd17f4d2775a,3,3,3.5357871055603027,3.5357871055603027
8781edbdaaafd6ea493c00d5d1e21e8d,3,4,1.3669623136520386,1.3669623136520386
8796432c343bcf3bcca556dc3375702e,3,0,1.2325270175933838,1.2325270175933838
87bbc9137ece5aaeef9d67f6abeb99df,3,0,0.6023513078689575,0.6023513078689575
87c2116787ff620957ecc95521bc3c0f,3,3,3.008824348449707,3.008824348449707
87edb3eb0b79782b9b7eec15dc294872,3,0,1.526790976524353,1.526790976524353
87f911e13431605386cb4a32367e74f0,3,2,0.5962355136871338,0.5962355136871338
880a1fc64038757f0a332bdf8b81ef05,3,2,2.080681324005127,2.080681324005127
8835fd0dded2d34601a6fcf45e346b94,3,0,-0.11176218092441559,-0.11176218092441559
886682be4f834c17abfcbd5137374279,3,0,1.991923213005066,1.991923213005066
887d935886b409acc14fa55a3c7e05ba,3,3,2.9087328910827637,2.9087328910827637
88ef695f58a55195f0730b4090583f4c,3,0,0.5682878494262695,0.5682878494262695
88fb00fabc97d341a95e97a593c3fc43,3,3,4.546772480010986,4.546772480010986
88fd1b3540f148486d5987f4ba55b02f,3,0,0.4816787838935852,0.4816787838935852
890b1b3fc51fa2caf03d7bef25a31336,3,3,2.0758116245269775,2.0758116245269775
89312c1f707db54b1efe684669e62fe9,3,4,2.787412643432617,2.787412643432617
89afbbdd7813f149b3a047bc544046a8,3,5,5.065082550048828,5.065082550048828
89b546943efa4c35011b93b560303933,3,5,4.288328647613525,4.288328647613525
89bdb0f20bb2e4b15583af626d26ad62,3,2,0.4000617563724518,0.4000617563724518
89cae81d189efb98d4adc9806c50f8fd,3,1,2.004521608352661,2.004521608352661
89ce8e0a494db9c7ddc68dbf58729c68,3,1,1.170218586921692,1.170218586921692
89f2a2a4e2924dfd716ebe784b4b1b72,3,0,1.4048408269882202,1.4048408269882202
89fa9845d25d82d60c3b8ec4ca9fac14,3,0,0.8941793441772461,0.8941793441772461
8a415b0e974861fa00ae9d88f9e3b980,3,5,4.59320592880249,4.59320592880249
8ad2547b9347d850bda6e43eaa3a0026,3,0,0.17205551266670227,0.17205551266670227
8addcf68a92fde8dba0b2a99caf9bff9,3,0,1.0943046808242798,1.0943046808242798
8adf4d491430a714d8654e3fee4483d2,3,3,3.8296451568603516,3.8296451568603516
8b012a7302f32e3f7d03c59473992462,3,3,1.9286020994186401,1.9286020994186401
8b1035c3bcdfedd76c9b55a997d334b7,3,0,0.6850835084915161,0.6850835084915161
8b1293493098a9bd999ef0c0dfdee134,3,3,3.0031838417053223,3.0031838417053223
8b1590bb6429c7b3bbbcf0a420fff72d,3,0,0.2655336856842041,0.2655336856842041
8b19e141c1741cb06bdff6bffc9503b1,3,5,4.235469341278076,4.235469341278076
8b36508994d132ac03c5effd255b6eaf,3,3,4.53731632232666,4.53731632232666
8b421aa81e047f4649df49387c6aad02,3,0,0.3408234119415283,0.3408234119415283
8b422bcb2206d18ab2ba35e6e5e3c878,3,1,1.2858716249465942,1.2858716249465942
8b45517c6411802b7f978e32cf741a33,3,4,2.963444709777832,2.963444709777832
8b6b71ad7870d27f593a16905a42445f,3,0,0.26244932413101196,0.26244932413101196
8b93842839ad38d60ff614c4c2985b96,3,2,2.943755626678467,2.943755626678467
8bc019d3bc465a6f9b28913f5cb22c00,3,1,1.1323351860046387,1.1323351860046387
8c5b4130d7ad948a6221527aa0087a10,3,3,4.536747932434082,4.536747932434082
8c5fd47e838f44848c14076f71fe0d10,3,0,0.16291706264019012,0.16291706264019012
8c6971bef31fe34c629d35910abce194,3,3,1.9405146837234497,1.9405146837234497
8ca4eea53dab8fb41f2ba01deb4e84db,3,1,2.4337761402130127,2.4337761402130127
8cd17fa38b5f8f3e658bfa55e45f509b,3,2,2.6800804138183594,2.6800804138183594
8d023fab6d98cb21342681e0dda180d0,3,3,3.8742499351501465,3.8742499351501465
8d2b108e26bd0c52b2de57acc205fad0,3,3,1.5581036806106567,1.5581036806106567
8d4d03f080d431387a79cfbca4065dbd,3,5,3.2615771293640137,3.2615771293640137
8d591bbdb85060fdda5c3c85f29ed9aa,3,1,2.670358896255493,2.670358896255493
8d6842e797f4edcbefa0e580a3e73fd5,3,4,0.540143609046936,0.540143609046936
8d69850040ca70588cb37e7f0bc70390,3,0,0.32954713702201843,0.32954713702201843
8d6d8329cd0bbf6d0356b300f83d6b6a,3,1,0.3022867441177368,0.3022867441177368
8d90013d52788c1e2f5f47ad80e65d48,3,1,1.4040400981903076,1.4040400981903076
8d96e24f96029fb89ad33d017f1fbcfc,3,5,2.835195779800415,2.835195779800415
8dbbf6f6aebb8aea3339f70dbfd7cf07,3,4,3.879317283630371,3.879317283630371
8dcdad73d9facc2ba28642ff4a3b9513,3,0,1.0960605144500732,1.0960605144500732
8ddd6a0c4628dbfdcd6d3bcb0fa1ecbc,3,1,0.849319338798523,0.849319338798523
8e393fd8642026c8c4b899d7ddeadcf4,3,4,4.032357692718506,4.032357692718506
8e3e843a0eebb79b5ed06f97c078eb87,3,2,2.0690972805023193,2.0690972805023193
8e6046bcf8e5c9877075618ea526838b,3,1,0.9372949600219727,0.9372949600219727
8e6db17e55f22d47faaeed270a79d288,3,3,4.464666843414307,4.464666843414307
8eb6325c279ad391cf4a54492db4c41a,3,4,1.2640780210494995,1.2640780210494995
8ed35a4d31711b9670bc5125f79fbdd7,3,0,0.4640113115310669,0.4640113115310669
8ef71bfdde4f67ce9c00e001e6946f5a,3,4,2.2065885066986084,2.2065885066986084
8f264374ed3fa427615c1650218e7f21,3,1,1.54862380027771,1.54862380027771
8f2bf8045c49c8e298b02cb62b1c57c9,3,1,2.087232828140259,2.087232828140259
8f8d20fc6e9b6aa3b145e359e104eac4,3,3,2.328178882598877,2.328178882598877
8fa7f6ad508c78ef7dbd621d579350b8,3,3,3.8363113403320312,3.8363113403320312
8fb59dad9900993009ec713ff08f7a56,3,0,1.0653417110443115,1.0653417110443115
8fc10ce3188de7e919b9f08fe5e6993c,3,3,2.1175317764282227,2.1175317764282227
8ff2a1df0aa706eb728a63c4724c0e87,3,5,1.5674914121627808,1.5674914121627808
902c91b64acca0e23028554022413337,3,4,2.308591365814209,2.308591365814209
903461ee1301ed17ac229b3fb607ece7,3,2,1.3756097555160522,1.3756097555160522
908d0fea96e1e85c8b7c772b397dbe8e,3,2,3.6258397102355957,3.6258397102355957
909be30586dce24e6d7ff734a4572cee,3,0,0.446734219789505,0.446734219789505
90f27b8f8e4c1ca220df5e199f7f21cf,3,5,4.391817092895508,4.391817092895508
91256e6ad32ae5faf424a89a30b7a849,3,0,0.36498674750328064,0.36498674750328064
912ca342d7aa2b580b6b3fa8aa547b4c,3,2,3.445222854614258,3.445222854614258
913061935711a7144fe223f4606ab68c,3,2,1.515423059463501,1.515423059463501
9134dd5f06ffc27faa20cff04ca04ce3,3,4,2.866459369659424,2.866459369659424
919408ee796bb1d71ca9fc5ee0019400,3,4,3.1291439533233643,3.1291439533233643
91a40f207d9a99e49866c204e28ce521,3,3,4.079104423522949,4.079104423522949
91ab816a1696123b34d31e6b8fc00315,3,3,3.5567426681518555,3.5567426681518555
91c2e90cf320a9e3cbaeee14fd3b44e3,3,3,2.34220290184021,2.34220290184021
91dbf33750e689bb6ed3c3fb60782cef,3,0,0.5200193524360657,0.5200193524360657
91ddec6cba7af9cfefc2ba5317d5f87b,3,4,2.1464154720306396,2.1464154720306396
91e2c35b8c9d4b6c1772f0589e6a81be,3,0,0.12854190170764923,0.12854190170764923
9275833e274c8ae8d514349c8c05fe2c,3,4,4.7141547203063965,4.7141547203063965
929cb4d0ec760882129e1853b335af17,3,4,2.0116665363311768,2.0116665363311768
92e65cdbae33b846328b01eefe907fff,3,0,0.1932983100414276,0.1932983100414276
9312f1d67670056fcff9a88c21a07e7a,3,0,-0.011320315301418304,-0.011320315301418304
933e0a326144bffd98a22ef54fa1466a,3,5,4.536919116973877,4.536919116973877
933f22ce388303435d472aa4f9a56d66,3,1,1.204109787940979,1.204109787940979
934b5d2a0804ebbf888544b5c8a178f4,3,5,3.620007276535034,3.620007276535034
934f3bcb20dfdd3e184f53df0383b9e0,3,4,2.0555033683776855,2.0555033683776855
93757b4ce72684dad26c5e68b49829f7,3,3,2.068331241607666,2.068331241607666
93788e79ae389079b97441ca122fca06,3,0,0.7264894247055054,0.7264894247055054
9380b3a7b261bce9b376b110aaee787c,3,1,1.2766927480697632,1.2766927480697632
93b69d2902a418c407b43b1da3248c8d,3,2,1.9736729860305786,1.9736729860305786
93d61048971f66fca64784b9e2a0106b,3,5,4.2348432540893555,4.2348432540893555
93de4c63c4fc4f7af571407a4c8d7040,3,0,0.7796847820281982,0.7796847820281982
93e7f57dd48641f79d51cd427b867727,3,4,1.1245981454849243,1.1245981454849243
93eaef7c97c70876d36d656b675de171,3,1,0.3243556022644043,0.3243556022644043
941c5c00aa0eb23c7020f46bafffc062,3,0,0.12155938148498535,0.12155938148498535
944145f2933819f15c2c06746e839e97,3,5,4.805737018585205,4.805737018585205
946e85479cd3ac3e73f2698c9cf01806,3,2,0.711209774017334,0.711209774017334
949247a2b70a0976687f44de498ed601,3,3,4.414937496185303,4.414937496185303
94e121bc4a7091b881e8dd9b6c2be6b5,3,1,4.1791839599609375,4.1791839599609375
94f7f3918ecc4fd3ace3aa7d10e7d521,3,0,2.159334421157837,2.159334421157837
94f8884c0106deb59d2b6abfbc53fc74,3,5,4.418755531311035,4.418755531311035
954c4fc8d1287b99baa0d4937ecd0ac2,3,2,1.75609290599823,1.75609290599823
958b673142f168452d11347144168cd1,3,0,1.6887460947036743,1.6887460947036743
9599d5f691b56b56aac30664afa7ef45,3,0,0.351679265499115,0.351679265499115
95b532b4358d9b7df9102074081e7e31,3,0,0.3508732318878174,0.3508732318878174
95be303672540e2eb1b63749af33c1c5,3,0,0.29881349205970764,0.29881349205970764
95ceba057707ca5624053399bd2f14db,3,0,1.9729676246643066,1.9729676246643066
95f50ef561b3a5577c09859dc909fb8d,3,0,0.19020387530326843,0.19020387530326843
9601f5a50ae3847ee3248320b84606ff,3,2,2.1250159740448,2.1250159740448
960986ff8cca993c059343bf7e984a14,3,3,1.6747394800186157,1.6747394800186157
960987121f9776e4327fdd09d308c01a,3,0,0.2584853768348694,0.2584853768348694
96336251e59082cafc68f051bc448392,3,0,0.40107905864715576,0.40107905864715576
96907a7abf71ca7e5e48b36514d6c7f2,3,1,1.632006049156189,1.632006049156189
9693d8e04d91297655abf8424d769bef,3,1,2.115324020385742,2.115324020385742
969488b756b097bdfcf8d7e882f72967,3,0,1.1788476705551147,1.1788476705551147
96a65a6ddc0ff8bac4231b50957ab64c,3,3,2.205658435821533,2.205658435821533
96b8bc9b8128ea796e39a4af6eccdbea,3,3,1.9197779893875122,1.9197779893875122
96daa0c757713deeb2148c1952063648,3,2,3.945875644683838,3.945875644683838
96dfad49d9f2d8eebfc93fa5aee86b42,3,4,4.251551151275635,4.251551151275635
96e6ff0b83b4aa096f0042d3a8abd4c5,3,5,1.5788841247558594,1.5788841247558594
9702e77a42c305656f1c099eafe7d7f9,3,4,2.0685627460479736,2.0685627460479736
97072543ae9c3b84a7f9ae1cf3dee70c,3,2,1.9504050016403198,1.9504050016403198
971e50ef7265bc3751d7cc7ff36a6f5b,3,4,4.1973652839660645,4.1973652839660645
9746a908fb142b961e5b0b1afef3dac4,3,0,0.24578040838241577,0.24578040838241577
974916a28bb67ac840a9305d18d3cd61,3,5,4.896081447601318,4.896081447601318
97659f526c8c25f29175c9c5d36d31e7,3,0,0.08686327189207077,0.08686327189207077
9774d47c58f7db77589b87584f55aca5,3,0,0.9516687393188477,0.9516687393188477
979f4dc560d37b8ed26dbc8064b85f18,3,5,3.230015993118286,3.230015993118286
97a072070bccd353b385580daed8b3f5,3,3,2.867448329925537,2.867448329925537
97b4082f63e7c2840615c9aacf7ba0a6,3,0,0.7123469114303589,0.7123469114303589
97b7f54f14c7755f68592de20ea662b1,3,3,4.1236982345581055,4.1236982345581055
97ccf4cd87889cfd0c918eabd453ace4,3,0,0.9400321245193481,0.9400321245193481
97ed26d2c626a5f6200d2f6da1a56ae5,3,0,0.12328056991100311,0.12328056991100311
9864a284764976b891a3a406d1f0aa6d,3,2,1.3224507570266724,1.3224507570266724
9868a54bf110a952ac11af9f4659c5e1,3,1,1.3723416328430176,1.3723416328430176
9872b4046512bedead9dc84501aed242,3,0,0.451486200094223,0.451486200094223
98b0be22ce1333d629294c2748a81ed7,3,4,2.170239210128784,2.170239210128784
98ba51c7a4ca7316ff1bc776365ca14d,3,3,4.80225944519043,4.80225944519043
98bfad4a1ec921edc2f61c9c9dd5690a,3,1,0.4247547686100006,0.4247547686100006
98c4b11e03783a88e218d5c041215b8c,3,0,0.605038583278656,0.605038583278656
98c76020fd2e71039c259365994f76d6,3,0,0.308817058801651,0.308817058801651
98eff279b10d8e5186e406ef91de2f3f,3,0,0.08175647258758545,0.08175647258758545
99061fca83e817915e3e20536bf9fe39,3,0,0.2171313315629959,0.2171313315629959
990af1d0decc6204dcc351db5011d54f,3,1,2.1656723022460938,2.1656723022460938
995b9aea3d7f6ccda0440b9ec2bfc058,3,0,-0.0363018773496151,-0.0363018773496151
995d89d079e8b1e4e06217d3f7fd6d9e,3,1,3.030944585800171,3.030944585800171
995df9b93db1e396b57692c6c7f1d673,3,0,0.32569003105163574,0.32569003105163574
997973f9f9c08b7eabd1d7fe09050f00,3,1,1.1636968851089478,1.1636968851089478
998668b127c12acc5450bd87b0f6af30,3,3,4.341597557067871,4.341597557067871
99bc60c2d554be9304993efa0a5ef740,3,4,0.4075530171394348,0.4075530171394348
99d9afb22b65ea97fcd21ce67e1ddb6c,3,4,1.8031303882598877,1.8031303882598877
99ecaa4a61fc527057721723247a099b,3,1,0.866031289100647,0.866031289100647
99f60de23ae443fc267155050cf905eb,3,2,1.9547611474990845,1.9547611474990845
9a0fc7a2679d20d5c7bab1f220316e58,3,4,2.908536911010742,2.908536911010742
9a1f71a0b6caec6e6ec01f3b6c5390af,3,0,0.23424117267131805,0.23424117267131805
9a222ba2f42f77eada172595823be7b7,3,1,1.140762209892273,1.140762209892273
9a2473678a45cc95067ef619d850bfa8,3,0,1.2046462297439575,1.2046462297439575
9a4ba048c62623465d6a7a0d8549a657,3,4,3.4390511512756348,3.4390511512756348
9a9ca5c457ad34e83f7e83002c61550f,3,5,0.27704864740371704,0.27704864740371704
9ad778a5756c42441beb803ad8318fec,3,5,2.319437026977539,2.319437026977539
9adf250ecae0407eae54f26e12b4afda,3,1,2.7634549140930176,2.7634549140930176
9b238129762edd83f472e5b3abf9e639,3,4,2.8991787433624268,2.8991787433624268
9b2948ff81b64677a1a152a1532c1a50,3,2,0.9213238954544067,0.9213238954544067
9b4f01490d9d27e94dd2f49f8f53053e,3,5,4.4946136474609375,4.4946136474609375
9b53b228ff67761f58de2688904b4837,3,0,1.0666172504425049,1.0666172504425049
9bb60a3f88287060ff55db1d8e1dce44,3,1,0.8359253406524658,0.8359253406524658
9bc88ce8ad471cce57ed97cd33cb7f35,3,2,2.5348215103149414,2.5348215103149414
9be6b9a4057903ccf884e75c8f430c7f,3,1,1.6600552797317505,1.6600552797317505
9c1e528658246c5f5600e5a98f9ceb62,3,0,0.2793118357658386,0.2793118357658386
9c2b708c21a6f7f2c4bebce9d6c74436,3,0,0.6086204051971436,0.6086204051971436
9c37e4cad0a3fd8edae320d73c314e8c,3,4,3.2046470642089844,3.2046470642089844
9c43b91f79cd9660d0e9dbcfa3488147,3,0,0.19100350141525269,0.19100350141525269
9c51659368b9df260684b25ecaca3f77,3,4,4.493322372436523,4.493322372436523
9c5229cbfdd9234f73a514b0a2f0ad4b,3,0,0.05584440380334854,0.05584440380334854
9c5565193a8ab6ddc3b303bc0a9cca09,3,2,3.4016730785369873,3.4016730785369873
9c590826f300b2d7721b45701ad5ddcb,3,0,0.27694210410118103,0.27694210410118103
9c6d3c38a62063c543bd502409d69f12,3,3,3.373765468597412,3.373765468597412
9c86cbfe613e532936220f1c325cd108,3,3,2.446871757507324,2.446871757507324
9cacb539b16561b6987029301b5f4bff,3,1,1.8276971578598022,1.8276971578598022
9cb2cc92326f2e7534c8c16acb5e9883,3,1,0.6536903381347656,0.6536903381347656
9cd1f9700bb8591c07051ddd50ccdbe7,3,2,2.7773571014404297,2.7773571014404297
9ce2de72495a68f5728c8b7292f79805,3,0,0.7300256490707397,0.7300256490707397
9ce336287e80a2fc09fec22259e3bebb,3,1,0.9154151678085327,0.9154151678085327
9d0c3cf3ccfdc091564ddc91c3563bfb,3,1,0.6804982423782349,0.6804982423782349
9d1409234a18d9419bfd8ee214c50ed8,3,0,0.2575989365577698,0.2575989365577698
9d44f1ba2f0e9d4c6a8bbc392b25c457,3,0,1.2853702306747437,1.2853702306747437
9d78412658c86a13866f804ce8284f75,3,1,1.3410214185714722,1.3410214185714722
9d824f1d72e60812b7a165c42e1162ba,3,1,1.553698182106018,1.553698182106018
9d9d0a78364c5603e14a5a644bab65ee,3,3,3.6137030124664307,3.6137030124664307
9daae3ddf1e47ccd9d2013917e47f497,3,2,1.5114425420761108,1.5114425420761108
9dd4dd4673d2e20545ebde6e94aaec87,3,4,3.954298973083496,3.954298973083496
9de303f93e75b109e4db19922ed2eace,3,0,0.2855154275894165,0.2855154275894165
9e5d11af345645e8379267b0d57a3b64,3,0,0.2706126272678375,0.2706126272678375
9e74e07bb8b89e8dd32057c623238f98,3,0,0.49782806634902954,0.49782806634902954
9e9ace16f4d20d98a65d3936b953f442,3,0,0.31266990303993225,0.31266990303993225
9e9c36a50726e766d79a3871e0fead40,3,2,2.158773422241211,2.158773422241211
9f08d625fda6cb202fdc3193a476b1b1,3,4,3.9109702110290527,3.9109702110290527
9f1e83226a062a10ceb16bde5cf1a467,3,1,1.4612244367599487,1.4612244367599487
9f1f0177237ed9f6c767aa1884abded4,3,0,0.8390593528747559,0.8390593528747559
9f3cb251707d9950d2f6a309fc1d8ae2,3,4,3.4801087379455566,3.4801087379455566
9f465a610ff3a6712bda746f7c624dad,3,0,0.2870425581932068,0.2870425581932068
9f54b66fea7733a969ddabccb7dbee77,3,1,0.613639235496521,0.613639235496521
9f572190657b6219d9757d886e328690,3,3,3.899240016937256,3.899240016937256
9f7e34c8bd9a13d563a5a1a7a0f78b24,3,3,3.6595873832702637,3.6595873832702637
9f90111d4dd5c7a7460f83b4953a8a6c,3,3,3.7062206268310547,3.7062206268310547
9fa1b4e617cbc88646794a6204e2d897,3,2,0.25355264544487,0.25355264544487
9fb1b1d5c26a661f364f46012ede9336,3,2,2.2113099098205566,2.2113099098205566
9fb37ce7f60b8395a47599f2b2def47e,3,1,0.28123873472213745,0.28123873472213745
9fdc67635e14822c347061fd50f40939,3,5,4.172231197357178,4.172231197357178
a00b1407e3d554b729ce61295cb62da4,3,3,1.4353678226470947,1.4353678226470947
a027be54eb3b8529540d6b6c90f98a40,3,0,0.3005690574645996,0.3005690574645996
a02eb88c0bce1422d1173ac45db29666,3,3,2.967076539993286,2.967076539993286
a04310d441e8d2c7a5066627baeec9b6,3,1,1.0902820825576782,1.0902820825576782
a0533c8b2b4fc231deae6250c3c8d4e2,3,5,1.8682066202163696,1.8682066202163696
a067b076fca33e4b22dd6f1024bfe369,3,2,0.4247039258480072,0.4247039258480072
a0714e2fe169ac0e6bfcacc028a4f391,3,1,2.0453805923461914,2.0453805923461914
a08642ee66d28e4216bda09d27e5df99,3,0,1.1426869630813599,1.1426869630813599
a08c211e99f5213d2c8e93e39b02cd8f,3,3,2.6870269775390625,2.6870269775390625
a08e24cff451d628df797efc4343e13c,3,4,3.5861451625823975,3.5861451625823975
a0a19caa7f2b6ff84b3e5cf0aa3fc68e,3,0,0.2337956726551056,0.2337956726551056
a0c82584384e118836f03e2abf446a81,3,2,0.22218745946884155,0.22218745946884155
a0d279106371ef10a80d75ba71f2b64e,3,0,0.6397773623466492,0.6397773623466492
a0f29ff13fb03dd08b6aaeaf4bcac6ed,3,0,0.37102800607681274,0.37102800607681274
a112bfd9f4a972330c8fddf14477e458,3,4,3.6343631744384766,3.6343631744384766
a1178eb5d4b1c938ee9fdafdbc85814d,3,0,-0.04717035964131355,-0.04717035964131355
a135338352ca55f2cee63eb68b953cc7,3,0,0.24193143844604492,0.24193143844604492
a14885c7da6514c0523a6977e2b205a4,3,5,4.121427536010742,4.121427536010742
a162da97dba7c4e154e8d51bd5a4db0c,3,4,2.581366539001465,2.581366539001465
a1674a5a1b9830d61c54d09db0ccf308,3,1,0.24726732075214386,0.24726732075214386
a16f4b2fd513d669c5b8dddc7bfa9fa6,3,0,2.2491679191589355,2.2491679191589355
a181feea490b34becd1c7dfa775bd941,3,0,0.8470216989517212,0.8470216989517212
a19e008bb1811dbb0095b4cd4c3bc8c5,3,1,1.439555048942566,1.439555048942566
a1ade7c9193cbe3b85a7169e61613365,3,1,1.5548750162124634,1.5548750162124634
a1b7055a495ac4a160336b66acc62b4b,3,0,0.307437002658844,0.307437002658844
a1dcf957066abe4334f9706a224ba3e2,3,0,0.4377707839012146,0.4377707839012146
a1e2f28549fb41a84b04b8022f285a7a,3,1,1.4492229223251343,1.4492229223251343
a1eb67fb9f6f39764b1859e175f0995a,3,3,3.5132622718811035,3.5132622718811035
a20e3cf8d960065a501849813bd2bef1,3,0,0.34484753012657166,0.34484753012657166
a21ea7caca40bc45f043ed27ae2b573d,3,2,2.1827566623687744,2.1827566623687744
a2203e3e55982d90983e61c1dfc3802c,3,5,2.823641777038574,2.823641777038574
a288e70d5f393dd6d804ad5e024cb5d3,3,5,4.922213554382324,4.922213554382324
a28c776023b9b5ce3eaf55c05b5b1214,3,4,1.4974333047866821,1.4974333047866821
a28e296c8480489a03db3731aa364183,3,1,2.0021896362304688,2.0021896362304688
a2cf43624325e34ef78bde7b66a36db0,3,4,1.4067751169204712,1.4067751169204712
a2f1af7bf2b86cdabfcffe65d8424a3a,3,0,1.535298466682434,1.535298466682434
a2fb69954b14fe15857b0f54515fc745,3,0,0.03829382359981537,0.03829382359981537
a31660605fa1295d74bfb1729c3d05eb,3,1,1.3435136079788208,1.3435136079788208
a3589c0cb14e99c7d08e5b097d173041,3,0,0.3221701681613922,0.3221701681613922
a3794ec31a02fbf429486dd464f83d25,3,4,3.4958882331848145,3.4958882331848145
a37fce1f9bf89a23e99ff436d8c3710f,3,1,0.9957454800605774,0.9957454800605774
a383c97bbe2095ea5d4a7c33a35b2c4e,3,0,0.5431918501853943,0.5431918501853943
a3a06e2c06260de535916eaaa629c466,3,4,3.030397415161133,3.030397415161133
a3e1e3c26c6abb4c6a8f4df1a7a17a06,3,4,4.27783727645874,4.27783727645874
a40897dff1e0113123134af05cd3cc65,3,0,0.19108372926712036,0.19108372926712036
a420d76844dd359a2d3a268be4827768,3,4,4.159855842590332,4.159855842590332
a43c01d2b679f67377e6909bd94128a5,3,5,1.8288897275924683,1.8288897275924683
a4514f8a6800bf122ae746c4f573ee6f,3,5,1.9325556755065918,1.9325556755065918
a49c0d3b59dbabaf8183f5758bacfbc0,3,0,0.2790704667568207,0.2790704667568207
a4a074975f0b90dc193b712d36a38e0c,3,1,0.31906259059906006,0.31906259059906006
a4a6631cd1b0ff0b8df03675f8debad8,3,2,2.3784732818603516,2.3784732818603516
a4da7781633022869ad9556be440172f,3,0,0.24909839034080505,0.24909839034080505
a4ee1a3f5cdc4faad3b255294bba1cc4,3,0,0.5084517002105713,0.5084517002105713
a4f80816b9e11c4ac2ce7ffc2a526cd5,3,3,3.0919532775878906,3.0919532775878906
a51ee6c01cc8f18d48a70116f0ffe700,3,4,2.5351288318634033,2.5351288318634033
a5694e9a3cdc76a58c9ad784e909abcf,3,4,3.6329784393310547,3.6329784393310547
a579110fe1e670847d9d146404597750,3,0,0.33913254737854004,0.33913254737854004
a57fce3a0a40fcdd2683b9c24739dd7f,3,4,4.33726692199707,4.33726692199707
a58d6425e3c86c6d532cd57dc7504c13,3,1,1.2890909910202026,1.2890909910202026
a5ad3fbf8ce0853c6683f5be5f1a4a20,3,0,0.4467020630836487,0.4467020630836487
a5be8826190732e7519cdd326f5a2483,3,0,0.15723691880702972,0.15723691880702972
a5be9b704fae4da3e8a8fcdcf17973e1,3,0,0.23378686606884003,0.23378686606884003
a5e35549c722d53da64190d30859d7f3,3,1,2.1780757904052734,2.1780757904052734
a606428bb0598bbd68851259993bb7ce,3,3,2.8196349143981934,2.8196349143981934
a61bde5fa031a829eed61c44ea348963,3,0,1.603521704673767,1.603521704673767
a656612b4ddb61780536400c117a9b91,3,4,4.249356746673584,4.249356746673584
a6567125ec06dda3533e654d761ae78e,3,5,4.321595668792725,4.321595668792725
a66acc12fbf3f3d375bac7f768336aa5,3,0,1.2676972150802612,1.2676972150802612
a6ba6423d654ae961d730c72a1a2f50f,3,1,1.2391754388809204,1.2391754388809204
a71f5c9931a10907ca1b1fd09d5b0798,3,2,0.7477806806564331,0.7477806806564331
a740ac5e9722a89dd2c7afe87b92104a,3,0,0.5110769867897034,0.5110769867897034
a75b08009b587976191d332890a52964,3,0,0.618057131767273,0.618057131767273
a75c60d5d98606ed26161ae3757da650,3,0,0.23606576025485992,0.23606576025485992
a766e096ab436d7ae7a55eb46a4fcf5e,3,1,1.55404531955719,1.55404531955719
a778e005ed493fbc8905dfe811694b17,3,1,1.303181767463684,1.303181767463684
a7ccfb5e344fe37664d48fa0f5d2d4e9,3,0,0.42420846223831177,0.42420846223831177
a7d18581b5402766aacf91d52e6143eb,3,1,2.298820972442627,2.298820972442627
a7f9d0f2300b4e56333bb7bd66457267,3,0,0.05559714511036873,0.05559714511036873
a80ae4f5811fa7a1042d78be4aedf45c,3,3,1.4748146533966064,1.4748146533966064
a82ab9e22ff10be0575503d3262a1a61,3,4,4.48877477645874,4.48877477645874
a82f9f71cde84001ecc92ccb09eccb5c,3,3,1.6132110357284546,1.6132110357284546
a839f9a08020d5e3001df11d08c567ed,3,5,3.459028959274292,3.459028959274292
a83b0d472cd523b9d4fb96d01dbd547e,3,1,1.6519349813461304,1.6519349813461304
a84ffde8b4b1988a6ad9091d687f32bb,3,1,0.7438293099403381,0.7438293099403381
a87bddaf67f7f888914f5f9590560c47,3,0,0.9490122199058533,0.9490122199058533
a8bd3316f3eeb3613dc827e2a424c727,3,0,-0.039980385452508926,-0.039980385452508926
a8e5f38315214944e502edfdc986ea2f,3,5,4.353116512298584,4.353116512298584
a8e96a9ccdebc9ad76b206493270f670,3,5,2.6152851581573486,2.6152851581573486
a9001c117730dcb698f2186402a5c697,3,0,0.43189579248428345,0.43189579248428345
a90eb0863e245b99bfad5989bece9f6d,3,1,0.957496702671051,0.957496702671051
a923bffcafaa9baa5f639e3911c18998,3,2,1.7394670248031616,1.7394670248031616
a96764032e53b16ef7b0d99a79e020ad,3,1,0.8322391510009766,0.8322391510009766
a9dc6f6175a76e18031ad38fc9c08026,3,1,1.036233901977539,1.036233901977539
a9de2f159602a6c08dde0551062fb74b,3,5,3.674076557159424,3.674076557159424
a9eb78153559e7daa9eaee25cfd43680,3,1,0.8097991347312927,0.8097991347312927
a9ff261ddbae34cbbb6b5d5c0f2d1ce6,3,2,1.6522566080093384,1.6522566080093384
aa956e452824c715d48722bbe45c2882,3,1,1.3611009120941162,1.3611009120941162
aaa5732cd49bffddf0d2b7d36fbb0a83,3,1,0.6369948983192444,0.6369948983192444
aab7d22839e8ac0821aa2cdd1650b39a,3,4,3.0339720249176025,3.0339720249176025
aaba5d62daec22bedfc287ec9457f200,3,1,0.8506553173065186,0.8506553173065186
aae503ac1b8aa0f17fc7ebff97c047df,3,4,0.2478078305721283,0.2478078305721283
ab17f187d0cf1522c838108906131162,3,0,0.2784835398197174,0.2784835398197174
ab3c5351479e3e58b4feef80e6f416f3,3,0,0.4259323477745056,0.4259323477745056
ab4a7247e87d9cd8b7106a64b3dda927,3,5,4.810068130493164,4.810068130493164
ab8ad31b80419f9f49c6b62f25d6fe59,3,4,4.244050979614258,4.244050979614258
ab9b00885d5960b51efd3aa59cb95269,3,5,4.44864559173584,4.44864559173584
abc48b50676206aa226b488ab6c4e436,3,2,1.814409613609314,1.814409613609314
abfa36e4517733d5fe37f639328a736c,3,4,1.0519272089004517,1.0519272089004517
ac0d8bc88d9ec900be978a70b90e425b,3,0,0.37977468967437744,0.37977468967437744
ac36d9eb20b4e0ea8b4ff238212067cb,3,1,0.3377092182636261,0.3377092182636261
ac5d45906b56238e99d3f46ac94b35fc,3,4,3.359160900115967,3.359160900115967
ac6110478f6edbee89ae89481e94b275,3,4,1.7879842519760132,1.7879842519760132
ac6ac43819c3e01b53b7c63fc4c4c24e,3,0,0.893942654132843,0.893942654132843
ac7b0dbd7220fa8abe977efe1030ddcc,3,0,0.3977082669734955,0.3977082669734955
acc79fc48cdb1a2c730a0b2c15b0355d,3,1,1.6503946781158447,1.6503946781158447
acfc9ac341bef701316ff5a73cac6b0f,3,3,0.6797338724136353,0.6797338724136353
ad44ed31dfb798af63c0d7a8df2fe1c9,3,2,2.469763994216919,2.469763994216919
ad4ae9ebcc4bc991de15af2b0dd5b994,3,0,0.2581358551979065,0.2581358551979065
adced66ab9dcf618633efe9f1b837fcc,3,0,0.07878703624010086,0.07878703624010086
ae0fead0becdfd46f9182a8cc9321b2c,3,4,0.9257307648658752,0.9257307648658752
ae1c6bd846449adbde74b0cba5cb7a19,3,1,1.1747781038284302,1.1747781038284302
ae273cd134a79165e360f2df1d6ad5a2,3,2,2.2959089279174805,2.2959089279174805
ae4ef1321633aabc6147ea801df9aeae,3,1,0.419031023979187,0.419031023979187
ae6f1a04d5c4fc301a8084cb2c888166,3,3,3.2391245365142822,3.2391245365142822
ae735fba71d07070521f014ddfaa6bc4,3,0,0.40900206565856934,0.40900206565856934
ae73856854dae06ef0423afdc995e9c8,3,4,2.504077911376953,2.504077911376953
aea0dc89fbdd0bbca975eb440b55d3c1,3,1,0.4492618441581726,0.4492618441581726
aec8c9de53039867c46c17647b800778,3,0,0.3144264221191406,0.3144264221191406
af1092d14c91de3eddbcb650f631c501,3,5,4.722136974334717,4.722136974334717
af1411aecef861c7f39555f2a8b0e0d3,3,3,2.262260675430298,2.262260675430298
af41a64b57d2f3244cab6f912383a6c1,3,0,0.8235252499580383,0.8235252499580383
af4e9bbfb08853b7b2813331fbe5b877,3,1,2.922029495239258,2.922029495239258
afaa3f61f49c3e47bbfa02f3d657994f,3,5,3.667445659637451,3.667445659637451
afb5a82a77f4ed7735a8972e1a85f4d4,3,0,0.4213654696941376,0.4213654696941376
afc64d05b77db622ebdfffa969315d3e,3,0,1.0099810361862183,1.0099810361862183
afd44b28311688efd18669bd0d463ccd,3,5,4.921385765075684,4.921385765075684
afe7eb15c8438861ca43f2b20dccf260,3,0,0.1166408509016037,0.1166408509016037
afeae451e576086d10c45a41545f7212,3,0,3.274458408355713,3.274458408355713
b0046f3ccf1c8d0535e0925a4dbc7232,3,5,2.640333890914917,2.640333890914917
b039337ade137a34e544fa1c5a17b4c3,3,2,1.4058465957641602,1.4058465957641602
b05c51e24ef86dce1bdce969ed27be9c,3,2,2.665731191635132,2.665731191635132
b06049ce3ec82f00aebdc4e368edc90f,3,1,0.8642115592956543,0.8642115592956543
b084fef2354fe904f2279fa7d376855b,3,1,0.5210143327713013,0.5210143327713013
b09d495590251a1a6abab4b781265a1d,3,0,0.33179330825805664,0.33179330825805664
b0a045082cbd53a7746de08b976e3dcb,3,0,0.2583850026130676,0.2583850026130676
b0a13d9ac8f8200e12ae492f8155ef4e,3,3,3.5404305458068848,3.5404305458068848
b0ab4a0b140dced554f47ecae7a62859,3,0,0.581475019454956,0.581475019454956
b0b38a63ab55065b25c3f5b839c8a72e,3,2,3.3954029083251953,3.3954029083251953
b0dbeb3aff56ca3b5e279b11d01b7064,3,1,2.357738971710205,2.357738971710205
b0dc9662008d3c1d40f3b30d82a6ffe0,3,1,1.92134690284729,1.92134690284729
b0fd3778526aec216e7db68d267c0897,3,5,4.379366397857666,4.379366397857666
b13961504ea859ff34a150bc19fed335,3,4,3.548755168914795,3.548755168914795
b13c24842ac86c448a3c9b846a1e13d2,3,2,2.2728121280670166,2.2728121280670166
b14a7f66d2c7fccac708bd5540448658,3,0,1.204246997833252,1.204246997833252
b1592124fa872ab5ad10d0d5dbf80a30,3,0,3.3925881385803223,3.3925881385803223
b1ce56fd6c860e726c622c3f6b7de421,3,1,0.2227243334054947,0.2227243334054947
b2132ea045444b2693693ff67cf6bc3a,3,4,1.348766803741455,1.348766803741455
b24c9a61f01ad6ce5006ce9d06d1666f,3,1,0.9391453862190247,0.9391453862190247
b24d10450d164e8d0ec568628e8c95d6,3,1,0.24518121778964996,0.24518121778964996
b267fa5f2c3b44774f06581ac05996b7,3,1,0.7843398451805115,0.7843398451805115
b269b43565372f474745f4d71dc2a5c3,3,1,0.4822804629802704,0.4822804629802704
b276c39d60d16cdcca065940ed55eeb8,3,2,2.3055105209350586,2.3055105209350586
b2ade8c8cf0f8da5d999e116da8cf41c,3,3,3.5301177501678467,3.5301177501678467
b2b7e5ce81c5b70949de31185ee8a126,3,3,1.8129407167434692,1.8129407167434692
b2d61acebf2a6299968db04c0e43986b,3,1,0.31866052746772766,0.31866052746772766
b2de71e7e1619aa395f55e9859849f2f,3,1,1.2215615510940552,1.2215615510940552
b2e452fe7fc20523a2a54b2d2db5c9ab,3,1,1.6065690517425537,1.6065690517425537
b2e49a8c3c4609119bb4673cf74cb7bc,3,0,0.25425612926483154,0.25425612926483154
b301e47847f6a20f8cd53852763edc45,3,1,0.37684768438339233,0.37684768438339233
b32c022c602405cbdd8c23ab0a4773d6,3,5,1.8591946363449097,1.8591946363449097
b34133fbf7919da47bb893aa2fb1db3f,3,0,1.0562947988510132,1.0562947988510132
b368187a74f04f31a73030862c85e1b6,3,5,3.7499279975891113,3.7499279975891113
b3700db879579fef7adf134941382daf,3,1,1.0685445070266724,1.0685445070266724
b38e72d2908a5d20eff762250c94834d,3,2,1.5402473211288452,1.5402473211288452
b39123cbe4ae05cded37a1b02f815eb2,3,1,0.2776612639427185,0.2776612639427185
b397d31c9da559dd38853965191ba26f,3,1,0.21529921889305115,0.21529921889305115
b3b6e6cf4fcbf6e6b9812f6b1097d7b8,3,0,-0.20329833030700684,-0.20329833030700684
b3d0e115d7b9381d5b40960ce9702b4f,3,1,0.8552043437957764,0.8552043437957764
b405bee054a43274351de90a08d9ea77,3,0,0.23391345143318176,0.23391345143318176
b407c116cbdddadfd6c2ffa2fd88fdef,3,0,0.5236449241638184,0.5236449241638184
b428c7ddb14ad3f3ca9db0d3c01e8c04,3,1,1.3020871877670288,1.3020871877670288
b44f0f61b3e77a2230c0774a20f8a9df,3,1,0.6405001282691956,0.6405001282691956
b469e5dc0fe1674e4251027393658f1e,3,0,0.2859615087509155,0.2859615087509155
b46c4edcff56e7b988cf391e4e5091c3,3,2,1.8668197393417358,1.8668197393417358
b470c2276d978f63d5b1c8a5a9446212,3,2,3.0382328033447266,3.0382328033447266
b4714bdc3d893bc158efe750a60d6de6,3,0,0.2507593035697937,0.2507593035697937
b4806746e850d3bdeee7b7491c93dc44,3,2,1.9124341011047363,1.9124341011047363
b481b56617ce096435cb591adc6dd0b9,3,4,3.9763131141662598,3.9763131141662598
b49cf4744ad7bde55eb848c822b457fd,3,1,0.13091915845870972,0.13091915845870972
b49d1003ec0150bba48386cb761c7975,3,1,0.8179689645767212,0.8179689645767212
b4ea5ca894812aa2b51b8b17efe9da3f,3,1,1.8997753858566284,1.8997753858566284
b4f14cae24e001bad06e5a7e42f1002b,3,4,3.7564756870269775,3.7564756870269775
b4f3528c1ab8e7ae2faac094cdbe06c3,3,3,3.73042631149292,3.73042631149292
b526ea7d50eead8c02fb3a4054fe34e5,3,4,3.34659481048584,3.34659481048584
b5297d30a038e4e6fa6bdb76a29a1582,3,1,1.9783976078033447,1.9783976078033447
b5343f9567df8a68c3276f8d8cdcc6a5,3,4,2.847104787826538,2.847104787826538
b535981ef6a43250eea3c75e8b205751,3,2,3.1432650089263916,3.1432650089263916
b53d843700d9665439ec8791e4024d70,3,1,2.3518192768096924,2.3518192768096924
b55955e9f9f6ff4787f5b78c18ae58db,3,2,2.3546199798583984,2.3546199798583984
b55ebab767215763af3351cde52fc402,3,3,2.4166252613067627,2.4166252613067627
b574135984313cd2c096ecbe6daec632,3,3,1.7893004417419434,1.7893004417419434
b5981366ea2c3b0ea604092c3ba670ab,3,4,4.7609028816223145,4.7609028816223145
b5a7d649e169bf6e9c7dbbcab7354c8a,3,1,0.27856382727622986,0.27856382727622986
b5d4713427dfe4ec5f0315f0724d69ea,3,0,0.25497254729270935,0.25497254729270935
b5dfac1df6b023764367fc8f23de24f6,3,1,0.5658491253852844,0.5658491253852844
b616fe31986a6609e8efdb30885abb5e,3,1,0.7106539607048035,0.7106539607048035
b625717ff0c0764edc883bc360e30d30,3,1,0.9153798818588257,0.9153798818588257
b640ae62431d5a81eff0992bc612c9e6,3,0,0.750222384929657,0.750222384929657
b641f33ff342b590cf61baeea481716a,3,0,0.19613850116729736,0.19613850116729736
b6f90e7ab21daafd78c0c8f8d6370afa,3,4,4.311507225036621,4.311507225036621
b7376a7ff7ba49a02361e8a6db3ec5b0,3,5,4.208057403564453,4.208057403564453
b788300a50ab73f893b63ce6a9c08f9d,3,1,0.7668763995170593,0.7668763995170593
b7c1e11deb6156a5a79298b14669b4e1,3,1,1.213586449623108,1.213586449623108
b7f0f181cd947530a0d7ecb9c35b992f,3,4,2.3266091346740723,2.3266091346740723
b8375d0d9e6a0c25de0da5c917e11ad1,3,2,0.38477474451065063,0.38477474451065063
b876742e398387fa76182fb4154faf6c,3,1,0.7808727025985718,0.7808727025985718
b87f6437fa78d839439ac3052ae57ac2,3,1,1.9203983545303345,1.9203983545303345
b8f8ccffefda42fbe46878921e9d1194,3,1,2.4656128883361816,2.4656128883361816
b91ce7c3fca8163db4368a79311d3c54,3,2,2.1494476795196533,2.1494476795196533
b9be346a547053539266d97872b5c7ab,3,4,2.6976585388183594,2.6976585388183594
b9c08ad54a17440c8901a5d5516a53c6,3,0,0.5893100500106812,0.5893100500106812
b9cc03cf0199515ed4af44cad50b93d6,3,1,0.3437788188457489,0.3437788188457489
b9ddd69769597b7910120d47e6a93f06,3,3,3.498279571533203,3.498279571533203
b9f7b1047221dedd4fec6977eca016ec,3,4,3.4584500789642334,3.4584500789642334
ba0476c61b241addd5a5b83fc6dd0aa4,3,4,2.6366653442382812,2.6366653442382812
ba37d4ba1abc5cddbff519bd4bd90b15,3,0,0.543352484703064,0.543352484703064
ba4f6a25420d095d6a28f15f721c4b5d,3,4,2.736447811126709,2.736447811126709
ba57c9eb0628f28c35722f0ebef5b620,3,1,0.5894557237625122,0.5894557237625122
ba7b108db53cff0e6e5f04a51e11bac8,3,0,1.770271897315979,1.770271897315979
baae023569b99bf917bf03ac536875fc,3,2,0.9130091667175293,0.9130091667175293
bb2087bf01f0ef288c6e2fdb83b6b283,3,1,0.9331644177436829,0.9331644177436829
bb2ab3d537fc2ff5eda009019226c37b,3,3,4.657078742980957,4.657078742980957
bb38663adedc6162aae373320b17cb91,3,0,1.6289411783218384,1.6289411783218384
bb3a7b890dcf2383df0b8c6636100512,3,1,1.5546237230300903,1.5546237230300903
bb67046f34a39fc197282a781a32e5cb,3,1,0.8439549207687378,0.8439549207687378
bbb1294c16fabc528756b55464925b0f,3,1,0.5604175329208374,0.5604175329208374
bbb2cb27e4dde35199f7bf86bd845018,3,1,0.21663425862789154,0.21663425862789154
bbfe245b1afa3fe05e45f380b6cbac8d,3,1,0.6339765787124634,0.6339765787124634
bc4305fd88503b73edcecdffeef190fa,3,5,4.015322685241699,4.015322685241699
bc4c68be7d2fdedabd4db8b0fd6f443d,3,1,0.3045225441455841,0.3045225441455841
bcba52dc714504edb9b5f464d20653c8,3,1,1.3007205724716187,1.3007205724716187
bcf43804161434489304f374a5a684bf,3,1,0.5642774701118469,0.5642774701118469
bd525e9a428797c9afb48a9ffdbe5160,3,0,-0.18319231271743774,-0.18319231271743774
bd6c97b7f40595c43cc6a609f03a442b,3,0,0.30455923080444336,0.30455923080444336
bd6f8389b1d1f39c832d30ab4df72816,3,5,3.8868088722229004,3.8868088722229004
bd95e87048a1d5303af08d98343498aa,3,1,1.4226707220077515,1.4226707220077515
bd9f6b90049d6a63c66147e140bbc9eb,3,1,3.1700069904327393,3.1700069904327393
bda25c48ac8086cccbf2397e13166046,3,2,2.5483157634735107,2.5483157634735107
bdcf536c984be757589271cd6a80066e,3,1,0.6247196793556213,0.6247196793556213
bddf66c4edd97a2ca159d611ad3039ed,3,3,2.373605966567993,2.373605966567993
bde1eb4986f82c9cd031689fa8f5084e,3,0,0.30851125717163086,0.30851125717163086
bde3843781f35eee9ffa24bd228f41d5,3,0,0.13177001476287842,0.13177001476287842
bde972923c4b9cee7d3e2a0661f21583,3,1,3.7006568908691406,3.7006568908691406
bdeb75d9cce950c36c0a81e0bdf03646,3,1,2.128829002380371,2.128829002380371
be1573a19286fcb2ab6fa14b32bd68a6,3,0,-0.022982139140367508,-0.022982139140367508
be24de51dde9ba0c9808dd4bbd28dda3,3,5,4.159460544586182,4.159460544586182
be2a8d3f8f64c5cddbef943b96cefb95,3,3,1.2215532064437866,1.2215532064437866
be403ce415609008605d63396869ed2e,3,3,1.9301193952560425,1.9301193952560425
be4ed7eb6be88b0c859a7dbdea0c90fc,3,2,3.963498592376709,3.963498592376709
be548af60fd350e776d30cbf208312bd,3,1,1.5602830648422241,1.5602830648422241
be9401af560205c77fd69612e607dbd9,3,0,0.7866948843002319,0.7866948843002319
be9a14433ee7b842c1be4ba2eb5a19a7,3,5,3.9414377212524414,3.9414377212524414
bec5308ba37fe8d4f33f5d343968a0a3,3,1,0.29908931255340576,0.29908931255340576
bedb1f9a2d4d520cda873892fab58ad8,3,2,1.6935678720474243,1.6935678720474243
bf1b395053b3d584ccee60148cef87b3,3,0,-0.1400131732225418,-0.1400131732225418
bf3467b7d71484452bc834d55ecc88c0,3,0,0.9957695603370667,0.9957695603370667
bf38ba6532875b782935899cfcce6861,3,1,0.7395758032798767,0.7395758032798767
bf6671ee64037cd05665b5e51a9063e0,3,4,0.16532523930072784,0.16532523930072784
bf743f62c0d2973268a95b6b5b9d59af,3,5,3.624382257461548,3.624382257461548
bfa8190de9b3ad6628dbc20140a59e1b,3,0,0.5433543920516968,0.5433543920516968
bfc79c190fe22ab12658abc19d07593b,3,5,3.9128732681274414,3.9128732681274414
bfed5501cd4160d9cf038f99f992dd20,3,2,1.2030032873153687,1.2030032873153687
bfed9b44a06d5de60336ec6fe0365361,3,0,0.040527090430259705,0.040527090430259705
c00d72fef06d9d2d0343adc9b855cfc9,3,1,1.3553264141082764,1.3553264141082764
c022687b86e4e3eac79381053480e039,3,1,1.7108527421951294,1.7108527421951294
c02993d3eb182a5a9f3ceb0fc47fb0fa,3,3,3.617143154144287,3.617143154144287
c0b74d23f8502804f3e047ff5129a57b,3,4,2.1110634803771973,2.1110634803771973
c0fccd51fdd784f9f0d708682293ed14,3,1,0.2386218160390854,0.2386218160390854
c0fe8ca3041bec9fb48e60537e3ab02f,3,3,2.5258071422576904,2.5258071422576904
c14f91d31474bf54a1e425d73de92818,3,4,2.2896180152893066,2.2896180152893066
c16bffeed45057312c510c1a5547bdd1,3,2,2.2096364498138428,2.2096364498138428
c1816758539877326f9021819c223f72,3,1,1.605530023574829,1.605530023574829
c1b2ec5ced6e0232ca1cff1c559234f2,3,1,0.43702617287635803,0.43702617287635803
c1f555f3260b361647b7084898613037,3,0,0.6419063806533813,0.6419063806533813
c1fd67db197ac1e491453082982de933,3,5,2.586987018585205,2.586987018585205
c23936489d103366825cbd33c09d921c,3,1,1.4152394533157349,1.4152394533157349
c23c7dc1f98cf30339ed926849413355,3,3,3.8295187950134277,3.8295187950134277
c24b60c2684c21b33a3b88942ddb91f4,3,5,1.9200867414474487,1.9200867414474487
c2650854e969798923377550ed076d6c,3,1,2.1054999828338623,2.1054999828338623
c266773fdf88a75561821afdb49cc0e0,3,1,1.8183540105819702,1.8183540105819702
c29a172145a30a79b05c6f0216a1dbef,3,0,1.811011552810669,1.811011552810669
c2cbc885637a451cb0218a599e1169c1,3,3,1.7845731973648071,1.7845731973648071
c2edf539162ecaea59933196e84de2f5,3,1,0.5103685259819031,0.5103685259819031
c3148b21ac4ba237b8d5f066b783b849,3,1,0.4868972897529602,0.4868972897529602
c33af8c4a420e085d513136c23876dfd,3,1,1.8437734842300415,1.8437734842300415
c34fa8189fe4e5b4995e1c14deb9f5a1,3,2,1.6932178735733032,1.6932178735733032
c35748a22f311db6af79236075dfdb30,3,2,2.0267326831817627,2.0267326831817627
c377e5b8934beca956bfb45df7918062,3,0,0.38573047518730164,0.38573047518730164
c395c14a570dd884a3220879d8c37f5a,3,0,0.41416117548942566,0.41416117548942566
c3ca4a75be0055aefe79f6849804d62c,3,1,2.988650321960449,2.988650321960449
c3dab3559def60da07e5e8417427f28a,3,0,0.5517531633377075,0.5517531633377075
c40fab4c4c3658f40cc9a73c8602d8d0,3,1,1.0421406030654907,1.0421406030654907
c415d5066e843809c2e74381c391cb7e,3,3,3.9600167274475098,3.9600167274475098
c44a5ab52208c849f13befab056c7559,3,5,3.0367391109466553,3.0367391109466553
c4536651e1072dd41bc9366cf256d70e,3,1,0.5451861023902893,0.5451861023902893
c45f0dc57180a2b709e13178001268ed,3,5,2.4952871799468994,2.4952871799468994
c47a7606008a95d1a8ecbb86ea91c30e,3,1,1.2701101303100586,1.2701101303100586
c4b1a10db8b0cdece7a1498b2fcbda7f,3,2,4.11318302154541,4.11318302154541
c4b7972754b0131d4b1bc9d30d0672e7,3,0,1.229791283607483,1.229791283607483
c4bcc0bc2da6444a5e4300f7bd2f577c,3,4,0.9109959602355957,0.9109959602355957
c4cde1827d4895957ca8507e37a3cf76,3,0,2.515139579772949,2.515139579772949
c4e0ad6ea862813515ef53b70ad8021e,3,4,4.1778059005737305,4.1778059005737305
c4e165cd0d565c8cedb6c8c0a59746c3,3,1,1.4245141744613647,1.4245141744613647
c4f94dca8de4d7d1936cc955512fe4bc,3,5,2.5077805519104004,2.5077805519104004
c501ce1a5813661df038f9be7ac5f336,3,1,1.1870008707046509,1.1870008707046509
c508dccd42708eb8dd47b39a6f1c2c3d,3,1,0.9279062747955322,0.9279062747955322
c549a1ab70c4de9755941eb6269e13f6,3,5,2.020228862762451,2.020228862762451
c54e20196fd1f02eef4fe02190e773d9,3,0,2.4816765785217285,2.4816765785217285
c5558a14e481d86827dc3703fe087f44,3,1,2.4457075595855713,2.4457075595855713
c55d70318adf126c5f91d224c00d2c01,3,1,3.099425792694092,3.099425792694092
c560455590a29b83e0c615c911e0e5e5,3,0,0.6410205364227295,0.6410205364227295
c5710c4b37ee5239e4bf57c55b0a6b6a,3,3,1.6199811697006226,1.6199811697006226
c58a200ff3b51b7d90b745d62d08dda5,3,4,0.8604738712310791,0.8604738712310791
c5a693a66e80be6c0326c76a4b748a64,3,4,2.7815377712249756,2.7815377712249756
c5b17673fd678b4b919933612741cab6,3,1,1.2229775190353394,1.2229775190353394
c5c891b6bea4c3cb0737b1df170f2485,3,1,1.2527388334274292,1.2527388334274292
c5e5d9d8b234a1c1d0503f7598fb5777,3,0,0.22132010757923126,0.22132010757923126
c5e82190f540fb912cc8a96eaf682b58,3,0,0.8968108892440796,0.8968108892440796
c5ebafd955baf6a9329a821547cad7c4,3,3,4.723735332489014,4.723735332489014
c60902ec1e420b572a0ed3fb7ece0142,3,1,1.6442443132400513,1.6442443132400513
c62385e0dbf6892862499ac723598afd,3,5,2.7855091094970703,2.7855091094970703
c64c12966d164cd0bcc6bfef4ca95500,3,4,0.6073330640792847,0.6073330640792847
c657214e550cdfd9ea235414fd63fe5e,3,4,3.9910483360290527,3.9910483360290527
c66e1872348e07fc4f01feeb5eecb7f8,3,4,0.8459603786468506,0.8459603786468506
c67388909d55149c1e66baa48a22cdb5,3,4,3.986203670501709,3.986203670501709
c699f572c40dbee492ca9ac0c1a0d9f7,3,2,1.1387059688568115,1.1387059688568115
c6ac7271f3cf776fbd43808b320c40d5,3,2,0.751444935798645,0.751444935798645
c6d1785d67be481c683340160bf95690,3,1,0.9451900720596313,0.9451900720596313
c6d87f56f56c456d38f3b6967eb21eab,3,4,4.543847560882568,4.543847560882568
c7793b26c758ddf3e9d6561c31d394d4,3,5,4.326693058013916,4.326693058013916
c785544bb2e401f81d5b10b377ce829b,3,1,0.275398850440979,0.275398850440979
c7895d9d29c159cc4d57f07cf7d755b2,3,1,1.9451335668563843,1.9451335668563843
c7b8b5d4f033d38b29c52d363b0bc7dc,3,4,0.7972119450569153,0.7972119450569153
c7ea3610f0489ff7431fe648ddc24750,3,4,4.208653926849365,4.208653926849365
c8412809e48d1d77a9ebd583a0bd9e27,3,0,0.14988870918750763,0.14988870918750763
c84a6b64601ebd34c101f2135be353dc,3,0,0.49354058504104614,0.49354058504104614
c867630b14137ca898056cb4eefe1696,3,5,0.4615277051925659,0.4615277051925659
c8846813f6660c127897a5da55050d96,3,2,4.1718430519104,4.1718430519104
c8c464afaf408f2aecdf7744071b52af,3,1,0.6989290714263916,0.6989290714263916
c8eb53f6ee052f08e7a4684e569cbc6a,3,4,4.5197272300720215,4.5197272300720215
c8fa005ff34f3a8d77605437618f1878,3,3,3.3333067893981934,3.3333067893981934
c8facc7f23303f74bb3ae3101a878bdf,3,4,3.6032567024230957,3.6032567024230957
c9011f483369ca7cc64fc46259b277fc,3,1,0.6521807909011841,0.6521807909011841
c914e517a8f292a785df584a7a1a9e06,3,1,1.1577857732772827,1.1577857732772827
c95bfd7e7fcb784d245163e8305143cc,3,1,1.6895807981491089,1.6895807981491089
c9702f84cf4495e31190352abe61160d,3,5,2.8696203231811523,2.8696203231811523
c970573e9cb96664f92635e105212888,3,3,2.016267776489258,2.016267776489258
c982dc4f74dcfac91002598931c0b726,3,1,0.960171103477478,0.960171103477478
c9e75185a6b9a2f496537fc05cefd04b,3,0,1.1580195426940918,1.1580195426940918
ca4796a46bde379a1a364d992fa07217,3,1,1.9197124242782593,1.9197124242782593
cab0adfc6e551c4cca471512b2e200fd,3,3,2.1551525592803955,2.1551525592803955
cab39b2a0617d8bb4c0f2ae6859d2241,3,3,1.2032946348190308,1.2032946348190308
cab4f26bbd85ca92545f40bff547ae9b,3,1,2.9469168186187744,2.9469168186187744
cacafc88559ad26efe04463c52195f4c,3,3,3.608607769012451,3.608607769012451
cb3da5be4fa20fa73ff61d8b6f7d3492,3,3,3.8087239265441895,3.8087239265441895
cb4dce32e66ce659b386933a77ff59b1,3,3,3.337303876876831,3.337303876876831
cb7cf64e17227693849d113793880d11,3,1,1.690592646598816,1.690592646598816
cbf2dd26a6026868098f999bbbbf7f9b,3,5,4.407763481140137,4.407763481140137
cc1ff189efdd483f831fb118780026ec,3,2,0.9556798934936523,0.9556798934936523
cc2efe261a8e7d6dffbd3aff1f33d439,3,1,0.8446050882339478,0.8446050882339478
cc3d4d77585447466f27904725bd1d7b,3,0,0.6381722688674927,0.6381722688674927
cc66d0b4ad6375c6bed929d10c98a716,3,4,1.6761528253555298,1.6761528253555298
cc7108d87539f2f33927e77866055774,3,0,0.5156660079956055,0.5156660079956055
ccd8233766596e1c14e70f77740b87b5,3,4,4.924574375152588,4.924574375152588
cce758a516c17f64403e0550afa13705,3,0,0.7289429903030396,0.7289429903030396
cce88e90c08f51b8c005d5458623b9e5,3,0,1.2598868608474731,1.2598868608474731
ccf54a0693ec67516add9b4218fc3b68,3,0,0.513109564781189,0.513109564781189
ccf93fec7c1fccc631606b07af2342b9,3,1,0.8479579091072083,0.8479579091072083
ccfca35fc6e072b7f53082fd5aeb0e86,3,0,0.5227527022361755,0.5227527022361755
cd40065527f49b4473f05e0db148d04a,3,1,0.592394232749939,0.592394232749939
cd43ed86eb797297f895d4669c114ea2,3,0,0.7454848885536194,0.7454848885536194
cd5ba6aadfeafe1aa567c7d18fe93660,3,5,2.7341065406799316,2.7341065406799316
cd9b8f5118bb6e5bf92edb4a5aed4455,3,4,4.4249677658081055,4.4249677658081055
cdbfdbedc6d73c22c8df92b78eaa363d,3,0,0.325558066368103,0.325558066368103
cdd59f04d7495b07695cee0d604b3bf6,3,2,0.4069427251815796,0.4069427251815796
cde6ea7eeb1b6c4fbca3c85f430b9ae7,3,4,1.5368530750274658,1.5368530750274658
cdf16b2ead8765e75813e2071d14965e,3,2,2.1600914001464844,2.1600914001464844
ce291e079a6b6725e114af74700e0a0b,3,4,2.680107831954956,2.680107831954956
ce4673bfec443f9bace55ef83279518c,3,1,1.0923477411270142,1.0923477411270142
cec81433693d2168ddee15f9bb37dc19,3,5,4.059656620025635,4.059656620025635
ceca3540b0d27bc1db9400138e1bf518,3,0,0.8124481439590454,0.8124481439590454
ceeecabdd20612d39d87af49f190b414,3,0,0.15058986842632294,0.15058986842632294
cf2cde676c6f71f1373a55588f098145,3,0,0.5121548175811768,0.5121548175811768
cf2d2942b89d99574da83a3dea91d8fe,3,3,3.3927969932556152,3.3927969932556152
cf335413f10f71bb6f69400ba4d5086c,3,2,0.34896329045295715,0.34896329045295715
cfaf6eefcebb7e6dd2cf0f031b1bd8c1,3,2,2.695134162902832,2.695134162902832
cfbe34e8826d4e2bb02061d9ef056e83,3,3,0.44361114501953125,0.44361114501953125
cfc8739fcc8e3d89f162ef4718c4e4c5,3,5,2.5576682090759277,2.5576682090759277
cfdac1ca5172b91340648a9c1ed43a65,3,2,2.635434150695801,2.635434150695801
cff9b114b19d84d141a5c84dc930627d,3,3,4.291883945465088,4.291883945465088
d0022aa1cfea58d296af9aa1c4a7285b,3,1,1.317016839981079,1.317016839981079
d003f5002399be95a85780d36462def4,3,5,2.8247451782226562,2.8247451782226562
d00866f3a286162b27e7a466cb88eb9f,3,3,2.146667003631592,2.146667003631592
d00cd9f041626b029b2cd3b49b765c6d,3,1,0.183512344956398,0.183512344956398
d0462013eea62d105acad888be86d219,3,3,2.0254781246185303,2.0254781246185303
d04666b67e5112e0aaaaee7a1257ef8d,3,1,2.1340909004211426,2.1340909004211426
d04a52ee5ed0a35c5741c7276eb0a063,3,5,3.337003231048584,3.337003231048584
d05dedcf409db3d984fce8af576fdab3,3,1,0.4550904631614685,0.4550904631614685
d097cacf525058ef294e46c7e6cd2f1b,3,3,3.6194000244140625,3.6194000244140625
d0a19a35996817e2b7a5f4c6c35c57be,3,0,0.7475587129592896,0.7475587129592896
d0acc11d83aab44601a615247aaa1622,3,5,3.44344425201416,3.44344425201416
d0cf3aa67b62f08fa1493ace45df7843,3,2,3.5163512229919434,3.5163512229919434
d0e4a4827c5ce9d7cc92f05e25674b71,3,0,0.6915163993835449,0.6915163993835449
d1168f166a7884c4871b6948f43b273f,3,1,1.2536371946334839,1.2536371946334839
d11c87201830d5e0b853fe783ff28b70,3,0,-0.09183065593242645,-0.09183065593242645
d12d9f200e1746eddbbe430243a46cb3,3,4,2.02553129196167,2.02553129196167
d13eecf391803d164d6f0fd89f1871e8,3,1,1.228669285774231,1.228669285774231
d1baa7e7eae6ec14a7342a27ab6a4b37,3,3,2.3652422428131104,2.3652422428131104
d1c137944db51061ce5cf3ef82b1d8b5,3,1,1.0925894975662231,1.0925894975662231
d20a7257f89745f389a6dc98b6b4df7a,3,4,1.7979990243911743,1.7979990243911743
d22031e32aaed68b8e5119271ed8b86f,3,1,1.5172064304351807,1.5172064304351807
d2293f17839b0cf5c7a187353826d640,3,1,0.9279841780662537,0.9279841780662537
d24132a1799988d8e8580e46d2123897,3,1,0.8188244104385376,0.8188244104385376
d2711770cdfacb1f41296664d53a5c51,3,1,1.2207744121551514,1.2207744121551514
d2c92272a7d4464173a9488c6d0c41ed,3,0,0.04174939543008804,0.04174939543008804
d2f0bee01d05f3df914d2d38ffae8b8b,3,0,0.25113171339035034,0.25113171339035034
d30e752128d848c02c131360d06d9381,3,3,0.713595449924469,0.713595449924469
d33bef726e38ebeb8e7e3c0ade1e27c7,3,4,1.627254843711853,1.627254843711853
d367d2ae429c9f746a3b0fce1f845b63,3,1,1.7447317838668823,1.7447317838668823
d383a65adb84e2f3032f0c68246224eb,3,0,0.6649631857872009,0.6649631857872009
d3ad807661c72f8d122a8d0b2dbc4b65,3,5,4.22778844833374,4.22778844833374
d3e23bbcfec0c78ec75c14122e7b7ec0,3,1,0.7531166076660156,0.7531166076660156
d40af49780ea57bf40bd6248938a832e,3,0,1.0565639734268188,1.0565639734268188
d42bd4e73a676fe81419f7c9b499a79f,3,2,1.8683985471725464,1.8683985471725464
d436e759a2f2a387b85ee7a3f91bfdd7,3,1,1.2550485134124756,1.2550485134124756
d451ec7b30cdbf594212c1bf7549a212,3,1,1.8808387517929077,1.8808387517929077
d4abab1f8cfc6c65c6d4f0e5b5a74c03,3,0,0.1697731763124466,0.1697731763124466
d4af3a08f3cae4cd616609c9b4b2e9f6,3,0,0.3014705777168274,0.3014705777168274
d4f83e0d9b46e89cd5e9da401f625bce,3,2,2.2063164710998535,2.2063164710998535
d54603c7b6fda2615c5576d137c750c4,3,2,3.0722498893737793,3.0722498893737793
d55f48bd044aaa65375a07b6c02b34af,3,3,1.2289190292358398,1.2289190292358398
d5a0675bd4fc5ec1e7f4e255da6d5ea9,3,1,1.1578477621078491,1.1578477621078491
d5c7f88f88f69807ac508571475473fe,3,5,0.39364197850227356,0.39364197850227356
d5f066d179ba659ba25b2a6846619356,3,5,1.2137495279312134,1.2137495279312134
d63c41a88f43f4f46b49fe4d63c9d117,3,1,0.823112428188324,0.823112428188324
d63d91554034819d23760849ff0c22d5,3,0,2.254471778869629,2.254471778869629
d644b494434ee6fd201b8a0f740054b6,3,1,1.3151906728744507,1.3151906728744507
d6587192c22af1403afb3c5283819cae,3,5,4.1648688316345215,4.1648688316345215
d691b50f9a08b2e6b9731add26f4e8a2,3,0,1.5279853343963623,1.5279853343963623
d69d6df4aba8dd5cb1d92e622cf9a005,3,5,1.9458943605422974,1.9458943605422974
d6a278e15348ef7d083adf43578dfdbd,3,4,4.6319990158081055,4.6319990158081055
d6c1175d1961ea5a938d6a6ae26d2135,3,3,3.7720375061035156,3.7720375061035156
d707d86264e14f3d3f5bac156693e8f9,3,5,4.316394329071045,4.316394329071045
d72dce85f1954fe33809659f9cd14217,3,1,2.388646125793457,2.388646125793457
d76be95baca47c31d827d59abbe132b6,3,0,0.397143691778183,0.397143691778183
d76c8504812e17930194614c25ba21fd,3,5,4.190241813659668,4.190241813659668
d78288ac0177943bc0eead193451098e,3,5,3.0207998752593994,3.0207998752593994
d823184dded7ed43bf7b5515861ca0b9,3,1,0.6309165954589844,0.6309165954589844
d8269110acd7e97bed6f5423656b4eb7,3,0,0.17409884929656982,0.17409884929656982
d84c84c7e96c8a3609150e6afc1f1186,3,0,1.7344666719436646,1.7344666719436646
d84d260546dfd285df712402731d0cbe,3,0,0.3179555833339691,0.3179555833339691
d8530375294e4c94c9c2aa2c7f79c13c,3,3,2.8897969722747803,2.8897969722747803
d887469d2d1a490b480e32c145c68469,3,1,0.6804249882698059,0.6804249882698059
d89f2be0f1683b034375f80d446e2407,3,0,1.070565104484558,1.070565104484558
d8aef66ed061a62078ef30ab96bebe01,3,2,2.846989154815674,2.846989154815674
d8b8316a7e615a79e9d725e9f235918f,3,4,3.5755455493927,3.5755455493927
d8eb251809fb58ce9497165de727591e,3,1,1.2896677255630493,1.2896677255630493
d91b799dcfec74a8fcb96a53f2022274,3,0,0.3644416928291321,0.3644416928291321
d93b3bc2dd02c94fec754e34a0501284,3,1,0.30395179986953735,0.30395179986953735
d94046cd69c8102ff1e1a871077c7984,3,5,3.3358237743377686,3.3358237743377686
d9471d56985f343c8f300d622628ffaf,3,1,0.6253156065940857,0.6253156065940857
d9ad3f3ed67f14c9c9b35a5c4e85400b,3,2,2.5181384086608887,2.5181384086608887
d9d9d64870b78f0bd2be305777f95e52,3,1,0.9905979037284851,0.9905979037284851
d9e1c1d1a921643ca69e280e3cdfec08,3,1,1.1876219511032104,1.1876219511032104
da2502ee900c4fd5653d4433d05c8cde,3,2,3.5599846839904785,3.5599846839904785
da5fc79f09ea997183453a16d8f3c393,3,0,0.17624302208423615,0.17624302208423615
da95901e4c53182cda19b7caf6674132,3,2,1.7808078527450562,1.7808078527450562
dab5ccc01be2e36c4abd9ae34a04f3b7,3,5,3.8991146087646484,3.8991146087646484
dae2ef34973d1b237cfd6746923e2eec,3,0,-0.14886139333248138,-0.14886139333248138
daea028622491dc3205333a809c233bb,3,0,1.0621048212051392,1.0621048212051392
db197fde0bcf98431c68e0d443a88fe4,3,2,4.066723346710205,4.066723346710205
db315d2478032abc3fa8faae6361497a,3,4,4.2867937088012695,4.2867937088012695
db55ba974934917c0fd582f2dd7a109c,3,5,3.2362990379333496,3.2362990379333496
db63c8584fb19a4425c8c80d86217af7,3,5,4.1222920417785645,4.1222920417785645
db8c4deefe2d5e672481418e9c7fcb99,3,0,0.3401564657688141,0.3401564657688141
dbc2d616d1bad5b37a847194b8bfb016,3,3,2.6797938346862793,2.6797938346862793
dbd4f6f4fee92f77e8847f704635df6a,3,5,4.148501396179199,4.148501396179199
dc10e42ab879b08263be5aeb03a764c6,3,3,3.6998770236968994,3.6998770236968994
dc2ec851fcbf594f11b023387ac15003,3,2,1.0301142930984497,1.0301142930984497
dc5094c179f833d0d311307c65393d09,3,0,0.40728050470352173,0.40728050470352173
dc60380b0dba9d1876e40f0b53ec484b,3,2,2.2577576637268066,2.2577576637268066
dc65b5af33ea3c704de7e3c8b43d33c8,3,1,1.5894039869308472,1.5894039869308472
dc7825252bd5c07e9a31c0651c989c77,3,0,1.1905096769332886,1.1905096769332886
dd036a4ae490d912713ea354b58d8eb9,3,3,2.0832977294921875,2.0832977294921875
dd1110c6430e3b1ac732be548a089886,3,4,1.0274852514266968,1.0274852514266968
dd549fc1dbc7db15b94d1a0cfd7de309,3,5,2.6217806339263916,2.6217806339263916
dd9c8cc4ed10fe12ecfafb1011ac488d,3,1,1.0403603315353394,1.0403603315353394
ddd302c374af146eeff0408e2b5da995,3,5,3.6422433853149414,3.6422433853149414
ddf06dd9077624ccb2f52777ade0e0b1,3,1,0.2880946397781372,0.2880946397781372
de4966a35d76fc988a17d78d895b2130,3,0,0.8267763257026672,0.8267763257026672
de6b31466c0af9a7024de03a5540f1f7,3,1,1.612647533416748,1.612647533416748
de7e58180a6f2cc02a6f4d820783bef5,3,2,1.8581652641296387,1.8581652641296387
de9c84e2aa6dbde04560906d37eab791,3,2,2.4458069801330566,2.4458069801330566
dec7208210f9996d08a183c271f8d827,3,0,0.20505964756011963,0.20505964756011963
decb2702456870a7e201f456196b58b9,3,0,0.383924663066864,0.383924663066864
deda76da7bdfa5c258ae29399f217640,3,1,3.930128574371338,3.930128574371338
deeb50b02c8697f44cfef9bc2cebd937,3,0,0.5905437469482422,0.5905437469482422
deed6dfb83a1a91fa358bf156302ebc0,3,0,0.2953503429889679,0.2953503429889679
def34835d0079f5fdd5bfd81b01ff7ee,3,3,3.739534378051758,3.739534378051758
df1d13f0a3ef304032c1c34ff18a8d52,3,5,4.321345806121826,4.321345806121826
df41c0b953a75cf30e764321a0493fe3,3,1,1.5905121564865112,1.5905121564865112
df6ff40fbec6619b935d8fa3f6b9ac39,3,0,0.9136015176773071,0.9136015176773071
dfb8f57174971abbab14ad065b36769b,3,0,-0.004746641963720322,-0.004746641963720322
dfb94f6d16ff40e04681be2c2fde7fcd,3,1,0.5016502737998962,0.5016502737998962
dfd65a2fbb344285042b710b92c09048,3,2,2.6197428703308105,2.6197428703308105
dfe7fbb735eb6236b19003fa50ac45d1,3,0,0.22722353041172028,0.22722353041172028
dffa5e1d1d4501837cc9aa54a56ae1a7,3,0,-0.17283926904201508,-0.17283926904201508
e00211e28b1305eb266b08e6e9583df1,3,0,-0.09309199452400208,-0.09309199452400208
e004796dbc56fa09c543d415a360c17b,3,1,1.933302640914917,1.933302640914917
e00a89e8381aefb07d23390b87fe5d48,3,1,0.14883717894554138,0.14883717894554138
e0132eae13bc88ec6987d59203a22879,3,0,0.4716709852218628,0.4716709852218628
e02a4e6752db30ddfe21a7c2cab7470b,3,1,0.8970383405685425,0.8970383405685425
e0311e5009e8850659a12533811c9cf8,3,0,0.2708743214607239,0.2708743214607239
e03c543c7d61b179d0cb66f8c94f80cf,3,5,1.6206263303756714,1.6206263303756714
e05d82c55450c622c1e477bd1c7006b2,3,1,0.2063053399324417,0.2063053399324417
e0c4272da1f0609fa73fd440d4c6865d,3,0,0.4272705316543579,0.4272705316543579
e0c98a507ee52f1e87d59390537298db,3,0,0.38868647813796997,0.38868647813796997
e0dbde719b3f28fa7ef3e429b44c6d41,3,4,4.666988372802734,4.666988372802734
e0df25d68711d044c43e0612d185732c,3,2,1.4780665636062622,1.4780665636062622
e0e1f1ac8a06766ad589c311f2c34fca,3,4,1.2036088705062866,1.2036088705062866
e1131d4413228f5c89e0d2732f59e1c1,3,1,0.9694553017616272,0.9694553017616272
e11bf0b85e05a02ecd2461c686fa2257,3,0,0.2354067713022232,0.2354067713022232
e1473b87b0374c25573eafc237eb5b0d,3,0,1.20161771774292,1.20161771774292
e15826e3b403aeca10aa2a512d3a9d60,3,3,2.190061092376709,2.190061092376709
e173f2b10faccbb5c9f5a0c38a2a1fd0,3,2,3.187079668045044,3.187079668045044
e1d6da7b8f2a3ccdc9a198433923ef09,3,0,1.471205472946167,1.471205472946167
e1ea9ac9c85d0dbdadcb15aa7623c951,3,0,0.7780964374542236,0.7780964374542236
e20c73041c5c5ac83c20a7c669f46e9a,3,3,1.804440975189209,1.804440975189209
e2138754f55ba87cd4cdd2ccb8f0721d,3,0,-0.05683744326233864,-0.05683744326233864
e23cac7f1762108d885e548863bacb32,3,0,1.0818065404891968,1.0818065404891968
e25cd0b5f706ef2832ca70854f526b2c,3,0,0.14900392293930054,0.14900392293930054
e278dc57dacfed61fa504133fda2d8c1,3,5,4.65073823928833,4.65073823928833
e2867d9af28a2dd07961ef9f5ffa102e,3,0,2.3005008697509766,2.3005008697509766
e2a4545df1573a6e824d3c2f73c060f5,3,1,0.9959163665771484,0.9959163665771484
e2a6089e7ab388ec71e7b25fa46969e0,3,1,1.6895647048950195,1.6895647048950195
e2c1421a3794ba9dc1673c6509628485,3,0,0.7830554842948914,0.7830554842948914
e2d19a78246394f718e8595b0abe2338,3,4,1.0773743391036987,1.0773743391036987
e2e6f8162f3f8b961a5afbeef1fc4cfb,3,5,1.8772132396697998,1.8772132396697998
e300fa3d0d231de0f5c533900bd8108d,3,1,2.286034107208252,2.286034107208252
e31144c075410954862f7fde0acacfe2,3,0,0.9149792194366455,0.9149792194366455
e3177c4430b780c973ef857a320a211d,3,4,1.0927369594573975,1.0927369594573975
e32178802c489afe52393c91ea6db85e,3,0,0.04215795174241066,0.04215795174241066
e3360926180928287a4d96973e10926a,3,1,1.1364233493804932,1.1364233493804932
e354fd60e3f0333efc94de57c8aec3c2,3,1,1.1992145776748657,1.1992145776748657
e36919a1456e6464c4163f905accb5e1,3,0,0.49196672439575195,0.49196672439575195
e3a1849122133e531799b1e11474dfe0,3,5,0.5131213665008545,0.5131213665008545
e3a86173361dbf0574a3781d540b5259,3,1,2.809248924255371,2.809248924255371
e4494f9f1852f677fce1cd7864b55717,3,1,0.8137526512145996,0.8137526512145996
e46980d2dd4b7f4178b2cea4c4088014,3,3,2.783989906311035,2.783989906311035
e46cd9a60e519442571060be59a55149,3,5,3.8412466049194336,3.8412466049194336
e4778d4b43e8e8877770edbfb2d4b3c1,3,5,4.304316520690918,4.304316520690918
e4c2c0efe450797793cc090b2fd59f84,3,1,1.437338948249817,1.437338948249817
e4c61dd08684fe6ca116c8610967f247,3,4,0.8180590271949768,0.8180590271949768
e4ca3da3ff10350afd296ec9cc5b4ce5,3,0,1.0251601934432983,1.0251601934432983
e4e48b9bb72df7391a12304ccddffc4e,3,3,3.0260250568389893,3.0260250568389893
e525fcfd50e34dc1f10465e3ea7ec2c0,3,0,0.5042237043380737,0.5042237043380737
e5328341b9864d0ab5fe5efc1a48197d,3,1,0.3588433861732483,0.3588433861732483
e54d3874e0c391cff77113247b848a1b,3,0,0.0975867509841919,0.0975867509841919
e55a011bf1ef19beaf3f44e7d06fa0d0,3,2,2.4620866775512695,2.4620866775512695
e573d5bd029fefceb5463707eb41a03a,3,4,3.371992588043213,3.371992588043213
e5d03ece04ba42ccd467c582a92d667c,3,2,1.6989152431488037,1.6989152431488037
e5dab0222c66b0edaf41487c881376c2,3,0,0.9953403472900391,0.9953403472900391
e5dcae49fce83049904699a5001ec0b3,3,3,2.5301425457000732,2.5301425457000732
e5e531d9d3a95e505939d5601569c192,3,1,0.2037687599658966,0.2037687599658966
e610af2c9bdb892102c1c239c836121f,3,3,3.8416566848754883,3.8416566848754883
e648fe92843ff84ad7d59cf5cd28808d,3,0,0.2919043004512787,0.2919043004512787
e669166e64cc2980b026a1243676db47,3,1,1.2709769010543823,1.2709769010543823
e6725d72152aee9323a8c8ba910828b5,3,3,2.776913642883301,2.776913642883301
e68f28fd854c35365d317d513ef5fad0,3,1,1.2559938430786133,1.2559938430786133
e6906d39baeab552b6540499fb95a14d,3,1,1.4379013776779175,1.4379013776779175
e69f5703fc72f2b99a2cd8eef05a11e8,3,2,2.0714502334594727,2.0714502334594727
e6a72561e752cce36b942ec74f168701,3,5,3.47450590133667,3.47450590133667
e6ba38a0847082104bfcbd7ec1bf6f49,3,5,3.7601077556610107,3.7601077556610107
e702bc96a10e3ff51dca2e8eef71e4af,3,5,4.046542167663574,4.046542167663574
e707ef8caf1f91a4aaee8231cfdcb353,3,3,2.8422412872314453,2.8422412872314453
e71101f053a67bfdaa7a396a16bebdd6,3,0,1.0530940294265747,1.0530940294265747
e766ccca7358b76d085a6b526800e309,3,1,1.1909133195877075,1.1909133195877075
e7e3a644d686264e61924ce130e78838,3,1,0.20166315138339996,0.20166315138339996
e7e80a801e9a9102e87bcb514b13c660,3,5,4.39742374420166,4.39742374420166
e839259f978b76b72c8ead94c085ed55,3,0,0.21472492814064026,0.21472492814064026
e86dc98123a85d3326a02767ea046da3,3,1,2.229053258895874,2.229053258895874
e87c5d758af35b08e49524b37e731c66,3,1,0.9193777441978455,0.9193777441978455
e8b55cf005b13b68d988de5b8ea3da95,3,1,1.3716646432876587,1.3716646432876587
e8d76da2d567c88a5f7ea429e58b74f1,3,0,0.3134669363498688,0.3134669363498688
e8efa9929870f9695be85d3ee7276518,3,5,4.4832587242126465,4.4832587242126465
e90abe191f61b6fed6d6781c8305fe4b,3,4,3.6188924312591553,3.6188924312591553
e919022fbfe7c9ff599a866aa0be352f,3,4,1.1844522953033447,1.1844522953033447
e920b4b7fadf9463723ecd4e5755c485,3,0,0.1472131907939911,0.1472131907939911
e9277e645833b34f708f1e0a991cca01,3,1,1.1797115802764893,1.1797115802764893
e93861af06ca8a35bc36d1013c1c269a,3,1,1.0749776363372803,1.0749776363372803
e956c0c77d87f17644ec64ccd2abd66a,3,4,3.775388240814209,3.775388240814209
e9809d14f4bf44dee72497ad9e863f63,3,1,0.8042476177215576,0.8042476177215576
e9b8daad505cdf8d12666cba8517c8f3,3,2,1.5171045064926147,1.5171045064926147
e9e062c3fcf872abdf5f44dc2c55345a,3,2,2.917625904083252,2.917625904083252
e9fd78dde89577dcd1c091b96ad2d51b,3,1,0.4139537215232849,0.4139537215232849
ea1120bc6d2ec892001dfa0c6fce96a4,3,0,0.25906887650489807,0.25906887650489807
ea257fa5a05b773eb44f42d2804578c3,3,1,0.939490556716919,0.939490556716919
ea5004ea2c5535f023f9f4457146b110,3,3,1.5732722282409668,1.5732722282409668
ea7dc37118dc98b179cfa1dfba70c14d,3,4,2.8925466537475586,2.8925466537475586
eaae490bfc1d9f10fd34caf902a6900d,3,5,3.11228346824646,3.11228346824646
eafd9197171d786210aa97a3bd9f74e6,3,1,1.9843374490737915,1.9843374490737915
eb224c3e74b14b1b93a377f358469610,3,4,0.9192061424255371,0.9192061424255371
eb2267a9e6ad63f9c9d1386b8688ccc0,3,0,-0.11167968809604645,-0.11167968809604645
eb341a42f1e27d3af125fa1bcba8c799,3,1,1.6227627992630005,1.6227627992630005
eb9821fc7f3a5af8d7b54a482478aaab,3,1,2.576935291290283,2.576935291290283
eb9d4025d77205c0dda3d5f7431ce1b8,3,4,4.198308944702148,4.198308944702148
ebb6a080d72e09f6481721ef9f88c472,3,2,1.7492239475250244,1.7492239475250244
ebb6d5ca45942536f78beb451ee43cc4,3,2,1.524454951286316,1.524454951286316
ebbdc2a69a66aa07cc0b56dee6b04e8d,3,1,2.0215065479278564,2.0215065479278564
ebbe1801ed68a97e435b960a9582a39e,3,1,0.8851187229156494,0.8851187229156494
ebc22b45eb3ad26c9d9883d912038f6d,3,4,3.149064302444458,3.149064302444458
ec61de4bc848e64aa563c172a51b6585,3,1,1.1545648574829102,1.1545648574829102
ecae863e7c478594aa4c84ce132b3825,3,1,1.102386713027954,1.102386713027954
ecc3d16c7cbe0903bfe1bea8f3755236,3,1,0.6433995962142944,0.6433995962142944
ed11e2d10934289d2cc9bbc84e2b991b,3,2,1.7947511672973633,1.7947511672973633
ed52e9dafc41b6a05feb136287c52956,3,2,2.3719799518585205,2.3719799518585205
ed6df9ab166f61c7f18725ebfaa893f9,3,5,4.1555705070495605,4.1555705070495605
eda92317b583435a810cac1dc7bb8025,3,0,0.744705080986023,0.744705080986023
eddadc595e0ea2588685f4ad22c3fe87,3,1,1.3850841522216797,1.3850841522216797
edeef50ef0dc1fbbd190a737db0d3937,3,2,0.5061219930648804,0.5061219930648804
ee1605f1c4e68d7a52a07fae529e14f8,3,5,3.620701313018799,3.620701313018799
ee38373d970014e6676ebbc782be6b4b,3,0,0.27135607600212097,0.27135607600212097
ee6c3d7dad8ab343b9db6ca62fe4904f,3,1,1.4486509561538696,1.4486509561538696
ee969b43c03669148a16cd7246e3ddd0,3,1,0.25004643201828003,0.25004643201828003
eea47f9bc6d774e29cd36167365775bf,3,3,3.8249614238739014,3.8249614238739014
eebbd95489903a9882da3fc42426d001,3,2,1.6693309545516968,1.6693309545516968
ef5227e7037bb4e8c9f213056f135f3e,3,0,1.5285755395889282,1.5285755395889282
ef53146fcc9c40a0f9a55897f507c38d,3,0,0.22793345153331757,0.22793345153331757
ef681b0b3a47c6e034db1b86ce5bd1a9,3,4,2.079936981201172,2.079936981201172
ef7646f2fa166ef2b355a1efd19db77c,3,4,0.8942680358886719,0.8942680358886719
ef9453132cfa46c7e5a506178756ff01,3,0,0.6429789066314697,0.6429789066314697
ef9626e7479e7749bc2dd093237ba966,3,0,0.7220142483711243,0.7220142483711243
efbd55aede0638c4e82fb065d40fa238,3,0,0.5753618478775024,0.5753618478775024
efc9d77273847ab411ec6d447b22b3f2,3,4,1.0426485538482666,1.0426485538482666
eff6063a1f4154bdb706cc022b3e3bb8,3,0,0.19592265784740448,0.19592265784740448
eff939d5ca03e6b4e85d115fa2ad7e9a,3,1,0.307001531124115,0.307001531124115
f00ec753b5618cfb30519db0947fe724,3,2,2.906836986541748,2.906836986541748
f0185737bdd21451a34f41515395244f,3,3,4.262233257293701,4.262233257293701
f07384ef90c301fac9bf8fdc24cb88e8,3,2,4.358030319213867,4.358030319213867
f079a9a9d4c30cbdc55917df9f5f6541,3,5,4.625706672668457,4.625706672668457
f0a6026f3c1dafdf2496721f3721c039,3,1,2.1009671688079834,2.1009671688079834
f0a8558af34576324861180792ae4de3,3,0,1.046000361442566,1.046000361442566
f102169b07ee29e61ed6001725f076e7,3,3,3.8373324871063232,3.8373324871063232
f1079a2a43462e7cbaa60faec097b2f6,3,1,1.4847159385681152,1.4847159385681152
f1154a0a76a952a3518092263a2db902,3,1,0.3890678882598877,0.3890678882598877
f121597ae1a23fe4e8d1a051b3533dd5,3,2,1.461577296257019,1.461577296257019
f13cd8ec6e6fde523a0a065b62086d3c,3,2,1.9867266416549683,1.9867266416549683
f14333c53c3aa81057dff9c4ef83b69b,3,3,2.0577614307403564,2.0577614307403564
f162eb4058fba118b9d6923843b93c73,3,1,0.553985059261322,0.553985059261322
f18cbfc916ac8e35595c53c801784470,3,1,1.9259482622146606,1.9259482622146606
f1a7f32a0a9ed7c50796a10e150df72b,3,2,0.42486101388931274,0.42486101388931274
f1c6299a5b503d6e20d312d459805534,3,2,1.2128595113754272,1.2128595113754272
f1ce9f1ec15e532042286084466da0ea,3,1,1.258074402809143,1.258074402809143
f1f6a8a8721fef9d9fd6542f2ca31858,3,2,0.2443488985300064,0.2443488985300064
f1fe16e06f2ba5e1a9662cb471fe73c1,3,1,3.1539673805236816,3.1539673805236816
f220b26c6610f8210cf859a46feba5c1,3,0,-0.048876989632844925,-0.048876989632844925
f265e72c4082cba007a8b21fb6cda60c,3,2,1.5782345533370972,1.5782345533370972
f2681b7d31d93187bec658359690b57d,3,1,0.7739368081092834,0.7739368081092834
f26cb783502346581823270926f1279c,3,0,-0.0045145489275455475,-0.0045145489275455475
f28915d34c10051b4a91d30d2cbca62c,3,5,1.238804578781128,1.238804578781128
f28ff584ed1e425f7f063b93223895c2,3,0,0.9577858448028564,0.9577858448028564
f2920e8b3c4e7dfd3680bd19cb10846d,3,1,0.4924830496311188,0.4924830496311188
f2a4e5be2fa33f6e89056cd20529a499,3,1,1.2867604494094849,1.2867604494094849
f2b469be4f45cb95bbe43b5ba7f74023,3,0,1.052965521812439,1.052965521812439
f2d2bf5ba62bbc2dcd973520a6953f57,3,0,1.3989434242248535,1.3989434242248535
f2d8b98b713b1587017e9e0e7ae33fc1,3,3,3.6165823936462402,3.6165823936462402
f308d9aa90c2f978c32978a71d039574,3,1,1.455187439918518,1.455187439918518
f31612c68725d78ee2e9632017c799e2,3,3,1.9166977405548096,1.9166977405548096
f331956c0ae3f7b276a7792cb9a1eb71,3,4,1.593629002571106,1.593629002571106
f38dbf8baa31d34599b8673cb0303405,3,1,0.26827260851860046,0.26827260851860046
f39af586dc4bef6567f64608d0e25607,3,3,1.265089988708496,1.265089988708496
f3ce2fe86e455dbc9fc1ddbddf94c827,3,3,1.7992295026779175,1.7992295026779175
f3d92b6ae8a2ad0325d714b395229e79,3,3,3.549391508102417,3.549391508102417
f40d42c43bb8256fd1ed205681e800f8,3,4,3.251729965209961,3.251729965209961
f40e70ccbb570093d3069d1855e8d716,3,2,3.7986416816711426,3.7986416816711426
f436cd9ab8b665b5383ad15479fa9cfc,3,3,3.8303534984588623,3.8303534984588623
f43994e34472b340e138b082c25d01e7,3,3,1.9037541151046753,1.9037541151046753
f4579a30dc195784ed21d13c601a2677,3,4,3.5483288764953613,3.5483288764953613
f45cb8552a6229c0bb65ec74d70c0146,3,0,0.300149142742157,0.300149142742157
f4629ace176c759f45b68bca1ac2971d,3,0,0.8463608026504517,0.8463608026504517
f46cfdd52edc05b57287b9b2bfbc058d,3,0,-0.04296142980456352,-0.04296142980456352
f4863e65c0c0860027cd2a3f34bfe1f8,3,3,4.381689071655273,4.381689071655273
f4a2a254cf460782d206fb9909c668ce,3,0,0.16033217310905457,0.16033217310905457
f4e3f983033f63b73c0c27dc3b495aab,3,0,1.5061689615249634,1.5061689615249634
f4ee61458d542b826014e72cb224a0b6,3,5,3.798111915588379,3.798111915588379
f50e9b75a0d7c2e4ee32bbfb10eb7164,3,4,2.580071210861206,2.580071210861206
f5440c7daa9981ec029c955999443de8,3,5,4.565906047821045,4.565906047821045
f54428f97db111809016916ab768f667,3,4,4.1735758781433105,4.1735758781433105
f5bcdc71b90c6fcf27f2334162a0b97f,3,0,0.18262557685375214,0.18262557685375214
f5d40a40e34f8a090f44cb6589c26900,3,1,3.2278659343719482,3.2278659343719482
f5e114741e483a029e24405d07e0f670,3,5,2.449181079864502,2.449181079864502
f6549477cf5adb4bd35894d67d7dd86e,3,0,0.2676742672920227,0.2676742672920227
f659baac19ec12b35f6df728c3ed3ec4,3,0,0.3071044683456421,0.3071044683456421
f683044312e78c93b51910d9734d17ad,3,1,0.9578540325164795,0.9578540325164795
f68bf861425327bc26141d726d8fad95,3,0,0.3371688723564148,0.3371688723564148
f6b3c12a983a398bfafee0027cf523d5,3,0,0.9420821666717529,0.9420821666717529
f6c0aa4b8c3f21c9077ea8bb373b4c84,3,5,4.372879981994629,4.372879981994629
f6dc7b75bcaed70894cf4b1aa4c9e874,3,0,0.6507717967033386,0.6507717967033386
f73a4bb68c9e268f95ca9d8ce340cce9,3,2,2.2313907146453857,2.2313907146453857
f74aebdc286a55cf7c44be1f8b7e9744,3,1,0.5933252573013306,0.5933252573013306
f74b179bb617e92a6122aeb16d85bc50,3,4,2.194240093231201,2.194240093231201
f77407b685b5467a7c825aaf267caa94,3,0,0.25103655457496643,0.25103655457496643
f79dc41910f957d0c15aadb49bff975c,3,4,0.5977744460105896,0.5977744460105896
f7b41d0ca05e2d1de4fd4b3fd0ae4ef7,3,4,2.2535018920898438,2.2535018920898438
f7b519160f85eb52ace93414ffce8982,3,1,0.06741422414779663,0.06741422414779663
f7c97aeccfaeb2d9e84414c5c5e6db22,3,0,0.6743152141571045,0.6743152141571045
f7fd70526fd4cc36b348e1231cdab33e,3,2,0.8849011659622192,0.8849011659622192
f8150021b8fb7c26a769f2486b4f388c,3,0,0.9147324562072754,0.9147324562072754
f82ed3f5d1a4a974884f7180af4f9ba5,3,5,4.625539302825928,4.625539302825928
f83af16db53783f37f6614cf3bc3e5af,3,5,4.275491714477539,4.275491714477539
f84c0dc5ef76aecaa17012a85a7f0a4e,3,3,3.621889591217041,3.621889591217041
f853a54b8d3ed17b396f75cea1c778e6,3,0,0.35478273034095764,0.35478273034095764
f88c1d0470a3d754ee8bfd47f5fa1ab5,3,1,1.6967982053756714,1.6967982053756714
f8b6b12c4ee64f1ab2ad35473aa137d4,3,1,2.891216278076172,2.891216278076172
f8cd181f4ae83348785d9c9dcb43162d,3,0,0.28283607959747314,0.28283607959747314
f8cd927bd23dd105b3594f28d16ee792,3,1,1.0197792053222656,1.0197792053222656
f93148f68ff93c84d40d566a6cd1dbab,3,2,2.3600566387176514,2.3600566387176514
f94a2f497ba431ae01c0d557d8c2a78f,3,0,0.10058833658695221,0.10058833658695221
f964b9543ed1fcd3fcda049d744a50bd,3,4,2.271047592163086,2.271047592163086
f9b7996a1755170185f95ed4aeb07658,3,1,1.2758731842041016,1.2758731842041016
f9c3775b0d8868f38c4f86ca51ca84f6,3,2,2.824984073638916,2.824984073638916
f9c41c926032f8ec5db4c05b86dd2749,3,4,2.387660264968872,2.387660264968872
fa16fc55c79c225fce0b3b8c333b8480,3,1,1.7277302742004395,1.7277302742004395
fa495d47286cd08cbfef9a68c2ea5c66,3,3,1.2317941188812256,1.2317941188812256
fa94f78d603d5ce74685dac244be904a,3,1,0.6042892932891846,0.6042892932891846
fab1d411448d12a807e3ded857ddeaed,3,0,0.16671909391880035,0.16671909391880035
fab2f719bbfc6e8f0780aad563097282,3,0,1.231757402420044,1.231757402420044
fad0fe747acf40fa1fdba4a7d115d8e4,3,4,3.845693588256836,3.845693588256836
fb39e72460b6da6ea5e9c8efbee2c78c,3,1,3.8089680671691895,3.8089680671691895
fb43ecf486bd7ba5e818be2e68f36a4a,3,0,0.6902847290039062,0.6902847290039062
fb568355c1061bc87e886a18f5b4de38,3,3,1.5532828569412231,1.5532828569412231
fb6ce8bf80f431fc63a72a6e3bd94901,3,1,0.2326582670211792,0.2326582670211792
fb76b034689e5171652fab3ebc0a62a0,3,5,4.022848129272461,4.022848129272461
fb80c40073a4016bf384f408ec048f55,3,3,2.0449302196502686,2.0449302196502686
fb82c346939b35e28571281396eb209f,3,2,3.188101291656494,3.188101291656494
fb85ad4fd2bc74adf94bd9cc36ee63da,3,0,-0.11091487109661102,-0.11091487109661102
fbc9a26a3d51bab4d032b1273fd5edf9,3,5,4.3496785163879395,4.3496785163879395
fbca4257157e8123cb38853b6dff7a57,3,2,3.1134729385375977,3.1134729385375977
fbcbaeab588d137117d28974512b9d06,3,1,1.2412779331207275,1.2412779331207275
fbe70c8e6e77c016d43dd68ef9079363,3,2,1.629652976989746,1.629652976989746
fbf1493e0d0f80318eb52c41d91f2180,3,5,3.0415523052215576,3.0415523052215576
fc0109ca8340e1cea99e1a26e40aebd4,3,1,1.9777613878250122,1.9777613878250122
fc07f0ce6d2cdff9d65591e94fc2130e,3,5,0.2923375368118286,0.2923375368118286
fc2fd27c7f16ed0c6f522ef43f585727,3,5,4.7252373695373535,4.7252373695373535
fc3d822559662122337f17910e8ed922,3,5,4.11466121673584,4.11466121673584
fc5bf532ce01b1f52f38d5e87bebdb17,3,1,3.0742902755737305,3.0742902755737305
fc7d69900c8a0e543c353d26789c0bfe,3,1,1.0218619108200073,1.0218619108200073
fc9f4ed1a24d73f80ded47ebdd145dd3,3,1,3.148703098297119,3.148703098297119
fcaa47a2c6a94bdd2ba3618c6f0f2050,3,3,1.843725323677063,1.843725323677063
fcb820c8c3ea34338e648444b90b8307,3,2,3.952043056488037,3.952043056488037
fce245d75cbaf17b6ff941791ca92987,3,0,0.6004213094711304,0.6004213094711304
fd0bdbe623efae0f98131ce9be58ae47,3,0,0.24245688319206238,0.24245688319206238
fd1257704e5e83600a3f480a4917ceb2,3,1,1.1304407119750977,1.1304407119750977
fd3b376d8b119c3a43e93e57710616fd,3,0,2.3671786785125732,2.3671786785125732
fd3c8b1c5a38cfffb52d1d5729a10809,3,0,0.29160717129707336,0.29160717129707336
fd545ee9fe42ed0eeb216fd4be3af3d2,3,5,3.3779187202453613,3.3779187202453613
fd64300587559ec5de63c8c448c8b958,3,1,1.4011164903640747,1.4011164903640747
fd8f72156916289ccbcce7ad19b2ee69,3,4,0.9736303091049194,0.9736303091049194
fda9a587d6bbfa5ceabe1840b2ae6337,3,0,1.6363269090652466,1.6363269090652466
fdad73308669459f04e6c8e14c38a56f,3,0,0.46046173572540283,0.46046173572540283
fdb9d38ce2b5a1d31bb030cd2d3a03b9,3,0,0.12596584856510162,0.12596584856510162
fe1f14cea57aebdfa87ee2c1ca6515b3,3,4,3.439579486846924,3.439579486846924
fe309f77902a9790166ad50bbeda0eb5,3,2,1.8432060480117798,1.8432060480117798
fe31b73983c3714b48a2079519ed6b30,3,0,0.6328874230384827,0.6328874230384827
fe79209ab178c89a9be62bc05b63f083,3,4,3.0923967361450195,3.0923967361450195
fe89be6f6d97552f6b2f921c621f6dcb,3,0,2.8078436851501465,2.8078436851501465
fedd0914fb849d76b0fe96e1683bbe55,3,0,0.20776818692684174,0.20776818692684174
ff0cd440f339e63b75eb835431a593cc,3,0,0.21893614530563354,0.21893614530563354
ff1258923eff48a8b6882d1a06d4f0e0,3,0,0.41160574555397034,0.41160574555397034
ff17b5e40b6243196d7c47b36efa4646,3,5,2.417772054672241,2.417772054672241
ff20d2d7c321ffb900fdf00de6d2eefd,3,4,3.6049692630767822,3.6049692630767822
ff339e5fa7be6af83c1b43796092398f,3,4,0.20797327160835266,0.20797327160835266
ff79f700dc97b2fd05d92e56f4b4a815,3,0,0.24936996400356293,0.24936996400356293
ff811b8f07ef6d31cb60dbd6ad7b0f6c,3,0,1.0133730173110962,1.0133730173110962
ffb182fa5b636005e21eec384bbf406b,3,0,0.7684168219566345,0.7684168219566345
ffc70bf605de30aaa936533397a29d9c,3,5,1.3739076852798462,1.3739076852798462
ffdc59cd580a1468eac0e6a32dd1ff2d,3,5,4.3414130210876465,4.3414130210876465
ffe9bcababc858e04840669e788065a1,3,4,2.219230890274048,2.219230890274048
0005f7aaab2800f6170c399693a96917,4,0,0.6065604090690613,0.6065604090690613
000920ad0b612851f8e01bcc880d9b3d,4,0,0.20824779570102692,0.20824779570102692
003d4dd6bd61221ebc0bfb9350db333f,4,1,0.2693479061126709,0.2693479061126709
004dd32d9cd167d9cc31c13b704498af,4,1,1.8704890012741089,1.8704890012741089
005e66f06bce9c2e49142536caf2f6ee,4,1,1.4760781526565552,1.4760781526565552
006f6aa35a78965c92fffd1fbd53a058,4,3,2.8239552974700928,2.8239552974700928
00a7fb880dc12c5de82df39b30533da9,4,3,2.680328369140625,2.680328369140625
00d8a8c04886379e266406fdeff81c45,4,5,0.2191643863916397,0.2191643863916397
00ed4dbf9af6cc102e04cc9a42b313e2,4,1,3.477339267730713,3.477339267730713
0125392d1963a6b69a37f9e30333d68a,4,2,3.091409206390381,3.091409206390381
01a5e35b1ae21f3cfbe100b4b6aef451,4,4,1.7485164403915405,1.7485164403915405
01a9472f2b061f80bb7c125dfa9771e5,4,5,5.185283660888672,5.185283660888672
01c669f3f6a18197285bdf357b45d477,4,2,3.783029079437256,3.783029079437256
01d20d68bce47bec01d816b893630f18,4,1,1.7463551759719849,1.7463551759719849
01d983ba412b27a65f58848b695ec751,4,0,0.346402645111084,0.346402645111084
01e9fa9938ac458e6307690bfce89ec1,4,2,3.1866073608398438,3.1866073608398438
01faa9d3bc7a2464c7b6d71ea904970f,4,1,2.0005581378936768,2.0005581378936768
01fe87e27518936463e751691db8f730,4,0,0.6002792716026306,0.6002792716026306
02533ec710c56377e6df314abc2d6589,4,3,0.9048387408256531,0.9048387408256531
025a65c53cd655151b9ff1b9518aa27e,4,0,0.33444005250930786,0.33444005250930786
026dcf3b549e8fb23143ea82023f58be,4,5,4.317543029785156,4.317543029785156
0277b937ddc8679ae69b3c54bfd714f1,4,5,4.257490634918213,4.257490634918213
02c2141567e50ff7d04069f70e9c9c5e,4,1,1.8054871559143066,1.8054871559143066
02e57c6acba29013ec3f1732ec373afe,4,2,2.124511957168579,2.124511957168579
02e5b03f8ea7ea2787101b758291d162,4,3,4.016135215759277,4.016135215759277
030ca0cb6956ae6ec93a6fc83453d09b,4,1,1.3575140237808228,1.3575140237808228
037e64a6aaddb326a8575de52771064a,4,5,3.1784911155700684,3.1784911155700684
03a05c8a657934ae2d21d93aab9181f9,4,3,1.6641409397125244,1.6641409397125244
03a1deb18638f73ce898b2adac1c8ec9,4,5,5.323207855224609,5.323207855224609
03b3788b5dca6fdae323d0f1a03c03f6,4,5,3.7989683151245117,3.7989683151245117
03ca7f8d8c993d3959daf10ef57f4489,4,1,1.0438288450241089,1.0438288450241089
03db76b0a1387cfb4206fd11f42051d7,4,1,0.3353661298751831,0.3353661298751831
0416b90e91acd8f71831c1723df3feb5,4,1,1.2365672588348389,1.2365672588348389
0465f4b248a57b710e02d636d595bf94,4,4,4.209546089172363,4.209546089172363
04952a4d6f0309a8a317a56ad88d9145,4,0,0.31962281465530396,0.31962281465530396
04b2c7aa40033c3fb67096b8327f324f,4,1,1.0499125719070435,1.0499125719070435
04cdf445e919fef2d71bc209f4ec77cb,4,2,2.580022096633911,2.580022096633911
0501146a8a4c4f0f20309ff360059862,4,1,1.6364574432373047,1.6364574432373047
052d30c6787716383b5789d5711e6d65,4,0,0.39736324548721313,0.39736324548721313
053a397c936bffc98e62367a81d6c905,4,1,0.4601278305053711,0.4601278305053711
055dc74f97a387fd1f12beb64e1cca76,4,0,0.9091882109642029,0.9091882109642029
0583f220404a873c7f288d1d908dec96,4,0,0.5057892799377441,0.5057892799377441
05ae9c45c764c3e40da1e8785a688852,4,1,0.998300313949585,0.998300313949585
05cc3233dcb5489d2333ee62339a3226,4,0,0.15632326900959015,0.15632326900959015
05f4e9415af9fdabc19109c980daf5ad,4,5,4.796603679656982,4.796603679656982
060f04c4f2dc67635433dc0c5b878265,4,4,4.039945602416992,4.039945602416992
060fb11087bfa2be0b810fad986328c2,4,0,0.7721472382545471,0.7721472382545471
061054331a952dd1c9df45c283d756b0,4,2,1.8273932933807373,1.8273932933807373
06521bf2287ba40f046dcabc6c9dddc1,4,0,0.42792850732803345,0.42792850732803345
067bc8b33f5a6415e4f4ef61bef2bcd5,4,0,1.0292415618896484,1.0292415618896484
06a0cbd8fd6320ef1aa6f19342af2e68,4,0,0.16509783267974854,0.16509783267974854
06c686f7bd2d084201d635dcbba1baa7,4,2,2.8048007488250732,2.8048007488250732
06ef49a7b77e883f089cfdd80642d6f0,4,0,0.6472703218460083,0.6472703218460083
06f3b1ddd71638119ffccf20d386d0f9,4,0,0.2570153474807739,0.2570153474807739
06fb67ffa126811dad6ffb6ecdb8558b,4,2,1.865185260772705,1.865185260772705
070f969f4b4952f08d94f056615c8def,4,3,1.805535078048706,1.805535078048706
0728601281f67ec7964014e1aa3caa35,4,1,1.530245065689087,1.530245065689087
072fc649567e358ff3c69f6e5c1f630f,4,0,0.09690374881029129,0.09690374881029129
074d9f9ceede2e4fad8aec367a335a77,4,3,1.1964478492736816,1.1964478492736816
07697ea97bfbbac071d41a375c3ad036,4,2,2.7896242141723633,2.7896242141723633
07809f40e0b2b07d9c4b9d6600673102,4,0,3.1471734046936035,3.1471734046936035
07a14fa5b8f74272e4cc0a439dbc8f7f,4,4,3.601898193359375,3.601898193359375
07a9af222e35aa6ff2afbdbd38ab893e,4,0,0.34477293491363525,0.34477293491363525
07d600e3fcbebf7dc75e5335d3563e63,4,3,2.058861255645752,2.058861255645752
07e16ae47a5154782affc9dc45b50297,4,1,2.1591572761535645,2.1591572761535645
07fd8d4f02f9b95d86da4bc89563e077,4,1,0.3842390775680542,0.3842390775680542
081326594b296d372b9dd3e8af82350a,4,3,0.6109589338302612,0.6109589338302612
08134913a9aa1d541f719e9f356f9378,4,4,2.697279930114746,2.697279930114746
085a35715e8a0f0edeccff03290a6baf,4,5,3.395317316055298,3.395317316055298
087fd9ebfe6fa82728be6c7eabe1d4e4,4,3,2.4829390048980713,2.4829390048980713
08a06fa523ddffc4597efa05ef129f1f,4,1,1.1780847311019897,1.1780847311019897
08a8d48ec979f002383f336d988673ca,4,0,0.7455925941467285,0.7455925941467285
08abd36dda089b53088bb7bf7558336a,4,2,2.811763048171997,2.811763048171997
08f055372c7b8a7e1df97c6586542ac8,4,2,3.388904094696045,3.388904094696045
08f12f69f71b3b4c3c45eafbd710b156,4,2,1.5871479511260986,1.5871479511260986
0903682c23bb2b58a57decbbb833d3fc,4,1,1.2521733045578003,1.2521733045578003
09320344c2ed4da7bdf50d9f03b9e0be,4,5,3.5482757091522217,3.5482757091522217
0954f0bb123cf3be8b00c9c989dcf3d6,4,0,0.3360174298286438,0.3360174298286438
095fc465913010fb51c3499000813454,4,5,3.3124523162841797,3.3124523162841797
0960b0d7aa0b3c3cb95acb72e8bcf4e1,4,0,0.7496228814125061,0.7496228814125061
099a334f7290f6821e9125c37428157a,4,4,3.928539276123047,3.928539276123047
09aa67c5eb010454e88598c6ac50c695,4,2,2.0788004398345947,2.0788004398345947
09e8b4e9ce5253168cf18c88bdc8304c,4,1,0.6916753053665161,0.6916753053665161
0a3bf331f951938b678a1736ea8d8399,4,1,1.9144690036773682,1.9144690036773682
0a6e7a0cfe6a3203b4cb28d6ff6daa6a,4,4,2.2536919116973877,2.2536919116973877
0a75b377181b60efd8278bce0b6260a5,4,3,0.49730145931243896,0.49730145931243896
0a81500dc48b2bb7ee19849502360270,4,4,4.182473182678223,4.182473182678223
0abc61a1bc7abe47b9e44a9f69979eb0,4,2,0.48089802265167236,0.48089802265167236
0ac4677348cf4fc1ebe354ba1037921c,4,0,0.6926813721656799,0.6926813721656799
0ad349dc15725bebc39d343ef41743aa,4,3,1.6007078886032104,1.6007078886032104
0b0b9e3cb8d9172d8fdf21d096ff93ba,4,1,1.044665813446045,1.044665813446045
0b1775f64d774ab69e50fc0d7a124036,4,3,2.9821784496307373,2.9821784496307373
0b5f952f3a5bf6885d7230acd5cbf720,4,1,0.2474549263715744,0.2474549263715744
0b6e34bf65ee0810c1a4bf702b667c88,4,0,0.7128067016601562,0.7128067016601562
0bd8e31343eeb3a3d57effeb507c9a91,4,0,0.15740157663822174,0.15740157663822174
0beac47a5319a85fe10af9cc1c114f09,4,2,0.9923396706581116,0.9923396706581116
0bf296ea0621d5539aa1ca71600e1f09,4,1,1.0024170875549316,1.0024170875549316
0bf8f44d2c53e5bd65599e56113201d8,4,1,0.6771137714385986,0.6771137714385986
0bfcd33173d2b7e6ec7b2fafc20e004a,4,2,0.6636170744895935,0.6636170744895935
0bfcecec15bb9bef0c8e59e2776ee3c7,4,1,1.4436168670654297,1.4436168670654297
0c063b8b2ba5bc8f6a77695dab1a8562,4,4,1.2619447708129883,1.2619447708129883
0c46c60ae2ef49657bc843707162ba6e,4,1,0.9640059471130371,0.9640059471130371
0c50e4b8b6e11c3b01c243d9a9e58446,4,1,1.4809623956680298,1.4809623956680298
0c63ad44d6bc717dcf0c965d1284d503,4,0,0.4439898133277893,0.4439898133277893
0cc2bae4e8f80349576daadd44897024,4,0,-0.10888378322124481,-0.10888378322124481
0cda721ed6ea6bc2826914ddac3cc338,4,4,2.8424177169799805,2.8424177169799805
0cee71ab57422e04f76e09ef2186fcd5,4,1,2.924717426300049,2.924717426300049
0cf00319764b0a06dc1b0dbdfe877c45,4,0,1.1846740245819092,1.1846740245819092
0d1e1a99a3ba55fe2d5cf69ba87c9d97,4,4,3.431412935256958,3.431412935256958
0d495f9f23cac774653c41214c574425,4,0,0.11843592673540115,0.11843592673540115
0d73c6cef9ab76b13f53f6605e8d494e,4,1,1.9520506858825684,1.9520506858825684
0d7666fdc3372c68a080c612081e2b45,4,0,1.4344632625579834,1.4344632625579834
0d88608b8268cef169385e0d7dd43903,4,0,0.4675154685974121,0.4675154685974121
0da0915a236f2fc98b299d6fdefe7b8b,4,4,3.532133102416992,3.532133102416992
0dd642748050ba621498690175a3bcb8,4,1,0.41549015045166016,0.41549015045166016
0e1bc26d651085dca788335c9f3b8dfc,4,1,2.716296434402466,2.716296434402466
0e204892570cac5d8352fac145f1e66c,4,5,4.186595916748047,4.186595916748047
0e212c3ff7bf9120a46c2f56b67f7f20,4,0,0.35345613956451416,0.35345613956451416
0e305c4d31f47db36c44a1d55d389193,4,4,4.350291728973389,4.350291728973389
0e347ad243e4019fad579d3282a730f9,4,1,0.20116989314556122,0.20116989314556122
0e65f90aa2b3fd3e49982839aa381583,4,0,-0.15632674098014832,-0.15632674098014832
0e6670ba0c2f6a57e6af57d1a5def196,4,0,2.076774835586548,2.076774835586548
0e6ba66e0b6faf748d29425b8fef9d79,4,3,5.110178470611572,5.110178470611572
0eacb18986da2b25c5d82bd9676536e0,4,0,1.188671350479126,1.188671350479126
0eba277034f9fee35b08e4aa8a2cd1ef,4,0,0.24571453034877777,0.24571453034877777
0ebca9447d84a555740f21ef4c585bd6,4,1,1.2857701778411865,1.2857701778411865
0ef695aff0f8378645f8de807856cc0c,4,0,-0.09399205446243286,-0.09399205446243286
0f53ee7b9fc1531794645ce38854df6b,4,1,1.6232366561889648,1.6232366561889648
0f5c7c1f601657a2dc0b528f4886bf4b,4,1,1.7495064735412598,1.7495064735412598
0f79d6c2d500c1538179ab617b99c21c,4,2,0.7901630997657776,0.7901630997657776
0f83710916fcc2edf1a7a9a103fd48ac,4,2,2.3564846515655518,2.3564846515655518
0f8af6ebeb6e70fa820355ead935036a,4,4,1.7428874969482422,1.7428874969482422
0f955260121c6c2f54e1301e8c738153,4,0,0.2882460355758667,0.2882460355758667
0fa7acc07477423731f916e0e694bc41,4,2,1.9176323413848877,1.9176323413848877
0fe9a27d4af8817d43d5939344204f14,4,3,3.423072338104248,3.423072338104248
105cbd187035503e56605db53600b491,4,5,3.0623221397399902,3.0623221397399902
105fe6192a1f84fbfef74388de5e48d8,4,1,0.33061808347702026,0.33061808347702026
107694232cb071255848ddca5efbe061,4,2,3.3291101455688477,3.3291101455688477
10b00bbaff7224b83537ccb02e7e1416,4,0,0.21022401750087738,0.21022401750087738
10b57920070f6adc8435b9531e0a5398,4,1,1.0275607109069824,1.0275607109069824
10c7898fb3c68c0e1b268ddb57590eb3,4,4,3.9679572582244873,3.9679572582244873
10dd67ea8e8fe3edbceeabfff19d1934,4,3,4.177150726318359,4.177150726318359
1115d114a4339de8dd9f36d6465c6d57,4,4,1.993340015411377,1.993340015411377
1122ee7e304d12cb66d63920c7a8788f,4,3,3.3552308082580566,3.3552308082580566
114db3f43c4ac596ba4e0da70b7afc90,4,3,2.2244577407836914,2.2244577407836914
114e7c13474be685062ffdb3ac3f56c8,4,1,1.1177150011062622,1.1177150011062622
1163571b3edf666ab3a1dd30686e7530,4,1,1.138088583946228,1.138088583946228
116b4f2b0182e6730a1299ddd6b42e4e,4,1,0.9581978917121887,0.9581978917121887
11987580ef3e38921af9931918c88a26,4,1,2.8811192512512207,2.8811192512512207
11aa1f65c72d9154a065404e24215f00,4,1,0.9441473484039307,0.9441473484039307
11fb56dd38d8f4179c702afacbd70d41,4,1,3.7279999256134033,3.7279999256134033
1204e417143ace066318e750b4700df5,4,0,0.11496489495038986,0.11496489495038986
120b29f7213f43ccb8472fdc9d2845e7,4,0,0.5413215756416321,0.5413215756416321
121403d574d2d7a06114cca4940d3963,4,1,0.6854453682899475,0.6854453682899475
1216d1b344dd61ff86779875b5a98cf3,4,2,1.3669824600219727,1.3669824600219727
1240d1d2b60f75c4aa51358b73ee3fb8,4,1,0.6934565305709839,0.6934565305709839
12625a6ae522d7d2168049db06b4a86d,4,4,4.407957077026367,4.407957077026367
126ab775290fbfe771a67c94c6d50799,4,5,3.2631094455718994,3.2631094455718994
129065b74e139bb331d985027c1da317,4,5,4.59166955947876,4.59166955947876
12a318e597b0a4ac2c1cde0584e39206,4,3,2.773469924926758,2.773469924926758
12cef0383505d96338a2ccd5491f972f,4,4,3.5098695755004883,3.5098695755004883
12cfad8e48fa7241aaeb2436a719daa7,4,5,3.9905667304992676,3.9905667304992676
12d5dea1bb9e690b0a7d2b541b3d2145,4,3,3.5749881267547607,3.5749881267547607
130e070fe606be39506ac1dc4bd7f5bf,4,3,4.304116249084473,4.304116249084473
13181ac5a364d28673e6bbe718133c71,4,1,0.9006289839744568,0.9006289839744568
1329fffac9982cca468efe133cfacf50,4,4,3.6003828048706055,3.6003828048706055
1364e13447099b5f287c9e44768e2c8e,4,0,0.6305614113807678,0.6305614113807678
139cb12bffe84ce402f7eeef365bb842,4,2,0.6569262742996216,0.6569262742996216
139e1e89bca7897799f80da93adcd3c7,4,0,0.6177818775177002,0.6177818775177002
13f815f5a33a985e3c9a9f2b2e347e5b,4,1,2.2147459983825684,2.2147459983825684
1406f6f2b430bc206d22fb814d6edeba,4,4,3.9286513328552246,3.9286513328552246
1412a0c38eb545dd5eda231c3236fa9b,4,3,1.6056675910949707,1.6056675910949707
142aba6117eac17884a4bb4c99f7b78a,4,0,4.23577356338501,4.23577356338501
144fdfa6434011495a994327bff50aa0,4,0,0.362834095954895,0.362834095954895
1450e63cc91f0a136c2a54bebf9a07a8,4,5,0.8325767517089844,0.8325767517089844
1453f0c51c9d2fe1a8ca6711d11b1608,4,0,0.9388319849967957,0.9388319849967957
148fe91d0372058647fd126db36714d5,4,3,3.7812440395355225,3.7812440395355225
14d1af536fcad0a2463bd59d34c9f1dc,4,1,1.1046571731567383,1.1046571731567383
150b3dd8a42745a633ff7a5ec9faeb5f,4,5,4.366991996765137,4.366991996765137
158b063304bd83f4f6cbe952de5325ab,4,0,0.7586740851402283,0.7586740851402283
159013703bc13afa6207bfcba78ec64a,4,1,1.673515796661377,1.673515796661377
15a542e51a3c58da002695eed33a1511,4,0,0.22912029922008514,0.22912029922008514
160a477ebf1063575de0657e87aee1c2,4,5,4.367392063140869,4.367392063140869
16272df65f00bdc126b5ca32de2b3a6b,4,4,4.415487289428711,4.415487289428711
163c22cdbba739e4c063ab9fc4314d6a,4,0,0.398410439491272,0.398410439491272
164b35a1b6e77358640cd0d8554e396c,4,0,0.48828452825546265,0.48828452825546265
164b9b20392561c3e89dbee047e8f4bf,4,1,1.4886486530303955,1.4886486530303955
164c55e525662562a2cfdbaad45fdb75,4,2,1.166139006614685,1.166139006614685
166f7618e2d9e5c9b05e4dd358f7659e,4,5,4.074776649475098,4.074776649475098
167ff6e9aa4e03593520c277f4071557,4,4,2.3594789505004883,2.3594789505004883
1722126079d714cbffbe8e199976e0e2,4,1,1.689341425895691,1.689341425895691
1736f312a48e3f3129f0251edeaa893e,4,0,0.3496978282928467,0.3496978282928467
173f4e37ce1592690c9bb78b99eafb1c,4,4,3.708590269088745,3.708590269088745
1757a80843004abda5b946918a04dfa9,4,0,0.8445021510124207,0.8445021510124207
177832eff75d0ffb22520e6c8a052e6f,4,3,3.3078765869140625,3.3078765869140625
1784ab09ff0d41a78a89e36226bf3eb5,4,1,0.40123772621154785,0.40123772621154785
17a486c9252622e27c2714de7e7695b7,4,5,3.6210312843322754,3.6210312843322754
17be66f0581d62f5df1a4df6a3f2954a,4,0,0.335735023021698,0.335735023021698
17dc4e9664af18df95c412fd180201ab,4,0,0.5038092136383057,0.5038092136383057
17e370eedaa11c265e5cabb3601a2fd2,4,1,1.685858130455017,1.685858130455017
17e7bc7b6ff0f1db97684be9611f64d9,4,1,1.5637037754058838,1.5637037754058838
17f48bf0c5eb7b43d1647622faf72504,4,0,1.4610116481781006,1.4610116481781006
1836f6539ccc9e37d426603cc4526f8b,4,1,1.6038568019866943,1.6038568019866943
1866ab99cc028bbb8ed656f1181215f1,4,3,2.037140369415283,2.037140369415283
18675435ced259b2f843fd3022c1e725,4,5,3.3253791332244873,3.3253791332244873
186792e327f31fd011b9fced9de8f667,4,1,0.9989936947822571,0.9989936947822571
18b975c3706ee8afd820eefd5b5c209e,4,5,3.593289852142334,3.593289852142334
18e2d22113d3bf1ef0575c90cb22fde6,4,1,1.3497031927108765,1.3497031927108765
19057c319689cbcd2d3f4453be1d9c4f,4,0,0.4515666961669922,0.4515666961669922
194066dc552ca10537a8aa68fbf1f65b,4,0,0.35984694957733154,0.35984694957733154
19638106770d8d0494e4d1ccf64e1662,4,0,0.6423267722129822,0.6423267722129822
196f3b66be713d67db88cd412ed8768d,4,1,0.8629153966903687,0.8629153966903687
1975c20bde8ee4ef2fe32b7a3a7b3656,4,4,3.917107105255127,3.917107105255127
19840ff5d82db210608c67b2d2d7c96c,4,1,0.5899661779403687,0.5899661779403687
19963a5a3c42675307056e0be36851cf,4,3,4.0112457275390625,4.0112457275390625
19cd8d1657528f7d4895398a6fd093ec,4,4,2.771411180496216,2.771411180496216
19d156b7230b9379ce387261876116c5,4,0,0.6303935647010803,0.6303935647010803
19f82c826d1b9406c778eb66d2e5c5ad,4,1,1.4580109119415283,1.4580109119415283
1a0f9b33bff0a3649d79b7bf01203e04,4,0,2.4227030277252197,2.4227030277252197
1a274108ed16ee2d395210ab896904b4,4,4,4.639451026916504,4.639451026916504
1a4aaf5d3dbf7898979d11578955e780,4,3,2.0696208477020264,2.0696208477020264
1a4cd10d5927f583f1a6c78dbc5a4765,4,3,4.243302345275879,4.243302345275879
1a60c75983db9d7a7d8acada5151700e,4,5,0.5861462950706482,0.5861462950706482
1a789c6c69c689629ac6e8c11eb0f5fa,4,2,1.711612343788147,1.711612343788147
1ab5733eafcd0a2baede5e06d4195915,4,0,0.3285138010978699,0.3285138010978699
1abb6882a5cba3d9c166736825bbe101,4,0,0.06548350304365158,0.06548350304365158
1ac5fed19cf6f44db9a4dfa85aefce4a,4,5,4.510727882385254,4.510727882385254
1afb7eb814308f8491a88398a6068422,4,2,3.0302298069000244,3.0302298069000244
1b04602fffd6117606d1a05efa96daaf,4,5,4.218626976013184,4.218626976013184
1b0652ca8ccd6531c5c4d6121919171f,4,1,0.5321460366249084,0.5321460366249084
1b176c9049260a8843b97349ccdd3eb7,4,5,3.311849355697632,3.311849355697632
1b22bd5100d6a2d9f0f826fce3222d4f,4,2,1.8131167888641357,1.8131167888641357
1b6ada2e6a396b9fc86ec1905b3c017d,4,1,2.401127815246582,2.401127815246582
1b79e625b909d41c61c81bce580b1c97,4,3,2.0387706756591797,2.0387706756591797
1b86a85640e5832e6b27d89c8f99adf9,4,3,1.978926181793213,1.978926181793213
1b875804696c16df1c91abf6d16a7b4e,4,0,0.40445178747177124,0.40445178747177124
1b965b82acd903a38a837ae3d80ce5b9,4,0,0.4804800748825073,0.4804800748825073
1be9e30be0bac0c96eb660eeeb1a79b2,4,0,0.9446581602096558,0.9446581602096558
1c231e0f3f25031a6a0a2261d0f9cbcf,4,1,0.9950239062309265,0.9950239062309265
1c3080e8967bbcebcec87dd2041db7de,4,5,4.456045150756836,4.456045150756836
1c36b3db47d83f1436bd260288c5723f,4,1,0.9628565311431885,0.9628565311431885
1c36c6b2d051fd1952232efb2613808d,4,4,3.918745279312134,3.918745279312134
1c3cb1efbcd042da9d3f1939f4c8418d,4,5,5.0247955322265625,5.0247955322265625
1c4653246dc78308252d47160786ad15,4,4,3.88352632522583,3.88352632522583
1c63335d177c12cab2b3baa2ccf4c328,4,3,2.0439610481262207,2.0439610481262207
1c9bf14436cc28f6281f44f73d6fddc8,4,4,2.9820568561553955,2.9820568561553955
1cb56f571749e201e1e37e166d32b0bf,4,3,2.959320306777954,2.959320306777954
1cce91f7fa498dba0e31b6c6548214e0,4,1,1.5701241493225098,1.5701241493225098
1d09b5fc1bf2482cdb2e3eb93b94226f,4,1,0.6095167994499207,0.6095167994499207
1d0aa0b565ed9bdbc6c1f4a00bbc4f3d,4,1,2.25700044631958,2.25700044631958
1d1163f720942d79ca68721d8f634914,4,0,0.8461461067199707,0.8461461067199707
1d3d8045a44963e4367b437fdf361dc5,4,5,4.077683925628662,4.077683925628662
1d3f9e07c7f7765e2d29f64ed733c141,4,0,0.2754667401313782,0.2754667401313782
1d54eb35ac47ca398377128f15275f40,4,1,0.4183856248855591,0.4183856248855591
1d728152dfddffb95b2a45677300fada,4,0,0.8937341570854187,0.8937341570854187
1d93f2db56a439730528e78b5a8c6c65,4,0,0.3820475935935974,0.3820475935935974
1dbfecc5bf240a1989bcb423693c7109,4,3,3.18949818611145,3.18949818611145
1dc674257107ac67c2368ed033a9f804,4,1,0.560721218585968,0.560721218585968
1dd5326b67781543971d89e31d32ab9b,4,3,2.5882811546325684,2.5882811546325684
1dda4dfc7a97b5f37085727da5852db2,4,2,2.5946204662323,2.5946204662323
1e150406bd29518c7c0bd1e8efd28705,4,2,1.6462382078170776,1.6462382078170776
1e1fb5eb07d438571db43ef8376880fb,4,0,0.265634685754776,0.265634685754776
1e4a12af1b4c664a5f7c2b4460a1aead,4,0,-0.1571718007326126,-0.1571718007326126
1e840659f5bfc1b50403eb1f2743c632,4,4,1.8966102600097656,1.8966102600097656
1eac3c664f2d65ed9aa575797fa5a682,4,4,4.13441276550293,4.13441276550293
1ebc8e2c122b49ce263fdd8d7839b029,4,5,3.519291400909424,3.519291400909424
1ef4397ef01bbb2381980977b361025a,4,0,0.1946224421262741,0.1946224421262741
1f292d81c31e54220af6d92c812b0801,4,3,1.3163825273513794,1.3163825273513794
1f48036fcc122a364b5d8becb60aa240,4,2,1.5331363677978516,1.5331363677978516
1f521ce50cb1fa32fc831ec207587494,4,4,3.607562303543091,3.607562303543091
1f547d9613e2a5417d94bcd914f75f09,4,0,0.29329293966293335,0.29329293966293335
1f722fff98986499a0aea339cd05a75d,4,1,0.15576879680156708,0.15576879680156708
1f8b382e4b53c5c4b4b7d58cf28850b9,4,1,2.063202381134033,2.063202381134033
1f8b5cd484f0cb5965d03ca696ad0171,4,2,0.8632186651229858,0.8632186651229858
1f8c98a43c6e755c2b3a785db72520e1,4,3,3.004340648651123,3.004340648651123
1ff168402732503d9036a2858dc8ce2c,4,0,0.30004578828811646,0.30004578828811646
1ff4d64bee09dc1b72b7a2adb9dd097a,4,0,0.2988986372947693,0.2988986372947693
203c6d9817fc00d1b1fdcc6eae2118b4,4,1,0.7385655045509338,0.7385655045509338
204e4ce65d86ea74521e5c7236aa6232,4,4,0.796667754650116,0.796667754650116
205afeef1c18c6455b3a99703cdfb8df,4,2,1.651877999305725,1.651877999305725
2071295e7aaa84c087939f5017e7f7b3,4,0,0.14718563854694366,0.14718563854694366
20b65b9fdf04f2d2d80f515bc939ee7a,4,1,1.1422572135925293,1.1422572135925293
20eacac6717ec529a2629ed8e6baf29c,4,0,0.14170554280281067,0.14170554280281067
20f2fb898c462c1cb2104c90a0a73710,4,0,0.9360463619232178,0.9360463619232178
20f78bd7716dd352981d93d2fe7fd178,4,3,2.8268959522247314,2.8268959522247314
20fe45e5ea3022602775d0aa86e8ef94,4,5,4.772204399108887,4.772204399108887
2131ddffffd2ccdc49b3c50edecf9d6e,4,0,0.6061298251152039,0.6061298251152039
214461bdbd0837e1188244d0cad99460,4,3,3.788487434387207,3.788487434387207
21708bb4798bdebb4bffb7414bce44cd,4,5,4.049330711364746,4.049330711364746
21842d9a9ebb1e4efb6527fa04163452,4,1,1.2551906108856201,1.2551906108856201
21ae1b71e4e2007a2893cbcd00c28631,4,1,0.6959066987037659,0.6959066987037659
21c61eab96e1f16d7caf28a6645c22fa,4,0,0.516594648361206,0.516594648361206
21dddf092fce415496c5870a23e3266a,4,1,1.1978557109832764,1.1978557109832764
21fe7ff04e29b6226685f06b08208e49,4,1,1.8730201721191406,1.8730201721191406
221637f57fab333edc9e75bdebd06685,4,0,0.8259292840957642,0.8259292840957642
2230a7655194054d5b1d2b52998d1585,4,1,2.8994736671447754,2.8994736671447754
223a54a99ae228f5ff2dd37df24889c4,4,1,1.5140573978424072,1.5140573978424072
226579a577a7a7487e97cb9c9a2c3886,4,0,0.011619685217738152,0.011619685217738152
22756712280d5fcf0c9ca638fdcaa661,4,0,0.44387543201446533,0.44387543201446533
2285fafb1f76a5c4fc268b08c7e8ff9b,4,2,0.37779492139816284,0.37779492139816284
22aa8069a9ed5dd4884ae19dd73ad716,4,3,2.6984260082244873,2.6984260082244873
22b05f7f7b5dc2c88e0b2038cd1a96a4,4,1,2.30120849609375,2.30120849609375
22e0f8d843db20fc522b7aa9100ba15d,4,0,0.7677592635154724,0.7677592635154724
231c7be81560497b2015a0b9a9a04d32,4,4,2.306727647781372,2.306727647781372
231d7fa0fe822b31b77a705d6556efdc,4,0,0.2888886332511902,0.2888886332511902
2325cbe32251cf6efe75a15e756493af,4,2,1.7366284132003784,1.7366284132003784
234fc34638b5b9a3a3ba25e514fd47f5,4,3,0.7525399327278137,0.7525399327278137
23c7e23b418a44db2d86d9cde9b7ba3f,4,2,2.4107370376586914,2.4107370376586914
23fb8c811f66b576d6f412c120eac878,4,0,0.22240252792835236,0.22240252792835236
243d8c9814f5982607fd7297137bc801,4,3,4.312660217285156,4.312660217285156
244d9617bd58fa1db73ab4c1f40d298e,4,5,4.669260025024414,4.669260025024414
244dc87fa913b692535f446758a0d700,4,0,0.21751101315021515,0.21751101315021515
2464608febcd797682b2392b5badbc2d,4,4,3.043409824371338,3.043409824371338
24bfb2f82ae5941e2fdcf4f75cfad2a6,4,5,4.597403049468994,4.597403049468994
24c0f0bf150365059c0e8a4e1fef058b,4,3,3.90657114982605,3.90657114982605
24c94ed90d7bc1ea0353ebf23c887536,4,0,1.1809303760528564,1.1809303760528564
24e915870a8fcdc0277c197e2eb80934,4,3,0.5748151540756226,0.5748151540756226
24f81c84fd8d2d14490060c548f7d9c1,4,1,2.555394172668457,2.555394172668457
25398ca8d2082be7640ece66fc126d6c,4,2,1.6222902536392212,1.6222902536392212
254fbd7f21925ba7732800213af7ed47,4,3,1.654188871383667,1.654188871383667
2577c90f6ee46adf9d3f7c16ba8db9c3,4,0,0.443545401096344,0.443545401096344
257d6a1beca738d4411347c728f5bf7b,4,2,2.889435052871704,2.889435052871704
260f6b664eeb6504635f86287f781e4c,4,1,1.8413965702056885,1.8413965702056885
2665dd5db932525f171f931c16112c65,4,0,0.8862592577934265,0.8862592577934265
2672914ac9d2dec1a04d09aaac482df1,4,1,1.2464265823364258,1.2464265823364258
267f0ec89d4c07f0a113e4ebceca7d54,4,2,1.7282118797302246,1.7282118797302246
26c37ce739ad72a09f22bfa4ded46db7,4,0,0.49920666217803955,0.49920666217803955
26d87b5c1d532025ff0f0dc77dcfa346,4,2,1.8941748142242432,1.8941748142242432
26db031a2a246f6525d08296fad489f6,4,5,1.5832775831222534,1.5832775831222534
26e2844b510b6ee70b32c1de7f980c75,4,0,0.3969109058380127,0.3969109058380127
26f717c6128d8e5d0854376f01893c8a,4,2,1.8107831478118896,1.8107831478118896
27b41e2cc69f73452fd35f3d72d1350f,4,2,1.7229286432266235,1.7229286432266235
281a317af902949d02d14c41f5762013,4,1,1.2996783256530762,1.2996783256530762
281b539a237756ce1b75fcd7ac2a27de,4,0,0.9272128939628601,0.9272128939628601
283d925bbde649adc0a7c703049ee7d5,4,2,1.1184972524642944,1.1184972524642944
285e28ef159dc6a54e18cc1962136596,4,5,4.689925193786621,4.689925193786621
289b6b44f1e8014f82a8eaf8dd9e480d,4,4,5.270047664642334,5.270047664642334
28c34a837397ac08f276bfac99af6daf,4,0,0.5226622819900513,0.5226622819900513
28cf4db2f0e24ad607e0267e83980799,4,1,0.7709067463874817,0.7709067463874817
28dedadd36e56681c6bdd7fe04297ac8,4,5,1.6328479051589966,1.6328479051589966
28df755fd0a605c432d3342214f8cd65,4,1,0.9293264746665955,0.9293264746665955
28f61fed84718b7bcd54bd30612fc3ae,4,0,1.1541266441345215,1.1541266441345215
2905dd802e34908ca5fc64e3d08af1b6,4,0,1.674384355545044,1.674384355545044
294017fb97e4fec299eb8e83fd2d3be2,4,3,2.509570837020874,2.509570837020874
298a2bcc8923a18f24c1368eadf10d9e,4,5,3.1303529739379883,3.1303529739379883
29bbcff6625bfabb9f01a0c3244980b3,4,2,0.4660370945930481,0.4660370945930481
2a19481bc45224a047b2a79460592762,4,0,2.118757486343384,2.118757486343384
2a1da196c725cd74cff0d64e7a006551,4,0,0.7515812516212463,0.7515812516212463
2a484c7522f0a5e3a41654eb2c452fd8,4,3,2.7000203132629395,2.7000203132629395
2ad16b523a703a18fa164a4d7d12d852,4,0,0.24812231957912445,0.24812231957912445
2afed834461cca7b071d5dfe604e1586,4,4,1.3361866474151611,1.3361866474151611
2b12c146454d425994569aa61bceb435,4,3,4.610587120056152,4.610587120056152
2b1ea815af8da3697c64c682855f9b3b,4,0,1.352186679840088,1.352186679840088
2b3f728f3f223570a4e2424ea6dd6e11,4,4,0.30034613609313965,0.30034613609313965
2b8bc8c425c959228db9a99fd1b4ec66,4,2,3.513395071029663,3.513395071029663
2b8cded1eb60bf2f5c97be4576341a07,4,3,2.2764554023742676,2.2764554023742676
2b8faa47d6c6e03411386c4a68017794,4,0,0.8537240624427795,0.8537240624427795
2bdbaa928fb1b06bf5f4cfb04fb57b1d,4,0,0.2875399589538574,0.2875399589538574
2c0af08d3020cc2b6f2ce7eba581b84f,4,0,0.3062642812728882,0.3062642812728882
2c6b8913a7bae36c8ceb01fbd102d74f,4,2,4.501055717468262,4.501055717468262
2c8fd1d0ab8640342f6d10a0a54e5279,4,0,1.1092758178710938,1.1092758178710938
2cd038d5c85feb0a8da44407e4fb6a5a,4,2,3.631868600845337,3.631868600845337
2ce127e7731155d1373bfbd0abdc368b,4,4,0.45338863134384155,0.45338863134384155
2d0be5f801037c5471b96ed3984a4e15,4,0,2.029672861099243,2.029672861099243
2d4511f3f129efc2865691aa75e5eb0a,4,2,1.5253404378890991,1.5253404378890991
2d476f44e80b5536c71dc3793b0a2bc9,4,3,1.7909486293792725,1.7909486293792725
2d6db0d8b5f891613239814ae8513a73,4,1,2.4338953495025635,2.4338953495025635
2e1b1f41e613f0592627547bf4b49cb2,4,3,4.2163004875183105,4.2163004875183105
2e5002e01c53488e4f40c4a68b3cd4b6,4,0,2.549769878387451,2.549769878387451
2e6297af323773874cf67262e7732dee,4,0,0.25615203380584717,0.25615203380584717
2ec11dced066d924bb139f640c2c4a4a,4,0,0.4492453932762146,0.4492453932762146
2ede85ae0f0e328331f28b2f9a09d29f,4,1,1.6218534708023071,1.6218534708023071
2edf6cc7696c91d86eb86413fa9c82d7,4,5,4.793267250061035,4.793267250061035
2ef31e571dd843c12f74ac96c3793d9f,4,4,3.741067409515381,3.741067409515381
2f0a9b15f067539455c1a5548a114f78,4,1,0.8215286731719971,0.8215286731719971
2f3d3eff62b40b0e7a14f0ccbdfde2f8,4,1,1.0435038805007935,1.0435038805007935
2f3e4e71d38f7f20aad08dd262b9ca63,4,0,0.12166733294725418,0.12166733294725418
2f491a451632c349642a575a9275f8d8,4,1,2.3666887283325195,2.3666887283325195
2f5d00dfbc4e77e4f7697265826a2c85,4,1,0.5616867542266846,0.5616867542266846
2fb988029403766a9fe962f57cefe124,4,3,3.859717607498169,3.859717607498169
2fd1c7dc4a0f3a546a59717d8e9d28c3,4,5,3.899547576904297,3.899547576904297
2ff57a1bdcf1e23c8a7ee5b37e4c3aba,4,0,0.2672651410102844,0.2672651410102844
30214f9a2c610f550a40501fd11d74b1,4,5,3.5517239570617676,3.5517239570617676
30270f86298368679023222c1722412e,4,1,0.7487302422523499,0.7487302422523499
303090fcc31ecc2584e6addeadfa1402,4,2,0.6805213689804077,0.6805213689804077
30403a9005838f41b3615a20574e398e,4,1,0.807835042476654,0.807835042476654
30524fa719ca467beaeed0879835ae7a,4,5,4.297520160675049,4.297520160675049
308d663fc07a63cf1650b8ece0b26565,4,0,1.417790174484253,1.417790174484253
3094f0e7f338e708620942f9f939c7cf,4,0,0.3509446978569031,0.3509446978569031
30cedc1713c3941e5b45ac98586b8208,4,4,4.469997882843018,4.469997882843018
30dfff7ddc76129a2a53329c4e52511a,4,0,-0.2671040892601013,-0.2671040892601013
30e6954a2b038cf46b628bbbf6cd23d4,4,2,0.46454936265945435,0.46454936265945435
30e85f5810d4b790b17fa0c3b9ac0437,4,0,0.4227084517478943,0.4227084517478943
30fe4507ced857a7c09246018e2c0c3e,4,5,2.4825453758239746,2.4825453758239746
310c156419ea422872c92052fddd902b,4,0,0.20268592238426208,0.20268592238426208
3112c494c644128c2a0f7fbc1e9a23f1,4,5,4.239897727966309,4.239897727966309
314264cd7bbe279f88f6777fb1f107e8,4,2,1.2913544178009033,1.2913544178009033
3184f4b67b1ab07cb39e2e3e4b381c16,4,2,2.483266592025757,2.483266592025757
319b99d2bfe196e331728992238023cf,4,0,2.569007635116577,2.569007635116577
31a3f7a3ae29edf51a356c3e8eaa023e,4,4,4.1244096755981445,4.1244096755981445
31e4a1bbfc15b961823e2abfe8a835e2,4,1,1.6503781080245972,1.6503781080245972
31e5f57adfb53bd852426904fce70247,4,1,0.4716273546218872,0.4716273546218872
31e9a210cfaf76f2df69e8b484cad534,4,3,2.672483444213867,2.672483444213867
3208b512a881073da1fad575ae4e8cf3,4,0,0.4042261242866516,0.4042261242866516
32a9b5b85a1b52d9a9a677aef9d0b837,4,3,1.8266862630844116,1.8266862630844116
33151b1492b83b7ee5fe34789fc1dc03,4,0,0.3282005786895752,0.3282005786895752
332db6f0f6f290e521b714b4d209ff25,4,2,0.6896532773971558,0.6896532773971558
3353690a5d3c6a384c545ef8caf56f95,4,2,4.401063919067383,4.401063919067383
336ef6609c6ce4ca2663aee82d9de63c,4,0,0.48327845335006714,0.48327845335006714
337be23a5a57efd390460172053fe5b7,4,5,3.877643585205078,3.877643585205078
3380c3e1993e6ab8c7d6910fb2cabc9f,4,2,1.5114848613739014,1.5114848613739014
3385a0f7f4f3e7e7b380325582b115c9,4,0,0.4517509937286377,0.4517509937286377
33cfff7a487aad24b8501f93ba8831d9,4,1,1.4745349884033203,1.4745349884033203
342ebe047585744a01b924491ecd5222,4,5,4.529236316680908,4.529236316680908
343f98a6c6f9fae1fa1717899154ddf4,4,0,0.34171098470687866,0.34171098470687866
3498ec4b282659968e291e8840c943dc,4,0,0.2721903920173645,0.2721903920173645
349c0555d5aa6813c4faedb0e78b6b4a,4,2,1.4229050874710083,1.4229050874710083
34a98ca2d4eb1a91e428bf2112e26543,4,1,0.5369724631309509,0.5369724631309509
34acef22e21c0085165007dbead61508,4,0,0.6229016184806824,0.6229016184806824
34af9f01d464fb37f9e55eb51996d0a7,4,5,4.664201736450195,4.664201736450195
34b8869c4b4ba4fdfea0a9e579502c5f,4,1,0.4346352219581604,0.4346352219581604
34ba9b9acea808ce0b9f3b69de2251e5,4,0,0.09892827272415161,0.09892827272415161
34fa5161127ad3c7535fea02bb42e29b,4,1,0.6565176248550415,0.6565176248550415
351a7cf22baaa7916631910a15f148bc,4,0,0.4350365996360779,0.4350365996360779
3539c3b891f836b874775d2b0fa36fe9,4,4,4.323616027832031,4.323616027832031
35597497e528841c22f9c07331b08c49,4,1,0.6727396249771118,0.6727396249771118
3569276c714b74577335c6b5860f0659,4,3,3.3940250873565674,3.3940250873565674
3573e7b9ae29eeca81c80d683f714361,4,0,0.3542099595069885,0.3542099595069885
35df658da1f793bd9cab0a1ff94fdf33,4,3,4.288437366485596,4.288437366485596
35e8dd323072ad8efa1ae1db44921669,4,0,-0.23666338622570038,-0.23666338622570038
362766cafc41f19dd03cd605c9cb8fdd,4,2,2.288283586502075,2.288283586502075
362d30ace92ce17128d176137362b8c2,4,5,1.8805441856384277,1.8805441856384277
362e3e8ac1b34cd114f6e47ad94e3e28,4,0,0.35621774196624756,0.35621774196624756
365b34d59b0132366fd9feb0138ca7ff,4,4,3.701447010040283,3.701447010040283
366b8bdacfad3a89f0284b0ab0f3e294,4,1,1.2933485507965088,1.2933485507965088
369765a1bd016016ceec70314dacc204,4,0,0.3383600115776062,0.3383600115776062
369a3711e3d38086b74319999fcf77f5,4,2,3.233478307723999,3.233478307723999
378e5f9c174b753e2269e584ba82a086,4,1,1.7202966213226318,1.7202966213226318
37b66efe115f778ffd604c60995ec946,4,2,2.3240253925323486,2.3240253925323486
37f2d6ab184a9f4a3d3eedf3aa35dff9,4,0,0.16341693699359894,0.16341693699359894
3848fce177d0cc469f4ca60d802445af,4,5,2.656489610671997,2.656489610671997
38578e1a762a89a984852be20d3e0386,4,0,0.18848125636577606,0.18848125636577606
3858dedc8e091fc0315c50e7f8d74a56,4,1,1.5174742937088013,1.5174742937088013
386c585a463d6010765624da9057d0cd,4,0,0.511189877986908,0.511189877986908
38915115592f1775fb6506b4dc039250,4,0,1.6439955234527588,1.6439955234527588
389853c7149f7007e467b20351b1f552,4,4,1.87432861328125,1.87432861328125
389c1554f751b2fdd247495b71efe30b,4,2,0.9629654288291931,0.9629654288291931
38b57271d9d5c552236511e9c5d4cf04,4,1,1.847930669784546,1.847930669784546
38b6e5e601860ae149c0d53d8cab4cfd,4,2,1.6192011833190918,1.6192011833190918
38bfa0ce8a23812ec8e74371a85e0077,4,1,0.9059440493583679,0.9059440493583679
38c790605d5648f283412ecbf56537b8,4,1,1.5942084789276123,1.5942084789276123
38d5fe1d5718ada9a476c7690dfcfde0,4,5,3.7584733963012695,3.7584733963012695
38e5d191e77117979a52ba888ea2df9e,4,2,0.528773307800293,0.528773307800293
39e137ff5bb5384d1ff800c77b9d196e,4,1,1.2264251708984375,1.2264251708984375
39f36065811dabb953b5fa41f826f669,4,5,1.753587245941162,1.753587245941162
3a90de04c33ee7bfc0e4005323f1f202,4,0,0.6470369696617126,0.6470369696617126
3acfefa2f174d9f3f555cae12f5394ee,4,4,4.180005073547363,4.180005073547363
3ae1d089ff7057827bdff109c96633a6,4,2,3.622467517852783,3.622467517852783
3aeefd7ef9247470d465682c556c0c61,4,0,1.521409034729004,1.521409034729004
3b23e245e4e96ba6f40da04fce214731,4,5,4.364543914794922,4.364543914794922
3b537df59920e10d46f14627abcd3227,4,1,0.10872741043567657,0.10872741043567657
3b652857672846746e7c0bf4b8aacd9e,4,1,0.7465012073516846,0.7465012073516846
3b82f3a80bd8bef6a0353a4443185c4e,4,5,3.201608180999756,3.201608180999756
3b9f1f0f05ca4c7cfd2000d7ae41f242,4,3,3.2025554180145264,3.2025554180145264
3ba05196d5b6bd5c9c9955864a0702d2,4,0,0.35445332527160645,0.35445332527160645
3babb9b35e40e2bea17239a5a3ffeaec,4,3,2.7406623363494873,2.7406623363494873
3bb7fa03be7da5a086cf9a234cd3a025,4,4,3.680131196975708,3.680131196975708
3bbd7993ca87b79a7fee47b563e97710,4,1,1.6407521963119507,1.6407521963119507
3bbe8e2a01ca4d4e8cda9a6bb5491ad7,4,5,3.6892688274383545,3.6892688274383545
3bed1fb91d2096de25888d9e162254d5,4,1,0.48507535457611084,0.48507535457611084
3c044e6b0f5e68685f9de5269bc0f5d6,4,1,0.45595890283584595,0.45595890283584595
3c26e40e16a2118a6247ba37e7d2bab1,4,0,0.4943684935569763,0.4943684935569763
3c2fbe79b388eddfbdb3dfdbc36eec6d,4,4,4.541854381561279,4.541854381561279
3c33af33f79ee32f52a75558d96b2482,4,0,0.3683937191963196,0.3683937191963196
3c87d6e4b488073a424d625d6130dd25,4,4,2.8237714767456055,2.8237714767456055
3ca86b49aa2b914b30f2dd25c0431b9c,4,5,1.736953616142273,1.736953616142273
3cd682696983016f0c33b2ad85cb3772,4,0,0.3583696484565735,0.3583696484565735
3cdd1b5804ca615f07b0da831a6cf368,4,0,0.2165348082780838,0.2165348082780838
3d0fd9f2d0044ce12d01fd6eeeb32161,4,3,1.9153709411621094,1.9153709411621094
3d8afdc0aaa84acf0f6dec7cc35415b7,4,1,0.3739882707595825,0.3739882707595825
3d90101372c0551439a5c64d1e5dd03c,4,3,3.9068169593811035,3.9068169593811035
3da455f62efb63e1e64c998ce6b40333,4,1,1.2729336023330688,1.2729336023330688
3ddddcb8b9a9dd8c0679264f8173c2f6,4,5,2.301039934158325,2.301039934158325
3e07800d6b2beb390b39f0c534bfd719,4,0,-0.14007246494293213,-0.14007246494293213
3e3d938e4279c4339473f26a7eb5020e,4,3,2.48386287689209,2.48386287689209
3e52207d9b9e15dd09d12b56f67d00b4,4,0,1.033521294593811,1.033521294593811
3e5fc2e7be262fb77362fb82e4850774,4,4,3.5604171752929688,3.5604171752929688
3e6dd2bc9d2476081714e4772525f9f4,4,0,0.3917430639266968,0.3917430639266968
3ec4b92b80df9b4dfa40abb1eee33f80,4,1,1.3338284492492676,1.3338284492492676
3ed23a08a9d7631f2bb25c3dd0cf327c,4,2,0.9655275940895081,0.9655275940895081
3ee71993acdc2ab83790ea25fafe319d,4,1,1.2034270763397217,1.2034270763397217
3eefb47612f9bce4c2acae49d23cad0a,4,0,0.6022621989250183,0.6022621989250183
3f0c4e9f8fb3b846e49bb1ca2b3021ef,4,2,4.538103103637695,4.538103103637695
3f42a3c5105925a052581c70ac7fefff,4,1,0.7367533445358276,0.7367533445358276
3f5bab6cda2430e7cdf7ab27566599c8,4,5,4.126018047332764,4.126018047332764
3f638d3c10fa933ab5f71af5eece1d2b,4,0,0.3619341254234314,0.3619341254234314
3f6bcb7f394cd841f7eb69b7d0786f9a,4,5,3.8171162605285645,3.8171162605285645
401125cfff3d551db4dbd096e9eb1f08,4,0,1.0098872184753418,1.0098872184753418
409d6815cecdf483be748a75c63c0b2e,4,1,0.5652762055397034,0.5652762055397034
40be6eabc1be4bd88eabd38aa07ac9ca,4,0,1.2591298818588257,1.2591298818588257
40f53e192b5ef10af5d9f176cb1705bc,4,3,2.421391248703003,2.421391248703003
410cba2621af8d087ca17589878129de,4,0,0.2719392776489258,0.2719392776489258
413ad3ccfe919607104a59cf04f99aeb,4,0,0.31054192781448364,0.31054192781448364
41600356d224c0205ccaad8151e77a89,4,3,0.37437891960144043,0.37437891960144043
41836cb954c6060c21cebcb9dbfffd47,4,0,1.0427613258361816,1.0427613258361816
418e83f3130db21d5ff710a3ecae7d49,4,1,1.1240501403808594,1.1240501403808594
41a67f858d0135f033183c8f2955e79c,4,3,1.4431545734405518,1.4431545734405518
41a7f02bda7016398ff2d492d0f717e2,4,0,0.1505134403705597,0.1505134403705597
41b5859aa0d162eb72387b3ee8a8903e,4,5,0.1745098978281021,0.1745098978281021
41bfc11a16555808e8ddf2af836e6943,4,1,1.6409516334533691,1.6409516334533691
41d7b7080bd5422ea9e0539b9f085c3a,4,4,1.0267421007156372,1.0267421007156372
41da5a69cd944b9556aef7d8829db011,4,3,2.142010450363159,2.142010450363159
41eabdf6d7f3a3ac22d0f7a83aea1053,4,5,4.273351669311523,4.273351669311523
422a2040b0229adc6d3966e748805913,4,5,3.856250286102295,3.856250286102295
427e2f5197ac8705e9e1437907bb8dac,4,4,3.4566807746887207,3.4566807746887207
428f0c9a110cf7cae62d620a4306ceaf,4,1,1.6599376201629639,1.6599376201629639
4290399b3f69139d9d35cd7b5da13266,4,5,2.577301025390625,2.577301025390625
4296e0485cb7667462f260b27e572b21,4,1,1.518975019454956,1.518975019454956
42bdc13df1e2910577c98462716c6075,4,5,4.0026373863220215,4.0026373863220215
42cb31b9fc4dca6da8112c72600ce8e3,4,3,0.6274163126945496,0.6274163126945496
42cf121581417ac7c84a4f8c4ed9b047,4,1,1.8326690196990967,1.8326690196990967
432abc4bb7e9413b738f13e982b11868,4,1,1.9385336637496948,1.9385336637496948
436fff2e0e75ea2ef844b57d88d3c212,4,5,4.619372367858887,4.619372367858887
43fb03bd110f08e7c36fcbfcf43feccf,4,4,3.082172155380249,3.082172155380249
441b527337da4319cf700b6e7da9fa0c,4,1,2.1431190967559814,2.1431190967559814
4440238097875a7ffcaeda8d7cdc420e,4,1,1.1166467666625977,1.1166467666625977
444dad085af757af17180f00e77fc1f3,4,0,0.34501028060913086,0.34501028060913086
444ea9591c618ea3aa47ca894c85c339,4,4,4.476861000061035,4.476861000061035
445cf98409d19e5044546b0a46e5c4c8,4,4,2.872800827026367,2.872800827026367
448f3adf7d04225d6e14ace5d1776748,4,0,0.1605711132287979,0.1605711132287979
44bd92639cb37e2cc41d253bc4671241,4,4,3.758692979812622,3.758692979812622
44c5c8997f5302614e8f245c86611d84,4,2,0.7878735661506653,0.7878735661506653
44d1baf3f558ceb7cad8400079178649,4,1,1.21165132522583,1.21165132522583
44dc73a9af8cd93c44706b4152bb449a,4,1,0.7043190598487854,0.7043190598487854
4502c2c9c9c1041564225b9d8fad13c1,4,0,0.12976469099521637,0.12976469099521637
4553598eba61406c043f292719d1b696,4,0,0.35194820165634155,0.35194820165634155
4567ef540fb74d70047dbd2010e13c1c,4,1,0.4302738308906555,0.4302738308906555
45910500e405b732fd6c0d50c921e3f4,4,2,1.3703464269638062,1.3703464269638062
45960112d5ceb77e4e61c68028bfb160,4,1,0.3996519446372986,0.3996519446372986
45e450648c66601b514e55a12ef4fb65,4,0,0.33935654163360596,0.33935654163360596
45e754f2ea20f3fc8df0d9f7d358ac90,4,1,3.6975393295288086,3.6975393295288086
4600b8e6025b7af1836bedf33e2b5c66,4,2,1.1252734661102295,1.1252734661102295
46139ecde6bc5abd09e0dc4116c85fb3,4,4,4.349959373474121,4.349959373474121
462839866ad252b9bbf2c34be653745e,4,5,3.0434508323669434,3.0434508323669434
463d78544902aee6b2474a5baec29f9e,4,3,2.102795124053955,2.102795124053955
4648da3952ca9db5259d110694b9ea8d,4,2,1.0982354879379272,1.0982354879379272
464f8dbd8b906717dd1eb94a344f7262,4,5,2.4604880809783936,2.4604880809783936
466a84e8d13813e7aabfe440f437d990,4,4,2.1763458251953125,2.1763458251953125
467f8386fb72e5fe9970db33c8791302,4,0,0.6173028349876404,0.6173028349876404
4681c871c48fa6b0e8621ead93d5d45a,4,4,2.774104595184326,2.774104595184326
46bfacbd9cbb1ec7c4cd069e234cec51,4,1,0.48363012075424194,0.48363012075424194
46d067b212c4dda9e6f87c8b82f22d79,4,1,3.2620062828063965,3.2620062828063965
46de8984e7374ec2a14fe538720cf688,4,4,4.773501396179199,4.773501396179199
46f767c8c76697a603e52b56a33f86a0,4,0,0.08209224045276642,0.08209224045276642
470fe78b3e1c56bc1117d440c92b8c8f,4,0,0.38344115018844604,0.38344115018844604
479e2541da741a1bad39571b15c96a18,4,2,2.4312996864318848,2.4312996864318848
48176351db9eb0d9066ac09610039e6d,4,0,-0.23465155065059662,-0.23465155065059662
4867b2a030243b9079a0bf08db01cb03,4,3,3.959568500518799,3.959568500518799
487dd5dc98d2980278b5be229dd56e60,4,3,3.9356088638305664,3.9356088638305664
4887a40cb07de30eb1771e0d42ace821,4,1,0.4578920602798462,0.4578920602798462
4898a1bc6e036de7f2c3d31b2b574b84,4,0,0.38321173191070557,0.38321173191070557
49028569e6f57627112e7c0c35480fa2,4,4,3.5935678482055664,3.5935678482055664
491f1c9e8e27e4660ed001d968610ed6,4,3,0.5762024521827698,0.5762024521827698
4921f0fef4b8adf1396b6eaae5b93cdc,4,0,0.222561314702034,0.222561314702034
497419c137d260d9cad01b6e06c1c936,4,5,4.182584762573242,4.182584762573242
49773f4304bd7f8dd38da29dc89b004f,4,0,0.26530271768569946,0.26530271768569946
4993f42b88cc2805541ac6c9fa444227,4,1,0.7773510813713074,0.7773510813713074
49a2ed9b6af2a48a788b9dd6066bdb0a,4,4,4.300486087799072,4.300486087799072
49f57da1e460334f4696a25245933d30,4,3,1.8746708631515503,1.8746708631515503
49f730814453082b10d8fc713bd511ee,4,0,0.12358873337507248,0.12358873337507248
49f832fb327a3f88db9c324ca8b1c6ad,4,1,0.6045615673065186,0.6045615673065186
4a098862c27f299e7e674542148286b6,4,2,0.5589539408683777,0.5589539408683777
4a1a331abf928c86ef9a260e09d0358d,4,0,0.17034758627414703,0.17034758627414703
4a2aec11bc2def9644ba9756f888ec24,4,0,-0.12088392674922943,-0.12088392674922943
4a40f41b4f18ff0dffee2fefbb19ed3f,4,1,1.6723051071166992,1.6723051071166992
4abd945d8f4651d4c8c8204db470a005,4,1,3.240006923675537,3.240006923675537
4aea6a7376cb4d0696c87776c511e9f5,4,1,0.4812145233154297,0.4812145233154297
4b0b2d8f040c23df6320a2bd64fc85d0,4,0,0.8270065784454346,0.8270065784454346
4b249e89f5822184179af3aca0c0293a,4,0,0.743157684803009,0.743157684803009
4b28ff0e84c4466e745db60b493b41fa,4,1,0.6170676946640015,0.6170676946640015
4b4d285f54bf258327be795dba6ad9e7,4,0,0.4818650484085083,0.4818650484085083
4b6acd6c2e0bbb54e988ca7093d312eb,4,1,1.8954188823699951,1.8954188823699951
4b6bda9f84d5ceb4ba81db95e382933c,4,3,3.5300896167755127,3.5300896167755127
4b992f28f2ad9809948ec801fee0078b,4,0,0.12246396392583847,0.12246396392583847
4bbe1ce0af3c904fd81392afff6c116e,4,4,2.4781100749969482,2.4781100749969482
4bdfeb052093c3152b15636f2500e369,4,1,1.0693485736846924,1.0693485736846924
4c2b7a2554d56944bbd074abfd206134,4,2,3.8997204303741455,3.8997204303741455
4c2cd386eaccb895f13687d0bb37c5aa,4,5,1.59556245803833,1.59556245803833
4c4c624b8db2f481703c4ee6dea58bc2,4,1,1.1847862005233765,1.1847862005233765
4c5cf9ea351bb8d1e584631a4d0425c8,4,0,0.5014157891273499,0.5014157891273499
4c72ab6a23ced34d785ea2e413239639,4,2,3.713834285736084,3.713834285736084
4c7f11ab0f24d609ad5f655ee383a1fe,4,4,1.1301085948944092,1.1301085948944092
4ca150db7ce751d5a095fd41ba227c25,4,0,0.26158154010772705,0.26158154010772705
4cbde67c6d4feb90b93497fa08b413f7,4,0,0.4165973663330078,0.4165973663330078
4cca009687e182cad33fd58da6a15b1d,4,1,1.3336354494094849,1.3336354494094849
4ccf0ed8147b12fd0214ef72b3f574b9,4,0,0.7057998776435852,0.7057998776435852
4d65e71e1e9562f67cebf7cfb462c5ae,4,1,0.7286017537117004,0.7286017537117004
4d6c76889d79e798e81658246e8b590e,4,0,0.5216385126113892,0.5216385126113892
4d929aa6fe44ea0737891aff4f927818,4,3,4.146637916564941,4.146637916564941
4da79675b490fd611075cd6b84b83adb,4,0,2.550858497619629,2.550858497619629
4dc731d30fb8010b313c357fa56459e3,4,0,0.8827561140060425,0.8827561140060425
4dcd3e9109bd390a86bb0f72cfc80a8f,4,4,4.0802083015441895,4.0802083015441895
4df50e072ddab1882a4795b15f3a7124,4,0,0.42539870738983154,0.42539870738983154
4e11f7a0a2623f4e9f110e81c3bd9683,4,5,1.6453499794006348,1.6453499794006348
4e37964a1a7222e4cec7133f97377a0c,4,1,0.25595706701278687,0.25595706701278687
4e8d7f8d403847cc6c2f08d80f4ba223,4,3,3.196195602416992,3.196195602416992
4ed67b0a0bcbb6d69e596f84124a091a,4,0,0.25272858142852783,0.25272858142852783
4f0225311fecb076b043bb08715b7b46,4,0,0.3759288191795349,0.3759288191795349
4f0d03d08a5583138eaed5761f895d28,4,3,4.088735103607178,4.088735103607178
4f323a5ac8121588c5ddad88eef0f0e5,4,1,0.7361416816711426,0.7361416816711426
4f97dcfc7c82a6a16f8fdf3668ca22df,4,0,0.7071594595909119,0.7071594595909119
4fe6ff5410a3de6abc9aa769198ed26f,4,5,4.356759071350098,4.356759071350098
4ff3969ded27b5fa1ea6dbeb7bdd8196,4,0,0.5762502551078796,0.5762502551078796
50203fbd5de280144cbb16749814a3fe,4,2,0.4642038345336914,0.4642038345336914
5056766fb2f97d614c706d4f5d97d68f,4,2,0.6588490009307861,0.6588490009307861
506eec1a2c0a806ef10ff76a9934cfe0,4,5,4.840785980224609,4.840785980224609
5088ad926fb0b20d97de089d851dfabd,4,2,2.0604746341705322,2.0604746341705322
508c23fef3f24c9301f5b02aec0ffb10,4,4,3.793144702911377,3.793144702911377
50d777bdfa7218c5aa81bdf72fa1bdf2,4,2,2.127987861633301,2.127987861633301
50fb0ac6d41c214effff1c9cd462dd30,4,4,0.12235987931489944,0.12235987931489944
5121187bc98e8e74d926c47644cdcf7b,4,1,0.9418551325798035,0.9418551325798035
513540cba1445676334e1a17a3d95ff0,4,0,0.5524516105651855,0.5524516105651855
514f766f399e03368682786c5d23f3e8,4,0,0.6388388276100159,0.6388388276100159
516598fef0cb4c22e42999b3df120e2c,4,3,2.2018284797668457,2.2018284797668457
5166d94b7a25c6b05b399b16c65a2b6a,4,0,0.2678977847099304,0.2678977847099304
51a08c0f649d0958cad761b47f6699af,4,4,2.8818984031677246,2.8818984031677246
51aa1de7c4bbf08d3dacf37183832cbe,4,4,3.2202229499816895,3.2202229499816895
51c58c76e2907090db536a7734cfbabe,4,0,0.3818626403808594,0.3818626403808594
51eff3eca711a0e2dc3153a420c98c8d,4,3,2.854095458984375,2.854095458984375
5204134e82ce75b1109cc1913d81abc6,4,0,0.8419891595840454,0.8419891595840454
52385ac03a42f5ba4629f4c486abe591,4,0,0.8956763744354248,0.8956763744354248
5255e5cae8fc9b03ddb4dc1c2512f355,4,0,2.5953400135040283,2.5953400135040283
527294c6bc1e0f537a259c8dcc35406d,4,3,1.5421236753463745,1.5421236753463745
528114503e2cb700bff67662ee5dc9f1,4,0,0.8353103995323181,0.8353103995323181
5289d3ebfc24bbe70206daf1f546b687,4,0,0.6287745833396912,0.6287745833396912
52ad032950196f56b1203d2a7b71d3b7,4,1,0.3199630379676819,0.3199630379676819
52c1702d27eed470507c4327b9ccd1b1,4,1,0.5790917873382568,0.5790917873382568
52ecce8ca4633560db50a51eaa8777e9,4,1,0.7174856066703796,0.7174856066703796
52f458343920a7409c42f4ec0a9cc8e0,4,5,4.433903694152832,4.433903694152832
532779ee14c90e573b4d5c99cd63f757,4,1,1.6045997142791748,1.6045997142791748
534fdc08ee52646076cca848c744eafc,4,0,1.0124813318252563,1.0124813318252563
53a053373822079628726191fc5b76d6,4,5,4.617532730102539,4.617532730102539
53d6abac96a4473077a3d3f20018c016,4,3,2.408337116241455,2.408337116241455
53d70323e7fb65b9cdb2bb3c3b211bdd,4,5,3.6699509620666504,3.6699509620666504
53ea5387fb7a5ed7ba9252123ed8e122,4,3,1.7795865535736084,1.7795865535736084
544a71ab7a8564bf9af28402c82d70b7,4,0,0.005463890731334686,0.005463890731334686
54515690660c4f26e7d466d569220fac,4,2,4.022127628326416,4.022127628326416
5456189d4e5c15a790a868b70fd25625,4,4,3.5078392028808594,3.5078392028808594
547f7a62cea4bd7b702c5175b6ce5327,4,1,1.9441442489624023,1.9441442489624023
5490b5eb4e0cba88967869aad6e4e2b8,4,0,0.3110129237174988,0.3110129237174988
54c61151ae2462ead0ca58a062c48139,4,1,1.416331171989441,1.416331171989441
54eb7abc2a838e3f49f7e38361ce0b12,4,1,0.8103057146072388,0.8103057146072388
5551a258a28873bfbbb2e6899a497cf9,4,1,1.0236296653747559,1.0236296653747559
555f0e5c6585fdf64380c6a2221c4536,4,0,0.6982008218765259,0.6982008218765259
5576eab39cdad6279ed218eb398d06dc,4,0,0.29706627130508423,0.29706627130508423
55927b26739469edc159e258013c07c1,4,2,1.1905288696289062,1.1905288696289062
55a01c1ebef6b40ac9916b6abe9b57b0,4,5,4.377598285675049,4.377598285675049
55c29d1ac14d39d5efb42fa48d98a249,4,1,1.2042049169540405,1.2042049169540405
55c836a2684cfeb94928d662a52344d5,4,4,4.1914215087890625,4.1914215087890625
55dc99e7642722de975684d45c090d30,4,0,0.5918319225311279,0.5918319225311279
55e4c013d70e60e4db9425f9f6fd8997,4,4,0.6245192885398865,0.6245192885398865
55f1501ba2898b8842543c1aeb28c891,4,2,1.479872703552246,1.479872703552246
562ed7c01bf09ec8162007d798ff0b51,4,3,2.507840156555176,2.507840156555176
5647968e4639e4dced2cf6448af91eb7,4,5,3.4256691932678223,3.4256691932678223
5670a325584c3bd7c9f2bdfc128e2e67,4,4,1.580277681350708,1.580277681350708
56a882d88e118dcb77a63bfdbdf0b716,4,3,2.56252121925354,2.56252121925354
56b18e1507691def89ef7f07fd124136,4,2,2.6108474731445312,2.6108474731445312
56b4f13d2216fa1eeb2adcb1db711c2b,4,0,1.9838258028030396,1.9838258028030396
56c263aad2786ca2d7247e1b57e32705,4,1,1.8743606805801392,1.8743606805801392
56deba64468141b0968ad8899b121b15,4,0,0.34852921962738037,0.34852921962738037
56e5d931e0c46a942e76aaa95485b9cd,4,5,4.35782527923584,4.35782527923584
56e6cfc2a0ae0f493cf1a98689ca2afe,4,1,1.429335594177246,1.429335594177246
572dfb66b55586fb4a4a2e9322130928,4,4,2.6474061012268066,2.6474061012268066
5740b936c0d44c94933f19203ad483ba,4,3,3.6940853595733643,3.6940853595733643
5752b761672c420fc1df9cbaf860bcd6,4,4,0.7590001225471497,0.7590001225471497
577a95c3a3a0fb362b7282fdf9311015,4,5,3.8036301136016846,3.8036301136016846
577d14b9b72c171cb6fd7922a3af49ef,4,1,1.7287280559539795,1.7287280559539795
57b445bdaf42976e8a4c92561ec097db,4,0,0.16513632237911224,0.16513632237911224
57d038978bf1512828ba76385dbac6ce,4,4,0.7180584073066711,0.7180584073066711
57d82e5381a64e28e1daae58c9806ab5,4,3,3.2314791679382324,3.2314791679382324
582ceecab271f684b5f4dd9848ea1859,4,4,2.2961812019348145,2.2961812019348145
58381ead397bcae5aaf3572455872b3e,4,5,4.192399024963379,4.192399024963379
58476708525d4b4fb5308d069645e097,4,2,3.5230157375335693,3.5230157375335693
5860ba8552e96ff8aa9b16d071a6eb9e,4,4,0.38728123903274536,0.38728123903274536
586eb142ad433841c18b748e580ab771,4,3,3.389341354370117,3.389341354370117
58accdf477bd85e51be2e67c291b0896,4,0,1.370408535003662,1.370408535003662
58b1a38c3fdac76c56e664b82f85d35a,4,1,2.7756333351135254,2.7756333351135254
58c9ebcb84cf500f25352367f27fba56,4,5,4.811474323272705,4.811474323272705
58d439e1cf180a952bd059b6be710665,4,4,2.180107593536377,2.180107593536377
5911dece5388c4291ffe22e700bed829,4,4,2.495767831802368,2.495767831802368
591be7bd1ced8a42f257d9a467cb7133,4,1,1.2817692756652832,1.2817692756652832
596ac7795d35e94f080254e0e405c0d3,4,1,2.4703493118286133,2.4703493118286133
5972250394f2673e5a8ba5fa29cd9754,4,2,0.5677118897438049,0.5677118897438049
599109af85cae9e827c3e89982f0033d,4,0,0.3396384119987488,0.3396384119987488
59d833e569743be1b04d6494358ed3ff,4,0,-0.12037263810634613,-0.12037263810634613
59ef609e7ecd81d89e8d8cb3efd73646,4,5,3.9996089935302734,3.9996089935302734
5a0c582812967666f68055b84aa6a69b,4,0,0.8284016251564026,0.8284016251564026
5a19b7514d9adb447ed6aa694811f1eb,4,0,0.877683699131012,0.877683699131012
5a43ead356b201d82362ee5af3dc8364,4,4,3.5994346141815186,3.5994346141815186
5a46e8adec9c72070618f776583dd581,4,0,0.11707846820354462,0.11707846820354462
5a6a02723433df0573332937e04c612e,4,1,1.0958409309387207,1.0958409309387207
5a7b17b308cc6118cf8f65df80de7390,4,1,1.1835187673568726,1.1835187673568726
5a8ea27b08b81d698970b6eb520a05dc,4,5,4.537556171417236,4.537556171417236
5ac73737e95e35a36d1cdeb5b23cab12,4,1,1.4453306198120117,1.4453306198120117
5acd1d61963dcd5d76670a85904815bf,4,5,3.0574326515197754,3.0574326515197754
5ade4e241be260978daf1da130754c6a,4,1,2.807884693145752,2.807884693145752
5b8542dc1477f67d3d1c5984b83c14b7,4,5,4.040349960327148,4.040349960327148
5b8b545a19b68b947235ead5041d001c,4,0,0.22098325192928314,0.22098325192928314
5ba77a03901ebd78457cafea98211001,4,0,1.3170279264450073,1.3170279264450073
5bad1f2f3c89c27ea00d2ed6bd8e2de1,4,2,3.8702211380004883,3.8702211380004883
5bbfd8d8ffeddab6682224295a180bb2,4,3,2.471966028213501,2.471966028213501
5bc396007c667e5fec6587d07a9af93e,4,0,1.7129244804382324,1.7129244804382324
5bda3d19f2754b6f802e0c4363fe0fa4,4,3,3.0719218254089355,3.0719218254089355
5c083ab21fc57c0954468ab46aa7fb16,4,2,2.3136391639709473,2.3136391639709473
5c1b69f90894b89741cc22d135dd14c7,4,1,0.4648706912994385,0.4648706912994385
5c54839a5b329bec4a351c74e0c24819,4,2,1.150652527809143,1.150652527809143
5c869a5a8bd2bd340fe13b188be333c1,4,1,1.3029173612594604,1.3029173612594604
5c9407c366d62c4e309a5fa61a48b7b7,4,1,2.884817600250244,2.884817600250244
5cfbe62b74360ce891593fba8a876025,4,1,0.8585873246192932,0.8585873246192932
5d09d184630b9a20ed727e0f375a2dd9,4,1,1.0628478527069092,1.0628478527069092
5d3fbb68cccb100204a57b1b80b3171b,4,0,0.3261682391166687,0.3261682391166687
5d4c1d0660adfbe7f9ddf63432709eb1,4,5,3.894010543823242,3.894010543823242
5d5ba6a776e985a917f0028258d6593a,4,0,-0.10810258984565735,-0.10810258984565735
5d68ab03ab12677506d8afb5b545c5b3,4,5,3.2330145835876465,3.2330145835876465
5d70e6a66652c5872f26f3da9233ff4b,4,0,0.5615758895874023,0.5615758895874023
5d7ca212ea70ef050c80f5088155cbf2,4,0,0.24427570402622223,0.24427570402622223
5db6b9c77ea8fcefc06c939edde1ad85,4,0,1.3083713054656982,1.3083713054656982
5db70f64a6991463aa9538ee855ee528,4,0,0.2632025480270386,0.2632025480270386
5dbe471927123756883dc4ec6121a72c,4,4,4.595487117767334,4.595487117767334
5dfac783c03cb58f51dd856ecc2bc16c,4,2,2.1992268562316895,2.1992268562316895
5e117814dbbf7ffc4b9eea0ca1f52f5f,4,1,2.365593194961548,2.365593194961548
5e1ac5641073849d349584dd968f56ba,4,5,4.414121627807617,4.414121627807617
5e50d9143147326f0fd6736f59d4bb8c,4,0,1.2642408609390259,1.2642408609390259
5e79a8e720579946198a701deeed3a4a,4,5,2.2543272972106934,2.2543272972106934
5e92f3c50fdcef3ece4646e985bbb2a4,4,4,2.7362444400787354,2.7362444400787354
5ea6feafb6765b6916a259e60eb89354,4,3,1.652515172958374,1.652515172958374
5eb0af050c28a438f143ddeed00aa8c1,4,1,0.8426257371902466,0.8426257371902466
5ee0695f6d2cd77ad8b49aab7b875445,4,1,1.083258867263794,1.083258867263794
5ee927ed5d354f5f72e5d341276eb5be,4,3,3.0920372009277344,3.0920372009277344
5efaa05e7bf93a2c91c7c2592dcb8b64,4,5,2.036238193511963,2.036238193511963
5f223137ea4f913a22c5a3074195d37c,4,5,4.3569655418396,4.3569655418396
5f30a88461b86ff36af412fc490a0f69,4,0,0.5711861848831177,0.5711861848831177
5f537ae857febf9281dd301fd9ccb5f2,4,0,1.8473014831542969,1.8473014831542969
5f5e76f78d267118638007de70dcc9bb,4,1,0.2978363037109375,0.2978363037109375
5fd15e6c0ff22e1265b2557eb6c29559,4,1,1.007322072982788,1.007322072982788
5fdd8f1da666889035c36621b62bf68f,4,1,1.470000982284546,1.470000982284546
602f278e2deec17068c5dffb3099754a,4,0,0.25112634897232056,0.25112634897232056
604342e344f4adba3a302ac43d48180c,4,1,1.3882375955581665,1.3882375955581665
607c6585bb0b244506f16da4073ef12e,4,2,1.866228699684143,1.866228699684143
608f07ff22fd563f5562c3d11d1dd602,4,1,0.9697160720825195,0.9697160720825195
60a7d61d83daf00d50b8af18920cda3a,4,3,0.45534205436706543,0.45534205436706543
60bf955e8135c580681a253469151ed6,4,5,4.719768047332764,4.719768047332764
60cd3ff208f41abe56a6fd7c594dc103,4,2,0.8656572103500366,0.8656572103500366
60d4bb410d7a6dbbd05b26bc73da2d9c,4,1,0.5687081217765808,0.5687081217765808
60f0dc0ff216b409ca44a9ba097a0f85,4,0,0.5941938161849976,0.5941938161849976
613d47883d333e9a07f1347ffc64e7ab,4,1,0.77788245677948,0.77788245677948
615b584af86176f21b7a609807c56197,4,5,1.7878456115722656,1.7878456115722656
6166cc11159083920af9b3c14670f8b4,4,5,4.64926815032959,4.64926815032959
617cee942caee18d1f8487281493a6ed,4,1,0.29907023906707764,0.29907023906707764
61aa2232965122bd1e0d87d933bdf8bd,4,0,0.1885586977005005,0.1885586977005005
61dc08bdb56ba45b21c97e583d2869a8,4,2,0.310200035572052,0.310200035572052
61ece421cba834e92bb6338e30c5f6e4,4,0,0.6465533375740051,0.6465533375740051
6201e9e4e8e934994124c456be58ec27,4,3,1.2187162637710571,1.2187162637710571
62128872685beec5aaf0bd18a3cceb0b,4,0,0.2404145747423172,0.2404145747423172
62274c435774e0ed7a219c9c3b693bce,4,4,3.20284104347229,3.20284104347229
623155cecfa8cc671054be004d6cb2cf,4,4,4.126765251159668,4.126765251159668
626469f984e371b3f674799c022a64ab,4,3,3.8331849575042725,3.8331849575042725
628099e7b5b1e0c00288a4d3cfb2260a,4,0,0.6478628516197205,0.6478628516197205
62dafe3f86f1f7048c16ac69f74cb293,4,3,3.25260066986084,3.25260066986084
62f29d7816c09c527192a40eb137cc25,4,5,4.163318634033203,4.163318634033203
62f8a7597b348cf04667a2e5c597a641,4,3,1.050532341003418,1.050532341003418
63006577b07056d2789dedce40da466d,4,2,1.3222875595092773,1.3222875595092773
63080d06c66488c4c30285e0363ca0ad,4,1,0.6528369784355164,0.6528369784355164
6329256633b051f1e2b903afa9b5ef26,4,4,4.510031223297119,4.510031223297119
637209e621c8714a1f636e38542efe91,4,4,2.7235496044158936,2.7235496044158936
637bca124ad0ca9466e48b63b898bccd,4,5,3.9762113094329834,3.9762113094329834
63b703a3294579f3e31f1a7afcf3ce20,4,1,1.20371675491333,1.20371675491333
63e3797b14a1c9dbedcaa4c5be4b9924,4,3,2.5513510704040527,2.5513510704040527
63ec04bc1c32dd36fc1bfa2846a0c98f,4,3,2.7813796997070312,2.7813796997070312
6410f699e086d1ca5d6ed48d16991112,4,0,0.2384355515241623,0.2384355515241623
6412f5e8c6ee428db6bffe8d921b8be9,4,1,0.19406399130821228,0.19406399130821228
641f830c55badd977b6e91fa8796cdf2,4,2,1.2269753217697144,1.2269753217697144
6453e55d3511f7cacb8075f5bb82fd97,4,2,3.301866054534912,3.301866054534912
64649896d23df686ff9bb201501a40e3,4,5,4.109909534454346,4.109909534454346
64a5241c55374047bf1ceb772e0e2d43,4,0,1.2487455606460571,1.2487455606460571
64c818a7feb6b2d3cbcb26023c19d7d2,4,1,1.6425693035125732,1.6425693035125732
64d853ef2f8fd85e3a9b09d3791780e7,4,0,0.7060084939002991,0.7060084939002991
64da3d4f81810f32e01269233955515e,4,2,2.745832920074463,2.745832920074463
652e4ef79f6f829a57aa0021d5a8d3e5,4,2,1.6357390880584717,1.6357390880584717
6540bdf21df5d3694dc4d3165339d8c0,4,4,2.5979995727539062,2.5979995727539062
65529d6dd8a2d9596cae939b6aef2c65,4,5,4.303867816925049,4.303867816925049
65595e0c07967b4b2642e5da32f617bf,4,4,3.20943021774292,3.20943021774292
659605aeb955654bfd576bea20447b06,4,1,2.47210955619812,2.47210955619812
659d4fca38eed915a13188a1f2b03ee4,4,2,1.2223944664001465,1.2223944664001465
65ac6785f8184368e0a4a2e031b048d4,4,4,3.3917458057403564,3.3917458057403564
65bf2cc6f9ed1eed86b8e7a908efe834,4,2,2.577040672302246,2.577040672302246
65eeb8a6bb20edfef24a0a9760336819,4,4,3.4428346157073975,3.4428346157073975
66253c7fa7849f5a932348a44c21b903,4,4,3.518800735473633,3.518800735473633
6651573b179734d9205f592604191b67,4,3,2.3750901222229004,2.3750901222229004
665e359d9abe8229729cbbc424466f6b,4,0,0.22488199174404144,0.22488199174404144
66617150a489dc0628762098b0fd8e99,4,2,2.2149288654327393,2.2149288654327393
66afef566add0c44fbc3a00392b5a39a,4,0,0.7762570977210999,0.7762570977210999
66b715d5da126fcd163dd420ca983cf6,4,1,1.196740746498108,1.196740746498108
66e0c8fcc2e2130b1e5d0fe125c34b91,4,0,0.4586002826690674,0.4586002826690674
671932297b6d1cdd3155c01250f62d5c,4,0,0.5050671696662903,0.5050671696662903
673035951194fa335f11d0bb408449de,4,0,-0.07431290298700333,-0.07431290298700333
673c469c5864d8d50afe935a7bdc1935,4,4,1.7416036128997803,1.7416036128997803
678662d4740c7fff8751b9c57bbf25a0,4,2,2.775613307952881,2.775613307952881
67bc9a23a87b07457464561b22515733,4,1,0.35894763469696045,0.35894763469696045
682a1fd346b6fff340afbdb80c2f7caf,4,3,3.8356661796569824,3.8356661796569824
6844032932a3939565e936a523174b6d,4,5,1.8549922704696655,1.8549922704696655
6867352b510c7caa78883387fe000b87,4,2,1.9866658449172974,1.9866658449172974
687f0aaffbc0c082e7a01018e78233ed,4,4,3.1692845821380615,3.1692845821380615
6890c90884c340a88a661384550e6339,4,3,1.9106239080429077,1.9106239080429077
69187b17ca2488b677f9a79e44654277,4,1,0.12270717322826385,0.12270717322826385
695603da155d297ae307ae2d52abfba4,4,2,3.4530375003814697,3.4530375003814697
698b4103a9f029886d32065d2ff436cc,4,0,0.4094003438949585,0.4094003438949585
699aee467d028cc39214073e2da18871,4,0,0.30089008808135986,0.30089008808135986
69a64d49e142407d3512c068889c0490,4,0,1.5845118761062622,1.5845118761062622
69fedae136a43fb721cf2feb8235a85f,4,0,0.21610067784786224,0.21610067784786224
6a2889f097b3501ebc0343427e9e0c3e,4,0,0.09991756081581116,0.09991756081581116
6a43f7e8b37e4f8a63ba3f178ef78016,4,4,3.75834321975708,3.75834321975708
6a452b5662c18fdefc5dd4c8669eb781,4,5,4.660892009735107,4.660892009735107
6a7aa196abf5d7843a915fef033aec41,4,0,0.21861664950847626,0.21861664950847626
6ab7bc76941454c4ec71eb754f066f30,4,5,0.4147995710372925,0.4147995710372925
6ae973c0f3341e2eb19e08dfe4ee42fc,4,0,0.09043340384960175,0.09043340384960175
6b1b56ad6d3f3c7d46a82dbe738cec83,4,4,2.080900192260742,2.080900192260742
6b41aaf5ecafc9000a9f40fee0db9e64,4,0,0.6005169153213501,0.6005169153213501
6b44920a6758d2dc91635ccb975b3bb7,4,5,4.849864482879639,4.849864482879639
6b643a1250fb9be4a44674e94ecffb39,4,1,0.9866463541984558,0.9866463541984558
6b69560eba8205a182f996d752402036,4,0,0.3968377113342285,0.3968377113342285
6bcd9a5f97d5c1c8582b28a23228065a,4,0,0.36647313833236694,0.36647313833236694
6bd476d515d75746bf716e578c704c3b,4,5,4.6178507804870605,4.6178507804870605
6bf2342213bed4c588b88c50af3810df,4,0,0.3106189966201782,0.3106189966201782
6bf8339b4430a51d6367416dab794735,4,0,0.3741426467895508,0.3741426467895508
6c125545cedcaf6438003ca039edfa87,4,1,1.3001574277877808,1.3001574277877808
6c12604ab836dc63afdce3867103865d,4,1,0.4187847971916199,0.4187847971916199
6c4d9d0e4e2c5d27843e7543867757a4,4,4,1.9965381622314453,1.9965381622314453
6c8072d548422d357e97a528a9ce37ec,4,2,0.6902666687965393,0.6902666687965393
6c96bbaf8306071cfec8d90f54ede8c2,4,3,3.320805549621582,3.320805549621582
6ca9348a09b4bceff7a738ae8b37f369,4,5,1.3017246723175049,1.3017246723175049
6cbd1d9807064986288d3fbd367e746c,4,1,0.34482061862945557,0.34482061862945557
6cbf008a65aaed806c3879e7e8f44d01,4,0,0.6080408692359924,0.6080408692359924
6ccd71f80656fd3329eb9547d783fb8f,4,1,0.37436211109161377,0.37436211109161377
6ccda6558efc23072abea3e08bec5168,4,0,1.204099178314209,1.204099178314209
6d1a11077fe4183a4109d649cf319923,4,1,1.121260404586792,1.121260404586792
6d35e2b7e296586b9654009085774c81,4,2,1.5210084915161133,1.5210084915161133
6d567f83ca7130da285fcb26d3537762,4,4,4.231691360473633,4.231691360473633
6d63e2fdf3eda186a532f73e86bb29c9,4,1,1.8567824363708496,1.8567824363708496
6d813cb6cb9485c6222a20551dc1da21,4,1,1.801500678062439,1.801500678062439
6db274a56e9de1e7a876bb1b53aa8eed,4,1,0.6854386925697327,0.6854386925697327
6db636a5372b53a603ac3a5bde9abba0,4,2,3.355764865875244,3.355764865875244
6dc69ba0f04d891e672278cb015705d2,4,4,2.352055072784424,2.352055072784424
6ddb61c8bad32ffc60da3a6c96e85b49,4,0,0.10421763360500336,0.10421763360500336
6de7abeda98b497eb609d12abf4c396b,4,2,1.2897591590881348,1.2897591590881348
6e219cafd656210dca135a52e0ec044c,4,4,1.1297581195831299,1.1297581195831299
6e2e6f847032e2b8823d91cd52b3ef2a,4,5,0.08859632164239883,0.08859632164239883
6e381416581ae9845b650f2b2d010a00,4,5,1.9377363920211792,1.9377363920211792
6e492df128e671c548bf49fd855c42ce,4,4,3.329089641571045,3.329089641571045
6e5c614c4436fdea159a085e5cc84f6f,4,0,0.35635364055633545,0.35635364055633545
6e694031c3e263b2f9da1aa122897266,4,4,3.2912068367004395,3.2912068367004395
6e9f8456612b8c7ee6c4a5027539bf80,4,3,2.532369375228882,2.532369375228882
6ea3b98851bd9ec5522236152b8998a3,4,0,3.9414660930633545,3.9414660930633545
6eac976813faebe8dc84eaf3835e74c5,4,0,0.4130152463912964,0.4130152463912964
6eb0214c5c18d2925fce96792123ab5c,4,0,0.4445517659187317,0.4445517659187317
6ebaeb1925943ae96bec6be4a370dc8e,4,2,1.8398659229278564,1.8398659229278564
6ef357192c2530ee54e1bd38a3231e00,4,3,1.7526885271072388,1.7526885271072388
6f0935638b47295c4e35008366c8768b,4,1,2.153703212738037,2.153703212738037
6f0a397467d394b62c48a6199db06b6b,4,0,0.4938904643058777,0.4938904643058777
6f2492a62387357de046f11af3a8524d,4,1,0.35330843925476074,0.35330843925476074
6f362845996a98fdde62e6399fe1d097,4,1,0.4966442584991455,0.4966442584991455
6f3aa87bfb96c835247c272ea0ea1848,4,4,4.441826343536377,4.441826343536377
6f50ffdccefb38de120dfb796577fd5b,4,3,2.8514490127563477,2.8514490127563477
6f56c1a8d9755e36fc3329797d59874a,4,0,0.45716023445129395,0.45716023445129395
6f59b0e5e3fb83824e6d994793cc00ed,4,5,3.898249626159668,3.898249626159668
6f763254ac599960c572c3ab0c0666d0,4,3,0.8869367837905884,0.8869367837905884
6f8bf6cfb0c020fdfef1ddb79a250464,4,5,4.296774864196777,4.296774864196777
6fe956eb5739f0877752cba783828cd2,4,4,2.1536827087402344,2.1536827087402344
6ff2655d791e26f1d8a98ea29668d0f0,4,2,0.28160393238067627,0.28160393238067627
70084ac115617e9243c963abc3295fac,4,2,3.7781574726104736,3.7781574726104736
701ecb67f445ec65085f3cd4bef9f872,4,0,0.3666832447052002,0.3666832447052002
704ca230d7cec3203271cf5fee986b9e,4,1,1.9042460918426514,1.9042460918426514
70537a4b7d85e72fb377f1ced5ebd5a2,4,0,0.30475860834121704,0.30475860834121704
7057c640774c8b672285d0854316d564,4,1,1.1167529821395874,1.1167529821395874
708b83343fa17388231d1c86557e4396,4,3,3.088627338409424,3.088627338409424
709bc21ccabfc241df80244c45f930a8,4,1,1.85728120803833,1.85728120803833
70a840557099db07a37542bdf701df90,4,1,1.1470346450805664,1.1470346450805664
70f266d7117c3fc1430abb4636790078,4,2,1.6319561004638672,1.6319561004638672
70f608a3fafa4e75e3201a78962109b0,4,1,1.7370306253433228,1.7370306253433228
7105b8ee8d4c00c513b334fdfdcd6c49,4,2,1.7190914154052734,1.7190914154052734
710e3f6901a5e7e1c97bcc64bdbfd39d,4,1,1.2587436437606812,1.2587436437606812
713488dc169d4113570a86352d0b4a9f,4,0,0.32008808851242065,0.32008808851242065
71558dd96f24a06b1d3c9db21c183bd8,4,1,0.753953754901886,0.753953754901886
715ab49e9cccf79ffa3987714d818f79,4,0,0.9775016903877258,0.9775016903877258
716055036e3c107c1531535fbf8f5cf1,4,3,2.8232548236846924,2.8232548236846924
7175b804948e04ef6e96a06dd0d8b906,4,0,1.5313254594802856,1.5313254594802856
7198a4a8aa40162461573004014923b2,4,1,0.5472760796546936,0.5472760796546936
71ba7fd980accf756743a32254e8a71c,4,0,0.5157780051231384,0.5157780051231384
71f72c0faf8f61d142ab33c4865ca538,4,0,0.20435801148414612,0.20435801148414612
72036c2e4652e2ebf2cf22c10d138c35,4,2,1.4737199544906616,1.4737199544906616
7210b7dabbf6bd66ebb88d9398713997,4,1,1.12833571434021,1.12833571434021
72273ecaf2d7de847ce3555519a6257a,4,2,0.5250179767608643,0.5250179767608643
724b9b63d3a951e612d08a288fc89da7,4,1,0.23749442398548126,0.23749442398548126
724fe51b29e0e47c8598ca4d3947287f,4,4,2.287198066711426,2.287198066711426
725a9f2d3f932ff45a54401cddff9fac,4,0,0.13843269646167755,0.13843269646167755
726027a4c8a859b5d38ab6f4d42b8dba,4,3,2.3605306148529053,2.3605306148529053
7274571a802c724b6bb60c4e0ba08bee,4,0,0.5580750107765198,0.5580750107765198
72b1b91e6f808255aaa8ea7af6d84a7c,4,1,1.7366769313812256,1.7366769313812256
72e64850d127c65815492af84473a26e,4,0,0.31464684009552,0.31464684009552
7343399845610a863e3153fb6bc1f5d6,4,1,2.3641700744628906,2.3641700744628906
738963113c79bb3c8814b06224a263a3,4,0,1.1917576789855957,1.1917576789855957
738c290ad6589e07a3c07158f691dbf9,4,3,4.324741840362549,4.324741840362549
73a8c10ff66347ba7187a1eb52e0e8f2,4,0,0.5121060013771057,0.5121060013771057
73c83151a4b6e0bbea3ce58f1f924308,4,4,4.630459785461426,4.630459785461426
74152f587c556cfc44a0256fbd21da59,4,2,3.54988694190979,3.54988694190979
741f6260e0f75b64a72e9a905003c29d,4,3,1.6406956911087036,1.6406956911087036
7427631c3c24496fac0b24e07bdaa4b9,4,1,1.4402230978012085,1.4402230978012085
74322183fb32bc720347884f80985c40,4,4,3.3618855476379395,3.3618855476379395
74340eaeb135c761155f1a7f198f17dc,4,5,1.4234108924865723,1.4234108924865723
7453f914420e9b89a68dae903210b8b8,4,2,3.57902455329895,3.57902455329895
746223e2679f7697dc6b6aad326a01df,4,3,4.6056671142578125,4.6056671142578125
746cfe9ab71459d51eb0fbdb72348ae8,4,5,1.7720786333084106,1.7720786333084106
7480c3f00ec3de5d7dd844522cd8d007,4,0,0.6384856104850769,0.6384856104850769
74f7964ce88013503e3748a1bbf83cb7,4,2,2.0002329349517822,2.0002329349517822
750cf428f4f94ee2c4142320505b57e2,4,3,1.0723581314086914,1.0723581314086914
7569c687588682f6eb814d95ef223ceb,4,5,3.944770336151123,3.944770336151123
75b17665772a71684a7b7855ea212a30,4,1,2.4197564125061035,2.4197564125061035
75c9a85b2ccc5d3739e3853b07e8e740,4,5,3.03273344039917,3.03273344039917
75cf9bec1ba79a53d29d9d81762e1817,4,0,-0.2116139978170395,-0.2116139978170395
75e041fb7c1d1188888c2010c856095b,4,3,4.540799140930176,4.540799140930176
760f8945b00dc239d46a48bc34909eb6,4,4,4.010637283325195,4.010637283325195
761c220aa5e231d8b570d0a7d10f2517,4,0,0.20011259615421295,0.20011259615421295
764bdd14f26588403269fab48b4c0ad8,4,1,1.2514389753341675,1.2514389753341675
767cafac7ddffdb276f3f31b61c1b7ea,4,0,0.7029398679733276,0.7029398679733276
76b31e161abf5aa20c824461927dded0,4,4,4.274270534515381,4.274270534515381
76b3c174b4d6c34bf2ce7322d0a5de37,4,1,0.5530230402946472,0.5530230402946472
76cec2f8a10d68dced78797110cdde8f,4,0,0.27757781744003296,0.27757781744003296
7703b3e46277d191b3ca412f2d2f3369,4,1,0.7462618350982666,0.7462618350982666
7732735eaffbc56feead4e9d2e4663f2,4,1,1.22610342502594,1.22610342502594
777e89beb78fc98db5806423fe7f7254,4,5,5.024233818054199,5.024233818054199
7790f122a65e43cbf84165a610eefcfd,4,2,2.201580762863159,2.201580762863159
77d849c7c5d20f1e604e304a8dd676ce,4,2,2.100571870803833,2.100571870803833
77db80dce3763d46aacb3e82c59bc325,4,0,1.1695013046264648,1.1695013046264648
77de0e765d8729e7386589f21961279f,4,5,4.739917278289795,4.739917278289795
781406b2bb43d49316a967d4dad3fbb4,4,1,0.40321993827819824,0.40321993827819824
784c60e4447c017aaa12f2013352b92b,4,4,0.7570905089378357,0.7570905089378357
785b6f565b34da9587a5fc441edbd49b,4,0,1.533774733543396,1.533774733543396
787b336dec5e8a7dd9d993a9b23b773c,4,1,1.7256656885147095,1.7256656885147095
78a5e50e3af575d941eb26bebc3d2318,4,1,0.6870738863945007,0.6870738863945007
78a7071f862c2622d8375790ebe71c5d,4,2,3.6024112701416016,3.6024112701416016
78c7bad2262ae25179e8cd6633648487,4,0,0.2942873239517212,0.2942873239517212
78d0d8888cb53a305dd5931d7cdb84eb,4,0,0.34508562088012695,0.34508562088012695
78e46173ed26ae262dc182236d017937,4,0,0.4039955139160156,0.4039955139160156
78f76ff1752f95a19bcc86e28c89b70d,4,1,0.6972035765647888,0.6972035765647888
790101ed8e85c73aee6d25529a583dc9,4,1,0.9002135396003723,0.9002135396003723
7907a6d9eb98127ed4906b37b5f52c7b,4,1,0.3720635771751404,0.3720635771751404
79212be3df3e81973f9e0365920f2282,4,1,1.0841479301452637,1.0841479301452637
794ae0323bf83d25bc4494ffdb1a8a45,4,0,0.7439733147621155,0.7439733147621155
79605f6c2dcd76ceee9a3ab3c3b7dc4b,4,4,2.5093235969543457,2.5093235969543457
79690b9bb5b5c21b9884b3264bcd6ce8,4,4,3.7211742401123047,3.7211742401123047
798bad8db4b90b6a0c012465a8fbc344,4,4,4.128973960876465,4.128973960876465
799e5493454e8e8e4f75d383846625b0,4,1,2.0849199295043945,2.0849199295043945
79c1bcc4eda4d24d26faa9154123774e,4,0,0.2847217321395874,0.2847217321395874
79c4f98b053a943b41bdc8d47ead9013,4,4,3.86582612991333,3.86582612991333
7a0a36bc6119e3d78474e6c8ca875725,4,0,1.490407943725586,1.490407943725586
7ac43767d5c17c9700f95785ad1cd3d3,4,1,0.6303297281265259,0.6303297281265259
7acd16338dbb2d1fa02cd6f3b80436a3,4,2,1.636417031288147,1.636417031288147
7adc6f83ec8eefb4e94c79ad70ca76a4,4,0,0.3825657367706299,0.3825657367706299
7ae412eda1a4203bb31484fdcdf0864d,4,4,3.9879817962646484,3.9879817962646484
7aecfafc3f7197a290d62660924583a8,4,5,2.3417930603027344,2.3417930603027344
7b22fd3e61cb1d3649fa02db994ab146,4,1,1.2643170356750488,1.2643170356750488
7b40ef986a69cbdac10544f133832cf4,4,0,0.7013369202613831,0.7013369202613831
7b576fbb0da9890869714dadff5226df,4,1,2.1805214881896973,2.1805214881896973
7b87b209b60e844a1b74a6e92edaa89b,4,0,0.3801225423812866,0.3801225423812866
7b917641f2ce238b8ea819f9b0497d3c,4,4,3.5987486839294434,3.5987486839294434
7ba42fc0e9dcca31759ee7d0799a943e,4,1,1.1668994426727295,1.1668994426727295
7bb1820c1aa24e37399fdf647a1ed64a,4,1,1.410393476486206,1.410393476486206
7bd46f8d2cc1f459bd176828df350655,4,4,3.9560132026672363,3.9560132026672363
7c03cedfde9bdd397d67c010fe7e61e2,4,4,3.151074171066284,3.151074171066284
7c064b4fa48467ba6c1ff3b8a6c28bac,4,4,3.095912218093872,3.095912218093872
7c1c9f803f1d53bd81082a633b794093,4,1,0.5506031513214111,0.5506031513214111
7c2193a1c4e1fc13d15f3e8aca036274,4,5,2.803025245666504,2.803025245666504
7c75a0ddf67f2cca476d51ec8b95d60f,4,1,0.8515708446502686,0.8515708446502686
7c79546e808a9c6ae95c15bfe3b4b590,4,2,3.042607545852661,3.042607545852661
7c846f20f6dadd1b95311d19e120f438,4,0,4.608473777770996,4.608473777770996
7c90a7a9ea4b644c26fa03ffd564676c,4,4,4.024861812591553,4.024861812591553
7c9f666901629ca31c8dad289aa18211,4,4,2.4178147315979004,2.4178147315979004
7ce89ef98466c65ca9804cd7ef248afc,4,5,4.627640724182129,4.627640724182129
7d237dfb2b906349ba5d437a383b869b,4,1,0.35805392265319824,0.35805392265319824
7d579241dab0290d2f36f36ef460a5fb,4,3,1.7862987518310547,1.7862987518310547
7d581d0082d6ee0a32165b0f8fe216d8,4,0,0.2312275618314743,0.2312275618314743
7d61619d2dfb5efc0f22a4d48775698d,4,0,0.05002455413341522,0.05002455413341522
7d7bc454fd3133539074f065037ef04d,4,0,0.2663208842277527,0.2663208842277527
7d86f8993e77d4f99ed19b2965d5067d,4,2,1.5414777994155884,1.5414777994155884
7de19911779711a8dd86be6f3e888910,4,0,0.21515369415283203,0.21515369415283203
7de918b1fabd1ad9594666ebd8fd0652,4,1,1.2841991186141968,1.2841991186141968
7e07f7ac834250b4bc18be2a5a0c4bca,4,1,1.0763431787490845,1.0763431787490845
7e1474b005f731b6948e86fddcee7541,4,0,-0.10487166047096252,-0.10487166047096252
7e20141d92f88166015e47b537178a33,4,0,0.1809694617986679,0.1809694617986679
7e424dff3f544c36ace6d9219aea34ef,4,0,0.35473018884658813,0.35473018884658813
7e77e55ae8c546ed11cf6ffd04dda106,4,5,4.757015228271484,4.757015228271484
7e81ad62302e6eabe1230d2d9d604881,4,1,0.9790037870407104,0.9790037870407104
7ea5dd01892d17a7c49acba9f627b271,4,0,1.614130973815918,1.614130973815918
7eb79f3619425b7b26f3acb5de6c3fda,4,2,2.510603427886963,2.510603427886963
7ec4b5a5d165debf9e06aba787d1ab7a,4,3,3.210766315460205,3.210766315460205
7f032b79af6d35aa1b943ef60c83edfa,4,0,0.3063085079193115,0.3063085079193115
7f2957d2c7e3d8aaa8a74f8191b22a33,4,0,0.5930935144424438,0.5930935144424438
7f46d3906c54e47d26aa7d3114b36a9d,4,5,4.087157249450684,4.087157249450684
7f67cf96a4d9f32131fee1d436ecacc0,4,4,2.3475852012634277,2.3475852012634277
7f68f25905c0dea4a017fb78e1c61b21,4,0,0.2762359380722046,0.2762359380722046
7fa9e5162e347814fdf3596f3ebcedd8,4,0,1.2122842073440552,1.2122842073440552
7ff53392c1d6293b7f90e4dc139977c0,4,1,0.6937187314033508,0.6937187314033508
80037713c44260079fb5ffb8474aa9e2,4,2,2.0777649879455566,2.0777649879455566
8022e1100531e89ce625f6556730c162,4,4,4.151828765869141,4.151828765869141
80922d8d5c237f957f5ac4411943758e,4,1,1.088803768157959,1.088803768157959
80c45d3afb5da26d7501c2520aa6fe67,4,1,0.8130670785903931,0.8130670785903931
80e3e86105889bdd720cc50a512cef2f,4,0,0.3312256336212158,0.3312256336212158
80f7cfb8ff20d9aa8eebcd541d0d5fd4,4,4,3.56911039352417,3.56911039352417
80fb86c27e472624d2f8f5a457da0aa8,4,0,0.8563686013221741,0.8563686013221741
813691e100f1c3df95efc0113bf36e48,4,0,1.357459545135498,1.357459545135498
814ed5e5aa4508f47b91cd9397d2105a,4,0,0.36044472455978394,0.36044472455978394
815f7c4e93ad872cb7b7281bb98625a1,4,3,1.3748064041137695,1.3748064041137695
81750e90bca04910ea17513321e4a204,4,1,1.344660758972168,1.344660758972168
8175be020f3cf362e1cf5b797bd7a429,4,2,1.5559157133102417,1.5559157133102417
8179b356509349b2d8ecae80e6a4a826,4,1,1.1879123449325562,1.1879123449325562
817f50aeb6a38d67af64aec57dd3f75a,4,2,0.3102441430091858,0.3102441430091858
819a2641f5c1875c592362daa59bc041,4,0,1.7134120464324951,1.7134120464324951
81adb00db7e7b3034900a1f95a4dc257,4,1,1.304666519165039,1.304666519165039
81cdd8883ff6f9a18e75f2085db633be,4,1,3.2949395179748535,3.2949395179748535
81d80ab1d978f1669977d2185e798d56,4,5,4.504800796508789,4.504800796508789
8232ec43fe448f679d7f6e959ae51dfa,4,1,0.5845493674278259,0.5845493674278259
8236be723e0508ca90e57849b2004311,4,0,0.19231221079826355,0.19231221079826355
825c6002ff3ab0e041ebd7025ba41b4f,4,0,0.34419113397598267,0.34419113397598267
8271c1f76156a5ba7e5f4f84155dffff,4,5,1.5054636001586914,1.5054636001586914
82d54116781696f12d1b9cebbc4598b0,4,2,0.3152519464492798,0.3152519464492798
82f560e8944948e59ac8cfc656938778,4,1,0.45077574253082275,0.45077574253082275
833399dabdc938cb8b0bc8321c8a0b47,4,2,0.4361766576766968,0.4361766576766968
83661e7cf8613383d40115b08568fef6,4,0,-0.06416194885969162,-0.06416194885969162
83a54cb1fd656a3cdbd7ac9ffbba9d06,4,3,1.5401043891906738,1.5401043891906738
83b8997aa1ebef2e386f3daf89226538,4,2,3.0328221321105957,3.0328221321105957
83f3b246bdbd51ed830877c3991bf7ca,4,2,0.9123969078063965,0.9123969078063965
83f94c8caeae1de1d931051fd1dec5c6,4,1,1.9955592155456543,1.9955592155456543
840285977e44c0eb0fee56caab3da73c,4,0,1.1785495281219482,1.1785495281219482
841cda49712806a307dc8fae931c2732,4,1,0.4615495800971985,0.4615495800971985
84203c95bda68f3cd20f5f3bb065d2c1,4,2,1.0426881313323975,1.0426881313323975
842f019a8604e0323ab1a9fe53814f54,4,2,0.3201979398727417,0.3201979398727417
8450fcd867e21d490005f712b1986960,4,1,0.5696097016334534,0.5696097016334534
845f93031768557ad5c0948bf08d043b,4,1,1.0685005187988281,1.0685005187988281
846ffdd927cf1a58e0c5a2507e83d85f,4,2,2.428818702697754,2.428818702697754
84788a5d87253ff74149afcce0a4edb3,4,3,3.9751739501953125,3.9751739501953125
84ab35dab9c19149b6e2977d9e7dad71,4,0,0.2922441363334656,0.2922441363334656
84def2e319d3289cb0bda6a3d252ec55,4,2,3.3485946655273438,3.3485946655273438
84f098dc3c4bbd751d9f5e66098bbeca,4,3,3.1405246257781982,3.1405246257781982
8504a3bbeddc6147fe6b69c68100e3d3,4,5,1.4265408515930176,1.4265408515930176
853e7057e300ea0576ed8fcfc3d23897,4,0,0.45313555002212524,0.45313555002212524
855256cd7062aaf319512b1648249481,4,4,4.580064296722412,4.580064296722412
85537a74e1872569f03e0fed5e8fb9eb,4,2,1.491707682609558,1.491707682609558
8647686bb5a90fd797ab8ca2b9e40e1c,4,1,1.9938783645629883,1.9938783645629883
8649dd890dd9e3b689564efb505397a8,4,0,0.6760894656181335,0.6760894656181335
8654f1e5bde97ee6dbb0c890aa9f10b3,4,3,2.0985796451568604,2.0985796451568604
865f64d013137396b5cfc7bb3888a56e,4,1,2.132338762283325,2.132338762283325
8690e050e07c2c2aa86f442125b3424f,4,5,3.0675394535064697,3.0675394535064697
8692eb523165283411d0ceef96c42592,4,3,4.0205793380737305,4.0205793380737305
86affd43ac0b016e71332fed824b9108,4,0,0.6154198050498962,0.6154198050498962
86c1e0a1ff57b2fcf24955c8ec925f1c,4,4,4.177186012268066,4.177186012268066
86c36106feb06bb5867255e46c7a73bb,4,1,1.617254376411438,1.617254376411438
86ceb5f49a8c7f81b12ee87934f0a25d,4,5,4.633730888366699,4.633730888366699
86d4621be3deca4f8d461e3abce7d585,4,4,4.0238800048828125,4.0238800048828125
86f0a558cecdc39f6ace44364795f747,4,0,-0.020535700023174286,-0.020535700023174286
86fad088e10612415bb805aa7d53e387,4,0,0.6305302977561951,0.6305302977561951
86ff52ec50c7e0b2b3549e9bb1524770,4,4,0.6332753300666809,0.6332753300666809
87099c2824149296269d9a9598f68af6,4,5,4.438488006591797,4.438488006591797
875a9828eae84e015c5ed0e2fdd76b8e,4,0,1.4147427082061768,1.4147427082061768
87667e72b7fa0491a09fc9555894bfbe,4,0,1.242692232131958,1.242692232131958
87668b74a71c46e1794107bb5f32d44d,4,5,4.756300926208496,4.756300926208496
878e0b1bbfa299387e3afed9d7c372bf,4,5,4.69992208480835,4.69992208480835
8794d36a3038f4537f7d261d3af4eebd,4,5,4.737912178039551,4.737912178039551
87cce4cbe31864141051ce2018ed29df,4,4,4.275150299072266,4.275150299072266
87ead124230cbf0aa13bcfb238b7dcb6,4,3,1.750748872756958,1.750748872756958
87ebd3322722faa0adfc6a3efb9e9bbb,4,3,1.2336065769195557,1.2336065769195557
87f37025744c522347f79521cd465f7b,4,0,0.578738272190094,0.578738272190094
87fab5372e284fdfb9c1e7cd659f7779,4,0,1.100162148475647,1.100162148475647
87fe5740deb9d4ef755cc157ff710cef,4,0,0.5599165558815002,0.5599165558815002
883690557c692e6af48677011c657dfc,4,1,1.2282487154006958,1.2282487154006958
8845e2a5497b43f86bb2ff4b8a0abd97,4,3,3.235973834991455,3.235973834991455
88591e92de81634c6b9870259b25d59c,4,0,2.1217987537384033,2.1217987537384033
88bde4c99e9dff4e732dd21be1bb939b,4,2,2.434722661972046,2.434722661972046
88e65e1d716893e6efdbd2464b3686fa,4,5,4.590270042419434,4.590270042419434
88e8c1a2565db8751c65187bad6e3bf4,4,1,2.6116034984588623,2.6116034984588623
88ecc79a10ff8a1f201b73b3e82a4648,4,1,2.059901475906372,2.059901475906372
89159e7316ccc0d364591c421a5c7e56,4,1,1.0920820236206055,1.0920820236206055
89572c5f93eb8b635a350d9fafa2044f,4,1,2.381845712661743,2.381845712661743
898611b9150c6ea8e3c491f337ee203b,4,3,1.3222362995147705,1.3222362995147705
89912d7c7ffbad7504be4a75676fa4c2,4,0,1.198046326637268,1.198046326637268
89b62c165838d36fd294a57624db8e4f,4,3,2.361262559890747,2.361262559890747
89d9673df0dede5b57c52f98b43c1f9e,4,4,3.6391148567199707,3.6391148567199707
89fbdb6764c16e5901842b67da4b34c1,4,0,0.3168659806251526,0.3168659806251526
89fdb14bb802adbc860aa258fa4f27cf,4,1,2.2393851280212402,2.2393851280212402
8a308bfd3df0d8bda517873600971a84,4,4,1.3254389762878418,1.3254389762878418
8a31a42bb904f022190f57733ccef19c,4,5,4.233302116394043,4.233302116394043
8a3232e8b3b2512f2f6cba0a265d175e,4,3,4.591006278991699,4.591006278991699
8a327e4efafb98dee0f93c40e64d761e,4,2,2.0755815505981445,2.0755815505981445
8a3ef3903640c6ab01f5890ccb0445ed,4,0,0.2991753816604614,0.2991753816604614
8a539748fa4ea8902c3471f43911b7dd,4,5,3.089622735977173,3.089622735977173
8a766e821b28f9c9a09125370180c5e5,4,4,0.6548644304275513,0.6548644304275513
8a992900f5746791539bbaa8a7b15464,4,1,1.9394762516021729,1.9394762516021729
8a9c7481252c73a7ccc06d8fab828bc6,4,5,3.286381244659424,3.286381244659424
8adde008fe7f97d5bf11b602b89a6377,4,2,2.958937644958496,2.958937644958496
8af0aedd384b877915768fd8e39374f0,4,2,0.6823521256446838,0.6823521256446838
8af54c71033c8019017490db924dab70,4,4,0.7701383829116821,0.7701383829116821
8b11184f09d4d571d4f1ead51051f09c,4,5,4.3414411544799805,4.3414411544799805
8b175b733c6b5a19f107d7cd9cdd1b06,4,4,3.539207935333252,3.539207935333252
8b2680234d9dd4ddcf5ba243d96a8a2c,4,1,1.0926311016082764,1.0926311016082764
8b63ec7d6571ecf9d1e9cb48fab4bb74,4,2,1.2792346477508545,1.2792346477508545
8b6bc283a0d345aaab935989639523eb,4,0,-0.1256735771894455,-0.1256735771894455
8b90a3312d9fc702a9ec8236e23065c7,4,2,2.7030158042907715,2.7030158042907715
8bdc3910c484c12ed3b0752ab704d539,4,1,3.0539534091949463,3.0539534091949463
8bf80024b1a7f12ce52136af81a930df,4,3,2.7413926124572754,2.7413926124572754
8c2a787d5962f32f6a0356b298c6b9d8,4,1,2.955446720123291,2.955446720123291
8c357871e57c5c60277230412f2d9028,4,4,2.1723434925079346,2.1723434925079346
8c8089988706688445a7a3ebb90c8e0a,4,1,3.1537342071533203,3.1537342071533203
8cbc1d87857d1bc3eac98e09b7e10a3d,4,3,2.923135757446289,2.923135757446289
8cc1c091533e03551a86a72173640d9c,4,1,1.2748301029205322,1.2748301029205322
8cc5179031ebbf5704f2cc33476dd5be,4,2,0.3199072480201721,0.3199072480201721
8cd313b5545fa75f9a7dd0273e17c568,4,5,2.1771225929260254,2.1771225929260254
8cdb32e9279d50b6b26cd8eadd29d19f,4,3,0.9770857095718384,0.9770857095718384
8cee5821fbe1d9167183271a8c6ae83a,4,2,1.8986945152282715,1.8986945152282715
8d042c218851d6c8385cb5f1e321ced6,4,3,3.584418296813965,3.584418296813965
8d24346bac57fef32f520a6d5c282032,4,3,2.1677961349487305,2.1677961349487305
8dc0d30245d16902077f9d5da16f1475,4,2,1.4961442947387695,1.4961442947387695
8df43ebd07c7eb0eeac8346283dcb5f7,4,3,1.9109041690826416,1.9109041690826416
8e18a003593e835063a89a8709df3979,4,1,1.9053494930267334,1.9053494930267334
8e244ea370ffdb16c4d50bd271c538a8,4,5,4.550739288330078,4.550739288330078
8e25584bd03155d24a2adc00517a38e8,4,1,0.460468590259552,0.460468590259552
8e45b3d90a0b2ff168f2851d2b0efad7,4,5,5.209259033203125,5.209259033203125
8e7fc648a8693bc9ff0f8679220196f5,4,0,0.32982563972473145,0.32982563972473145
8e8607e7d0a40548501bbb0c8f4ca697,4,3,4.438080310821533,4.438080310821533
8ed0759dc9f237217ed150c21d9afeac,4,2,3.2945396900177,3.2945396900177
8ed8da75b8a46d9e025378993e4dc41e,4,3,4.53957986831665,4.53957986831665
8ef59d7cb53bf92b5c589f7377edb0d7,4,2,1.7680246829986572,1.7680246829986572
8ef6bc4f6251b850e1b47f926d50968a,4,0,4.573498725891113,4.573498725891113
8f16faec966db9516e180adfcb7720d3,4,2,1.0614545345306396,1.0614545345306396
8f18d0ffda3fb439d6ad4473d575409d,4,2,1.6828031539916992,1.6828031539916992
8fb9c792bb2152a5f3e2c60728be9af3,4,2,3.6554956436157227,3.6554956436157227
8fcd382bc295b5af64cd8706d219de89,4,1,1.2340776920318604,1.2340776920318604
90169c13e631f83d6c2d9263be03aca3,4,1,0.377533495426178,0.377533495426178
901a4d6d3cdfc23bf94bc1cb3e03fbc5,4,5,4.318700790405273,4.318700790405273
901d2acd51382d7568fd83389f704888,4,5,3.4684720039367676,3.4684720039367676
903c88d5dc12315b4f6e9d6ad6b82537,4,1,3.8517398834228516,3.8517398834228516
90425f972de4b100dcb1a773f29a7907,4,0,0.02561401017010212,0.02561401017010212
9079ffff621fc4e738b65b66587bfa47,4,5,3.11918568611145,3.11918568611145
907fa28d598b4f24dd06a41956e97f43,4,1,2.465670347213745,2.465670347213745
908f1b399873681da17cd24b94c85714,4,1,1.719544768333435,1.719544768333435
9098b613c1e7dc1e50790bbdaafd4828,4,3,2.480393648147583,2.480393648147583
90ca0914d80d3877bb710d95ab9de2be,4,2,1.420360803604126,1.420360803604126
90fed309bf399bb521519199a45f09b4,4,0,0.6660125851631165,0.6660125851631165
913a2707c4014d58fc950f0bcad251e2,4,4,4.474468231201172,4.474468231201172
9148ac834e0fda9d90c7cdb797c444b7,4,0,0.5700080990791321,0.5700080990791321
914d7647a5387102dc4dba393cd092d9,4,0,0.39802610874176025,0.39802610874176025
9154ff6a2f46f6ff98c6b62f90b63081,4,0,1.1849489212036133,1.1849489212036133
917a41204bed06f0a0313e6bbe0e2743,4,3,0.6218098998069763,0.6218098998069763
917bea3ff0173996f94b1adca79213e0,4,2,4.315888404846191,4.315888404846191
917cd45a69cff65efa37f3946d4bb13a,4,1,0.28690552711486816,0.28690552711486816
9188974a29e847d6eb44f3db923ce08d,4,3,0.9748741984367371,0.9748741984367371
91939627c20f2e47fa4be433363bfd6d,4,1,1.74391770362854,1.74391770362854
91dd982fbff7aa72802fbd7391cd2eff,4,0,0.8328912258148193,0.8328912258148193
91e740d5dd2c702b30f0c6c4300512a4,4,0,0.8517077565193176,0.8517077565193176
91f209de31040146c9a61a8c7804bd34,4,3,0.663273811340332,0.663273811340332
921e586c2b5c9ac5b164f2229f7ea9f6,4,2,2.9899661540985107,2.9899661540985107
9264516b76300c3bc495b34d0c011536,4,1,1.619165301322937,1.619165301322937
927c2a546b259db4cf43652d7894db61,4,0,0.3492612838745117,0.3492612838745117
92a7e5f4fc41047d3f826cc90660c7a1,4,1,1.0773265361785889,1.0773265361785889
92a9e09edd02a9f50ea0bc8e97ab96f5,4,1,0.9431208372116089,0.9431208372116089
92be9733e09cf578c9fdd89edacff5c9,4,2,1.3389583826065063,1.3389583826065063
92d2d3c1efe901481be93f2f1b4cc2df,4,3,2.483549118041992,2.483549118041992
92d5a8e66feaffb190bdf88ea20cff2d,4,2,1.5247173309326172,1.5247173309326172
92d641eafe819ad90148027f5da9afd3,4,4,1.6964526176452637,1.6964526176452637
93118746dd91a114db2b4f2d59d43b74,4,1,3.0000836849212646,3.0000836849212646
9328dc3ac0b65b4f932053dcafde0e33,4,0,0.20006805658340454,0.20006805658340454
932c710132acaf350cbc949b53417207,4,0,0.14173302054405212,0.14173302054405212
937d1baa30563087075199d0756f980d,4,0,-0.03236718103289604,-0.03236718103289604
93b3300fd244ac326a9f11a6a47ed016,4,0,0.4390682578086853,0.4390682578086853
93c9f7f98f8ecda60b56a601eccc5acc,4,4,3.2005841732025146,3.2005841732025146
93cb817e07cba6f15d4dffcf8344316a,4,1,0.9313766360282898,0.9313766360282898
93e2ce38e743146a128afb9ff3a61383,4,0,4.437148094177246,4.437148094177246
9403cc77efc7d9414204d12e31dadac1,4,2,2.768697738647461,2.768697738647461
940522873f9f42a4ded21600ca1311bb,4,1,0.35081011056900024,0.35081011056900024
9459f98d4b344c82d5c9b45a7af81b53,4,0,0.6414702534675598,0.6414702534675598
948e99d0e90585562815a1b73b96c5dd,4,1,0.9724525809288025,0.9724525809288025
949b9f749f20ec960b36bd2fe50ac056,4,2,3.8687517642974854,3.8687517642974854
94dac5d69f50a3d9966c1a5ac2ebc6df,4,2,0.9654257297515869,0.9654257297515869
94f40cc47de223f60b575e508378ca9f,4,4,2.2330052852630615,2.2330052852630615
94f7caa8da3e5c1d5507ddde7b6d6c24,4,5,4.826829433441162,4.826829433441162
9503ee570d925c0588b90264187fa18a,4,0,1.3283265829086304,1.3283265829086304
950719887cff5ded2cd4a8b4b1f76efb,4,4,5.073312759399414,5.073312759399414
953af5d0a03f8b2ef4c1d948ae48c368,4,1,0.17964597046375275,0.17964597046375275
957cf20a917829002fc55aeecaef794c,4,2,2.4318628311157227,2.4318628311157227
9591a44ee456707bdc1def93f0007c35,4,3,3.559614658355713,3.559614658355713
95a85a81c83b5998c80585869737df0b,4,4,4.161961078643799,4.161961078643799
95c2d3c62a1958314c31967600e736ee,4,0,0.3633766770362854,0.3633766770362854
95c518378ccd428a5e674c3c668e9f2e,4,3,4.29189395904541,4.29189395904541
95ce176e7ef187cd2c11c424802156f0,4,5,2.8396477699279785,2.8396477699279785
95cef4ca534e7e446accec285266416c,4,2,1.7747254371643066,1.7747254371643066
95e9c34837f160db3ba8e0eddc5c2e80,4,0,0.13204528391361237,0.13204528391361237
9665b32251dfc1c438787d36e8b66dd0,4,4,3.303617477416992,3.303617477416992
9676a10811c1fb71f39ce325e330cd06,4,5,4.286285400390625,4.286285400390625
9687ac6e7ad6d4062635df2f0cd6d9de,4,5,4.357069492340088,4.357069492340088
96d899632a66fc8acc41e89ad288f00b,4,5,3.085024833679199,3.085024833679199
96fe9eb038ba77992ff6fd1b16ae9427,4,5,3.7458925247192383,3.7458925247192383
971c7809d61b9389ac9359b72b95c1d6,4,1,1.8540551662445068,1.8540551662445068
9772703b74227547ad49265a1f70b9c5,4,2,1.9969266653060913,1.9969266653060913
978a3eebafdf4a2871e65456196e9947,4,5,2.3638501167297363,2.3638501167297363
9793c3c2317f38143d21a5187bb35652,4,2,2.4623026847839355,2.4623026847839355
979f42afe022114e140788f39ff17ed4,4,1,0.5926522612571716,0.5926522612571716
97a08708adfb345f406e85397b0e05e3,4,2,1.6397569179534912,1.6397569179534912
97aaa73a09ce1e283b9291c002200806,4,0,0.32367074489593506,0.32367074489593506
97bed3de5c372f3dc9ba818cd5e97369,4,0,0.31777113676071167,0.31777113676071167
97e55431d1082822b2aee62193b952ed,4,0,0.2144918292760849,0.2144918292760849
9800153dd8ccd37fc5453f60e6c77a78,4,5,4.692776203155518,4.692776203155518
9809fc0befb899cfc165fb56479d0362,4,2,1.7455132007598877,1.7455132007598877
983631022096bc36a1a690d72db6b1d3,4,3,3.542036533355713,3.542036533355713
9852092e24db80fb70f6fb0b4b8b9cbc,4,1,0.43894392251968384,0.43894392251968384
98744dbf48a8428f1cada3cd7782ac92,4,3,2.3267884254455566,2.3267884254455566
9881c5b73dfca7ca25f3a54478ef9570,4,1,0.9556118845939636,0.9556118845939636
988c9deb4dc9996464fbccb6976dad1c,4,5,3.154085636138916,3.154085636138916
98b21ebe0f82df97ce203d54227d5744,4,0,0.6242969036102295,0.6242969036102295
98b3643c066287fc7f2418dfb7317dba,4,1,-0.10660092532634735,-0.10660092532634735
98d5e89fe5183a7ff7712556cdd2d633,4,1,1.1854686737060547,1.1854686737060547
98e64fe16f136205ade444bb3cdfaea8,4,5,0.6199781894683838,0.6199781894683838
99052931c444660b3edeeb5e9279a4d3,4,0,1.3617804050445557,1.3617804050445557
992494d03126bd7ffb678ab8f685a854,4,0,1.2051361799240112,1.2051361799240112
99a799d89d57d1dd0b40728a6b7796ee,4,4,3.999335765838623,3.999335765838623
99b76caa997ed99703923c07cc44a7bf,4,0,0.10597921162843704,0.10597921162843704
9a3ad5844e796a97e725de8fa7518144,4,2,1.0150556564331055,1.0150556564331055
9aa47821e79af6bbacc6ee49f915156c,4,1,0.1681428998708725,0.1681428998708725
9aaa737a20544b0e1a40fba9b57d43ca,4,1,1.2717076539993286,1.2717076539993286
9b016e7ba314b837ad19c74d74f87b07,4,2,0.9445015788078308,0.9445015788078308
9b19a8b453e20a9b9e27385cb4f65056,4,4,4.202724456787109,4.202724456787109
9b24d12545a72daf963173a390f5bf72,4,5,3.4951019287109375,3.4951019287109375
9b3a864a74ef57cc85f9b7fdbfc8ca45,4,1,0.8602142930030823,0.8602142930030823
9b8895fcc7325a09cc4ff4653fbb48f9,4,2,0.468522846698761,0.468522846698761
9badca58cd4dbe1ba757e725456753d0,4,3,1.557474136352539,1.557474136352539
9bc5cd695f30b6f98e65dc356cf6c656,4,3,3.4505081176757812,3.4505081176757812
9bd1adceec12ca2802bfe40bb2240e40,4,1,0.6341559886932373,0.6341559886932373
9bd22fd158fa3999466350e7e5784d6d,4,3,2.3110315799713135,2.3110315799713135
9c03a2d8fbaca4009d887539b1bab17f,4,1,1.1976003646850586,1.1976003646850586
9c04e2858149df8ba60cf7560ef9d50c,4,1,1.0883674621582031,1.0883674621582031
9c15a8e386889addca20f94d2c8f40dc,4,2,2.291638135910034,2.291638135910034
9c37ba42f856303b343aa8b26989cdcb,4,2,1.0094228982925415,1.0094228982925415
9c5e3c81373fb5b89448fb66e733802e,4,5,2.452208995819092,2.452208995819092
9c727eef2a083d28455c5541464d9176,4,0,0.3882923722267151,0.3882923722267151
9c7f6cc990be56bbbfbaf17e4b52a24b,4,0,0.21231022477149963,0.21231022477149963
9c9a1315dee1ffce88d48728455c1199,4,5,4.690047740936279,4.690047740936279
9cc7337bc135bcbcd03ed631dbbffe62,4,5,2.680389404296875,2.680389404296875
9cc90be7db3d19f91f43a903142d5bfb,4,3,2.6636815071105957,2.6636815071105957
9cf389313859e869bbf864ae518e5e8d,4,2,2.8141722679138184,2.8141722679138184
9cfbcf4358d7944ae29ee5bc4841e23b,4,1,1.8308532238006592,1.8308532238006592
9d14c42db92e5ba66f97630b55e1724f,4,3,1.9683506488800049,1.9683506488800049
9d2efe13ec9a77cb295d3098f869ad20,4,4,4.483449459075928,4.483449459075928
9d631d064fda13e2c2641d8ee30d9a2b,4,1,0.9369848370552063,0.9369848370552063
9d6c47919e951f12b90c5df731cc68bb,4,3,1.5401463508605957,1.5401463508605957
9d92d97c1e3f9c379cc65dcd59989f13,4,3,2.3187012672424316,2.3187012672424316
9d931784c507a8633fdc623cc916d8d3,4,0,0.1383737474679947,0.1383737474679947
9dea308c78fb0bfa6c7b7631f15c4f72,4,1,1.3022218942642212,1.3022218942642212
9deef6de4a5c3c2be5b8325a36e59464,4,0,0.6468372941017151,0.6468372941017151
9df270613df3c7eb10ec71bfc1aebde3,4,3,4.393077850341797,4.393077850341797
9e104a2cb4673ca26e8bd8e9da71e895,4,2,1.8987953662872314,1.8987953662872314
9e25a72634b60efd066f96c715437686,4,1,0.7804254293441772,0.7804254293441772
9e3843c81ae2badfb22d9a46813d4470,4,0,0.2429472804069519,0.2429472804069519
9e3e3e78c43a9efd53e894e069ebe753,4,1,1.4815869331359863,1.4815869331359863
9e72c86ff601172cb3900d6d57c0ad6c,4,2,2.618149518966675,2.618149518966675
9e9213d0c9892f89ef7fc7f841e43205,4,0,0.4433528780937195,0.4433528780937195
9eb2363b7198715afa3afcc85bdd0ba2,4,1,2.1365044116973877,2.1365044116973877
9ecba0a5f5caa828df43867455405dd7,4,3,2.3652777671813965,2.3652777671813965
9f345a662a5f3f02ccf0c91e3d786c62,4,3,2.746706962585449,2.746706962585449
9f86bdd7edc5c5502d6f89386586c3dd,4,1,0.9110471606254578,0.9110471606254578
9f887e6311f6062c5741bfae853edb80,4,2,1.928415298461914,1.928415298461914
9f8dfe7b06ca41af4fa89f7deaf3b050,4,0,0.8822131752967834,0.8822131752967834
9f94f5b3ae0b2cf5b345a46ba1a32f1b,4,0,0.3019217848777771,0.3019217848777771
9fb84dd896f468b8bf464912b810d202,4,3,2.4441938400268555,2.4441938400268555
9fd437bdbce5a08de94d7b234079fd93,4,1,0.6406377553939819,0.6406377553939819
9ff198372543658a26236dc972164baa,4,1,0.7217610478401184,0.7217610478401184
9ffd64df055efd697a6974c5dc3eee9b,4,3,4.230729103088379,4.230729103088379
a01a079113eb9c126a407defe6571315,4,5,2.5397748947143555,2.5397748947143555
a0202572ab9a522f5854316de59a3076,4,0,0.4313589334487915,0.4313589334487915
a020b9ccf043e3cbacf294c64fa67d2f,4,1,0.8478766083717346,0.8478766083717346
a03027be345abd8c06874823f2cc2f95,4,1,0.602473795413971,0.602473795413971
a04d7b32a88c1d2f397b67ff083f5313,4,0,0.8496013283729553,0.8496013283729553
a04e7045f6c84f25498e256ebff77ac2,4,1,1.4673120975494385,1.4673120975494385
a07fe1aaac5b3147fa1450b39b05e5c9,4,2,2.041818857192993,2.041818857192993
a09f18e1b9cc5c4874d683b06dad9802,4,3,2.515779495239258,2.515779495239258
a0dfaf8d608aac9ef3de97f3758ab484,4,0,2.5367722511291504,2.5367722511291504
a0e3ae771cc087ecfd5251a95043f1f0,4,3,3.2978739738464355,3.2978739738464355
a0e96b69eb47e1d045721b5181596708,4,0,0.19077545404434204,0.19077545404434204
a1623edb50042b97567bc9662436c264,4,3,3.063650369644165,3.063650369644165
a1867f63370ccdb636e2ec006b5f0a6a,4,0,0.29226356744766235,0.29226356744766235
a1bd9874f482d6624b437a5c38f4c55a,4,1,3.240170955657959,3.240170955657959
a1e5671c0ba2db75e3a16f55e58b1e7d,4,3,3.237165927886963,3.237165927886963
a1f79e44db2ca88a3c1b330af1343d61,4,3,3.2984771728515625,3.2984771728515625
a20f24cf73a1dd0f448fd348ed32e53e,4,1,1.5037474632263184,1.5037474632263184
a213e4e689988738b8fb764e958ca497,4,0,0.19863909482955933,0.19863909482955933
a265cac37acf69f2cfeae8a184d0f510,4,0,-0.046587564051151276,-0.046587564051151276
a295d73e91c9f8d8d16a8c1a3469714a,4,4,1.5626945495605469,1.5626945495605469
a2b8cad572d92f6e24b69495e3b961a8,4,2,2.4232969284057617,2.4232969284057617
a2c484cd17f6001e7a0dae4f2f57039b,4,0,0.9396554827690125,0.9396554827690125
a2c5c5ae99d08d1397b05dc19a5b6338,4,1,2.200033187866211,2.200033187866211
a2dc114f81b3e3357364a679f764f1a9,4,1,0.2959757447242737,0.2959757447242737
a2fe40846d781b8b5e86e87da1955a8d,4,3,3.1722452640533447,3.1722452640533447
a3029b2de4339ddae99acfc46c29e11f,4,0,0.3460729122161865,0.3460729122161865
a32e09e8ff4f2b362d60fb71db87abfe,4,1,0.27681177854537964,0.27681177854537964
a338a8d26e5253dbe0fd5ee41aa528a5,4,0,0.5113289952278137,0.5113289952278137
a33ecad0b2f6e55034a170872ae7abed,4,3,3.932190418243408,3.932190418243408
a34c0d728771285a18dfb156259eb817,4,5,4.290174961090088,4.290174961090088
a3619255e4582f5d99537a251e668d35,4,0,0.47652292251586914,0.47652292251586914
a36452af1afcef236f75414233521c8e,4,1,1.4416667222976685,1.4416667222976685
a38edfd7f0ab8eb00995e7c1c3168b60,4,1,1.950475811958313,1.950475811958313
a3a4e7642114d0297711ac4ec5c70a04,4,0,0.2551838159561157,0.2551838159561157
a3f49b7a86a44a8d36947ed35d4dc755,4,1,0.34271979331970215,0.34271979331970215
a3fcf7e4e09f8910e49ecc061b5d8c17,4,0,0.6118239760398865,0.6118239760398865
a43ae1d4fbbb8606f3e38d2f21824b61,4,5,4.274351119995117,4.274351119995117
a45b686526ef8327fbd9e8b770984567,4,0,0.6229732632637024,0.6229732632637024
a45c077803194bf256f58964f457d5cb,4,3,2.0629401206970215,2.0629401206970215
a4759f06b88c45d2153555b988ac52a8,4,1,0.9075202345848083,0.9075202345848083
a4eca9510f704c55f2ac2cadd6bc2d6b,4,3,1.8457540273666382,1.8457540273666382
a576f47b644facaa1aa60db9c41d9db1,4,1,1.5078166723251343,1.5078166723251343
a593fab93f41311d8ca7225382c96cb6,4,2,1.9720265865325928,1.9720265865325928
a59a439b05a88a8ed3210054269c7bca,4,3,1.7692948579788208,1.7692948579788208
a5bf2186e2c5cfde1fad60a058d91364,4,1,0.9161286950111389,0.9161286950111389
a5e22243152d5cc871983364ae7b6e95,4,0,0.3497294783592224,0.3497294783592224
a5fafb0a3acf7f9e59d4a2549935798a,4,4,2.314359188079834,2.314359188079834
a6497dd3f1c7735036467c84b30748c4,4,1,1.3188917636871338,1.3188917636871338
a65bd71b4d413c0d11b8e39e792c11ea,4,5,3.6422181129455566,3.6422181129455566
a686274a69747305cbea99f22c4361d7,4,2,1.4463119506835938,1.4463119506835938
a6a07e971c280f5cee808a92a5b06e70,4,0,0.35117679834365845,0.35117679834365845
a6a9abc4a198371ee181b4f24c4d65ef,4,2,2.25144100189209,2.25144100189209
a6b9b962c775ca68437a86bec79e6879,4,1,1.3835887908935547,1.3835887908935547
a6dc33bb603930579b430c76162a7a4c,4,4,1.1410892009735107,1.1410892009735107
a716d9d2767072033e5a3a7a23c42fb5,4,4,1.5819435119628906,1.5819435119628906
a72d4017523d473110826da984945c60,4,4,3.337449550628662,3.337449550628662
a733239073e6baaceea3825537584b23,4,1,0.9874399304389954,0.9874399304389954
a737733c443a5aab85263c0a8ad94e2b,4,5,4.2130560874938965,4.2130560874938965
a74b7e612f31cff7ed905e3c92ae83d7,4,5,4.5240631103515625,4.5240631103515625
a74fcdf2a5734aed98ab883bab52604a,4,0,0.621645987033844,0.621645987033844
a778ef2839b7492090564d78367aaddb,4,1,0.9984295964241028,0.9984295964241028
a7af860641a927a5b59ffead7c595f1a,4,5,4.433108329772949,4.433108329772949
a7b66cd218d528810926c911e1218b56,4,4,3.0846424102783203,3.0846424102783203
a7ca49c094be4bd969166477d5631a90,4,5,4.410606384277344,4.410606384277344
a7eceb34129047ee2d36352e12e12fbc,4,4,4.122958183288574,4.122958183288574
a7f00efad38057d7c04273206366b682,4,3,1.4782894849777222,1.4782894849777222
a807e743ad2020d229347aede1882a8f,4,3,2.15187406539917,2.15187406539917
a81c58ea428c6c69d39e3555c2ace373,4,3,2.8665218353271484,2.8665218353271484
a82236cce5d5e4b0cc7eb4f2975d5cb3,4,0,0.233676478266716,0.233676478266716
a84367134d7d9ac7a9aaa9d61752dada,4,1,2.538398027420044,2.538398027420044
a88041b3adc88de08545e214311d3e17,4,1,0.4317185878753662,0.4317185878753662
a886fbc23aece507ae9663d9877fe7a1,4,1,1.3419440984725952,1.3419440984725952
a8d0c2d41b4652dd6c430556283c3805,4,1,0.2904950976371765,0.2904950976371765
a8d547b83d523669de401e539503ab03,4,4,4.254861831665039,4.254861831665039
a8d65bc90e175baee47ae5b445ba2476,4,4,0.41901957988739014,0.41901957988739014
a8efd93f48e458673c4069a36c757173,4,1,0.7100527882575989,0.7100527882575989
a92036b9e0cf700c508bbf54f21cb4a6,4,1,0.4972233772277832,0.4972233772277832
a932bf147bd42e718b1fd9d7d53ad15a,4,0,1.3682897090911865,1.3682897090911865
a9401a16f89aabfa1821aba90a64d3d6,4,0,0.22854125499725342,0.22854125499725342
a9534d1d06ad290d690bd88a164b9657,4,0,-0.06787360459566116,-0.06787360459566116
a95da88c722c175fc8bdfdd1959cf111,4,0,0.30583035945892334,0.30583035945892334
a9635e180394f1ed176bed3581cac969,4,0,0.7574687600135803,0.7574687600135803
aa143bbd830073e080e509ce3160d272,4,0,0.2600446939468384,0.2600446939468384
aa176f6d6e5674ccf6e19ef3aeb3e243,4,5,2.8863182067871094,2.8863182067871094
aa288e0ae818acf0dcd09b923c9a1abc,4,4,4.225802898406982,4.225802898406982
aa68bce6e7fd266e9839f591296166b0,4,4,3.4735422134399414,3.4735422134399414
aa7ce2c5b9e3fba65a6502469a9e7d32,4,5,2.490187883377075,2.490187883377075
aa8ee3fd85494e92cc6595f97d42dc6a,4,2,2.156773090362549,2.156773090362549
aa96214fca7ea520191a2263f0ee6ac0,4,2,1.6685693264007568,1.6685693264007568
aaad0b3cad311ccd5d82959e14491fdb,4,2,2.3022899627685547,2.3022899627685547
aac37f782ffceb519f664b2737b58a4d,4,0,0.4612470269203186,0.4612470269203186
aadec2bca06918c49a1ab743aaf09449,4,1,1.1299412250518799,1.1299412250518799
ab057a99ebf485362a78685f68ebb79a,4,2,1.7212421894073486,1.7212421894073486
ab3e9154e433b2ed1f7d75b12e5416fd,4,1,2.46787166595459,2.46787166595459
ab58a4a56d41cbe525cc50810dd2ce3a,4,5,4.343746185302734,4.343746185302734
ab60f4ef0811fd3b8a75d257189e4662,4,5,4.0840983390808105,4.0840983390808105
ab756d70045e2af65e394f378afa127f,4,0,0.8824797868728638,0.8824797868728638
ab8f0f3ec7c9365d0293365bf16f7862,4,2,0.9717652797698975,0.9717652797698975
ab95cfdb8cec294b669f0da558a359c6,4,1,1.6859184503555298,1.6859184503555298
ab9ee2948807a6ad7b71df6372c4d320,4,4,2.6907594203948975,2.6907594203948975
abb213da3051a8ef6e482b3882ad9d4b,4,0,0.7212454080581665,0.7212454080581665
abb4ad0009ce57bca8d400acff5d34a8,4,5,4.7782745361328125,4.7782745361328125
abefa7fbef36b2bcc0c67eebb672e820,4,3,1.6115655899047852,1.6115655899047852
abf805f154494f6b9fddf2b66c6e6c43,4,3,3.269713878631592,3.269713878631592
ac115e6c259bf4b3f6f3240c26c35eab,4,0,0.41174381971359253,0.41174381971359253
ac2980962fa337ca0527b396bc62cf07,4,3,2.0275521278381348,2.0275521278381348
ac5f07039fde0b6a831f08d207f9c26c,4,3,1.3982912302017212,1.3982912302017212
ac9194d5fe150505d176ca4b96b4be0b,4,3,0.8267618417739868,0.8267618417739868
acb7fc21fae5acfeb3eae17fbefa0e58,4,1,2.780888080596924,2.780888080596924
aceb8bd7daf96919fb9a126340671346,4,5,3.1164798736572266,3.1164798736572266
ad155660b0018e92984f4ea49e246731,4,0,1.1411062479019165,1.1411062479019165
ad1592d1b4b1f734e59a92f5ebef305b,4,4,4.245126724243164,4.245126724243164
ad51713ffd48bc5a84174b667be3232c,4,0,0.2852141857147217,0.2852141857147217
ad7215256adde5b4a70de73d561adbb8,4,4,4.185807228088379,4.185807228088379
ad7966354108cafde4ab6dfc2abcfcea,4,1,2.021711587905884,2.021711587905884
ad7d7f899e2dce2e90e1fa7d9d332c44,4,0,0.44778698682785034,0.44778698682785034
ada83813085876c62c8bf0481f1693cf,4,2,1.9544103145599365,1.9544103145599365
adae03ea908e72c0e179f10f8df094ef,4,1,1.5532265901565552,1.5532265901565552
adb6453b3935267a4d77a60fd75d807d,4,5,4.185361862182617,4.185361862182617
adc1461503a7cb916665eb37787c4c8b,4,0,0.5485676527023315,0.5485676527023315
ade269705aa33afafa0e6af6d20db6df,4,1,1.7590104341506958,1.7590104341506958
ae4ad154b75bebccec42417cb00bb08a,4,2,1.1697094440460205,1.1697094440460205
ae8e97b303db472c11259508d07274d4,4,5,3.553551197052002,3.553551197052002
ae8eb40dd6bdc9fbd6bb30d0e18828a6,4,2,1.5784261226654053,1.5784261226654053
ae8f2e2b28764a604d1acc4bd7c8feb7,4,0,1.4722137451171875,1.4722137451171875
aebc87eb11cb791694a9dedb44eda10b,4,4,2.0902957916259766,2.0902957916259766
aebe292567e0f8447fdc94994189a80a,4,0,0.8214181661605835,0.8214181661605835
aef725315551b4ac4e392c6a642bf9a9,4,0,0.18740998208522797,0.18740998208522797
af2abfe213d2236fbd6e51029a899eb0,4,1,1.1491914987564087,1.1491914987564087
af2e93677f85a4ff065cfd55c279793d,4,4,1.2060025930404663,1.2060025930404663
af3d444497d045a442cfe01a4269f47e,4,1,2.1500115394592285,2.1500115394592285
af53d055ff57061cd8553dfd8d0ee12e,4,0,0.5042820572853088,0.5042820572853088
af6cadce7e6b5850580eda992822d871,4,2,1.8491649627685547,1.8491649627685547
af6fbe10ab6b3bb50812e4c44b54438f,4,1,1.5969974994659424,1.5969974994659424
af7892dff8ad215ab59cbdb11cecbdf6,4,1,1.5247116088867188,1.5247116088867188
b00dac3a80f778f595eef444b51a1e07,4,2,2.52445912361145,2.52445912361145
b019b05800ed1a625e6bccb4a12dc6a6,4,0,0.33973610401153564,0.33973610401153564
b02d2e1a8b84a4e0786a8fbd2775d767,4,5,4.4322967529296875,4.4322967529296875
b0327dd5245060b4f79ab8a05e114b20,4,0,0.5015562772750854,0.5015562772750854
b03acf15d51eac8437639fc77ea84b9f,4,4,4.014522552490234,4.014522552490234
b04286f0122e84d441129b1cbc2fa809,4,0,0.09921032935380936,0.09921032935380936
b09440c2ca3386ff43f8ab0345a566a0,4,1,0.34276509284973145,0.34276509284973145
b0a7fcdfce03265799135eb10f249de7,4,0,0.29715800285339355,0.29715800285339355
b0c0c27f31e61e4baac76e71dd29287e,4,4,0.579046905040741,0.579046905040741
b0e4ac380ceb1b245dd4fe6052913919,4,3,2.1850435733795166,2.1850435733795166
b13de5e3add05a187e393d0eef314891,4,3,4.040276527404785,4.040276527404785
b1403f9f47c9544b0ee85dc0f319bc90,4,1,0.516257107257843,0.516257107257843
b162d746859235b3c48c02bdd503b8e1,4,1,1.7981436252593994,1.7981436252593994
b168c7aff6ddf56a19625abf2803744c,4,4,3.1647839546203613,3.1647839546203613
b16d6bd187daeab37bd5e6ba9c5ec1ba,4,0,1.0372847318649292,1.0372847318649292
b1a8dc23435d6fea4a7847fcf02f9374,4,5,0.2953146696090698,0.2953146696090698
b2443b53c6ecff257bce39ea43e355b5,4,1,0.7997750639915466,0.7997750639915466
b28d4d6124a0ac2910a1629df758cc37,4,4,1.5003581047058105,1.5003581047058105
b2b496615dbf9fb305bbc7ad5ac399c5,4,5,4.68113899230957,4.68113899230957
b2d4e1936bbd844314468799f1f35443,4,0,1.1778329610824585,1.1778329610824585
b2dca2c953d270bc78478df8cf5ddb62,4,5,4.12872838973999,4.12872838973999
b2ec8fdee7d0a3e52b42394c544781a6,4,0,0.6121287941932678,0.6121287941932678
b2fae9c1a4c6991d1d01c1fb6df00476,4,2,4.025689601898193,4.025689601898193
b3585cffcf0fec3efdc8934b4f44e681,4,0,1.0985729694366455,1.0985729694366455
b376949adfafff2fd24c30c4cd27dd58,4,5,4.444065093994141,4.444065093994141
b376a3dc044849448f2fa1665243a840,4,4,4.529109954833984,4.529109954833984
b3853701d3e05b29f0e2c2bc0f85bd21,4,0,0.3092305064201355,0.3092305064201355
b393b5fdb1c3810f70c422cca50ff720,4,0,-0.23512078821659088,-0.23512078821659088
b3a2dc7547bc580c6f3923c61db42051,4,4,3.2685141563415527,3.2685141563415527
b3d9908da3de040885c2523ba4623a2b,4,0,1.0670803785324097,1.0670803785324097
b3f67c6246aa75e880059d457528c423,4,0,0.18932576477527618,0.18932576477527618
b41f0b32a816a16c397a07996a997306,4,3,1.9416420459747314,1.9416420459747314
b43f3b343ae4fcfc5288400122c2f627,4,0,0.38188689947128296,0.38188689947128296
b460d9967f78062cb285d1bf3bb62d6d,4,2,1.8039708137512207,1.8039708137512207
b48211c0c0fba52fcc8d919d03ed005b,4,5,4.473245620727539,4.473245620727539
b498ef879c259999363dafe50f2b7acc,4,5,4.722524642944336,4.722524642944336
b4a11816441242128acc772adf40d612,4,4,3.8950939178466797,3.8950939178466797
b4bd3a393ca7c948b7e4d9b42c697fd3,4,0,0.5525712966918945,0.5525712966918945
b4d09aa7fc622111ab0071f79989f8ff,4,1,0.4846968650817871,0.4846968650817871
b4dcc90c5b65b6ef89769de80ad1c2a2,4,1,0.6164746880531311,0.6164746880531311
b4f0d7902a6f054dd1236f880fe1b872,4,2,3.8886260986328125,3.8886260986328125
b4f1662ba816a0be3f106e2957e6c574,4,1,0.9603155851364136,0.9603155851364136
b521d20219d57de33e48f6ccda6a24c8,4,0,3.7095253467559814,3.7095253467559814
b523a95fa8bf654626cf2a964f172b82,4,1,2.8181254863739014,2.8181254863739014
b53c1a43644615b8e537cd4ea34d12e4,4,1,1.9533957242965698,1.9533957242965698
b56b08ed50b28ecd0762e79512d11516,4,5,4.253540992736816,4.253540992736816
b585478a061c648ffb68be5024574b89,4,4,4.244776248931885,4.244776248931885
b5925cdedf4c9c40b4249a39bfbbe35a,4,4,1.5475623607635498,1.5475623607635498
b5b2f06981b22750480a201e7d3baea4,4,0,-0.22706957161426544,-0.22706957161426544
b5d27a874ddb2c49f7a77e70b97e0021,4,5,0.6994977593421936,0.6994977593421936
b5f2a078a28c53e5271044868a80a74f,4,1,1.507136344909668,1.507136344909668
b610eb6e68c21ac91a0ffd1005035715,4,0,0.5857811570167542,0.5857811570167542
b62c2d30390e698b52e3349c512a80c9,4,2,1.2362200021743774,1.2362200021743774
b63cd7e9557adcd7ad081fd8bd069539,4,3,2.5776901245117188,2.5776901245117188
b65538bb9960f77e666ad4a6dcb6a77e,4,1,1.016804575920105,1.016804575920105
b673c0657c283f76f9020350bba98614,4,1,1.5750261545181274,1.5750261545181274
b6ce8703574fbdc8bfd6a1df391ce1fe,4,1,0.5594767928123474,0.5594767928123474
b6d811787ee589d5c13dfd8f3aa893f4,4,0,-0.11164678633213043,-0.11164678633213043
b6dbb1d1ef20d9d91326e8d9c9493c31,4,4,4.136232852935791,4.136232852935791
b6ded09044a0e4415d7c2424f3597e3e,4,0,0.5818951725959778,0.5818951725959778
b6ffa4ba8ddd566efa0014ba603428b4,4,0,0.49253249168395996,0.49253249168395996
b722cd84457f0bccaefc5a6834245b9e,4,4,1.1884253025054932,1.1884253025054932
b7295985832c4130a410a77f37061107,4,0,0.527928352355957,0.527928352355957
b743bbc6f10f0f164b24b5b6ee05def6,4,2,1.8341561555862427,1.8341561555862427
b74de57b5c614e1a1bbd5475c5fdff3a,4,0,1.0765300989151,1.0765300989151
b76e81e3f3d4feae50c826b07a7a919f,4,3,2.887155771255493,2.887155771255493
b770d7a72514c3f30684c4e632580b6e,4,5,3.867784261703491,3.867784261703491
b77a9076b560f05dec87198633e8e00b,4,3,3.3114664554595947,3.3114664554595947
b7a656a61d26bd78d95c3449cfc1fab8,4,1,1.3369817733764648,1.3369817733764648
b7a9d9c0b19c2e44097dfd62b5889310,4,1,0.5281742215156555,0.5281742215156555
b7dc4f9a9ec64ab4f96f58bcca916d51,4,1,0.1852290779352188,0.1852290779352188
b81f068ea8c90ec259cf9212bbc24c22,4,3,3.110219955444336,3.110219955444336
b82d2dc0da3da820bed80131d301c96b,4,1,0.9671136736869812,0.9671136736869812
b82ed1b48b3493902aa7f60e8fd6e795,4,0,1.0385998487472534,1.0385998487472534
b84c958d1f314cf598e6c522f6b24994,4,1,0.4822704792022705,0.4822704792022705
b85c0e9e08d5b97d232f295fffe7f5a9,4,1,1.3687081336975098,1.3687081336975098
b8a11abdd784af66130ae30b61a6714b,4,5,0.6623063683509827,0.6623063683509827
b8affdee909004e05802b957c7d6e61c,4,1,0.7102805376052856,0.7102805376052856
b8b631f236cb607964c258ceac5eb0bb,4,4,2.5785138607025146,2.5785138607025146
b8ba92b9bb392f06962e7b205709caea,4,0,0.8526658415794373,0.8526658415794373
b8bdeed151cda321157d4925e7acb586,4,2,0.8283155560493469,0.8283155560493469
b8d39f06d855369018fd52f0f9bb3596,4,1,0.3513679504394531,0.3513679504394531
b8e6ad3dfea934569a772b61c88202da,4,4,4.891183853149414,4.891183853149414
b912445f14c14f0583f573db5be18d7a,4,1,2.0387744903564453,2.0387744903564453
b95035c00e6e99f3b4e3cd210700f6ce,4,4,3.5527849197387695,3.5527849197387695
b96adba102a845d3fd6445ea5d7017bb,4,4,2.404378890991211,2.404378890991211
b9d20ddf4a37b9853aa63f0208a7d1e2,4,1,0.41192907094955444,0.41192907094955444
b9f40a94c801f5b9b958da3e4e270975,4,5,4.604028701782227,4.604028701782227
ba024a373ad51127f076f2e9d946dbce,4,1,1.1853668689727783,1.1853668689727783
ba2fd1c69a90750c6f3d0ab2f249f30d,4,2,0.2938666343688965,0.2938666343688965
ba3bb9804f760a2f417cb680d4598573,4,1,2.2266335487365723,2.2266335487365723
ba425e2a625a06fc0bf3964100264a14,4,0,0.5874183177947998,0.5874183177947998
ba4a7100888e96520a047cbd8f889371,4,2,3.310396909713745,3.310396909713745
ba79259f809a3397afb951e3f604bd90,4,3,4.338442802429199,4.338442802429199
ba7eaa33d6aca6ec1ce59e741e922664,4,1,2.1498312950134277,2.1498312950134277
ba8d55330e6d36ab991e3bf8e4e489b2,4,1,1.4608246088027954,1.4608246088027954
baae8c3655a07ca543a7baa09b29bb52,4,0,-0.22941584885120392,-0.22941584885120392
baf615ffd44c72e48beebb90dd797b97,4,4,3.0000534057617188,3.0000534057617188
bafd1d2508efae102d22e55633e9891f,4,1,1.77463698387146,1.77463698387146
bafd986d05ece7f6ac85544866c21877,4,0,0.17141921818256378,0.17141921818256378
bb0b3a11aafb0768b230a8861d870fd4,4,5,4.1464948654174805,4.1464948654174805
bb25d84b4c461fad076a63b4a048c811,4,0,0.5360357165336609,0.5360357165336609
bb2635a6c0d41f1ec1e60ba92747205b,4,1,0.747711181640625,0.747711181640625
bb67cee6297c4c76b83fff361350bc23,4,0,0.4572588801383972,0.4572588801383972
bb89e53032c071629bee7a4ab2271519,4,2,3.245330333709717,3.245330333709717
bba14a84e299b972be4c0213767b848c,4,2,3.462815284729004,3.462815284729004
bbab8ff4a3f62c8d5355bb2d5ab8ed51,4,0,1.052817463874817,1.052817463874817
bbbe47a9dda0f30ae9d6457531b84ffa,4,4,3.704084873199463,3.704084873199463
bbd340933e97ab8f6c9e25d4e8d1285f,4,0,1.258144497871399,1.258144497871399
bbde3819952e358ed7c67acd1cd4516e,4,5,3.479525566101074,3.479525566101074
bbfc17c7ac58d38b5eaaf72c53ece10d,4,0,0.22831039130687714,0.22831039130687714
bc0a9770de3e36814070036acfc9df6f,4,1,0.3015075922012329,0.3015075922012329
bc57d58be4d2adc326b4dd33e892d143,4,4,4.1240644454956055,4.1240644454956055
bc6573ad91d8e29926a09ffdd0a14be5,4,4,1.5731496810913086,1.5731496810913086
bc7b4618df125b73c9bc485981b3d210,4,0,0.8603917956352234,0.8603917956352234
bc8042b8de3ce084219ac65217fc9e0a,4,1,2.3652594089508057,2.3652594089508057
bc93d165d96e4fa4883f130b3f7b9885,4,1,3.433673143386841,3.433673143386841
bca42350673fb369f1fdbb6918bff701,4,4,4.0807390213012695,4.0807390213012695
bceb6394825406de71ab3107fb86ef5c,4,5,3.401076316833496,3.401076316833496
bcf3848a8a21197cad6bb589b23b777c,4,1,0.48401641845703125,0.48401641845703125
bd1a900e27cf317aa19176446e05df47,4,4,3.976296901702881,3.976296901702881
bd27ef7b7228054c910c8622a54d9906,4,1,0.08068113774061203,0.08068113774061203
bd2e601260328eb00f086c777d514bf2,4,2,2.8676161766052246,2.8676161766052246
bd31a494912d04160fec50b16a4d330f,4,0,0.10327297449111938,0.10327297449111938
bd3c86133e3a3a90a1cab3b738753ffb,4,5,3.298995018005371,3.298995018005371
bd6a39de18227e44730c228369cea0f4,4,3,4.724053859710693,4.724053859710693
bd7b8c7051dabffb30d7ce3f66ee2448,4,0,0.3494872450828552,0.3494872450828552
bd8574cd5bcbedb9213ca45e8beb7561,4,2,3.9094300270080566,3.9094300270080566
bdee61aba162525b19958100117243f3,4,1,1.3181073665618896,1.3181073665618896
be0afcc6e641712d13d3c6b743a4d5bf,4,1,1.234902262687683,1.234902262687683
be2a4f591ca984c0f621d49a0d4b281f,4,3,0.32137852907180786,0.32137852907180786
be2b21968d5ad6861b24d7ca54d44ad5,4,0,0.7729042172431946,0.7729042172431946
be85e2b33823aeebfbd13873dc207ddc,4,2,1.5191141366958618,1.5191141366958618
be8d828b7d90bca42ca4274f57e70cf5,4,5,4.126386642456055,4.126386642456055
be9c4411b1591a38eb110f641f9bf0a6,4,1,3.2431564331054688,3.2431564331054688
bec17c112d594862438fd3ae9d7c9188,4,0,0.9124080538749695,0.9124080538749695
bedeb6cf82f3257a34cfdad3dba80413,4,5,4.2198381423950195,4.2198381423950195
bf1d001ccf13938721098d0f5f3ab546,4,5,3.8353099822998047,3.8353099822998047
bf5c95be359c44a28f03fcf7c7ffc2c8,4,4,3.721550941467285,3.721550941467285
bf5ca3ecbaa49be10b5d9fde82049434,4,5,4.396263122558594,4.396263122558594
bf76a6ee6ce516c2222395ec55e90917,4,2,3.4345197677612305,3.4345197677612305
bfc4d35887c4df323cfbe761d1f33c7c,4,1,1.0557805299758911,1.0557805299758911
bfc5aa2abac6018b587819bf87cb1f9a,4,4,3.7188291549682617,3.7188291549682617
bfcfacaf16cdb542c6e12e6deece7079,4,3,3.5393309593200684,3.5393309593200684
bfd9cfd46255e953b9d62ade1f8b95cb,4,1,0.5555695295333862,0.5555695295333862
c0097374d10cd4a1da1c4b1e6a86de64,4,0,0.04579155147075653,0.04579155147075653
c07ed66dfd3256b0d3500d8e46c4fd58,4,4,3.574979066848755,3.574979066848755
c099248208c9675f3d49f647a4d648e3,4,3,2.4195034503936768,2.4195034503936768
c115a53d035363f2cc49ed0b98934b9a,4,2,3.691399335861206,3.691399335861206
c14beccd6b55d7b57cbc2304987b324b,4,0,0.41993266344070435,0.41993266344070435
c176d5630828984c57bf0c94751145a8,4,0,0.14746439456939697,0.14746439456939697
c18eeeb86a7027e6d3c7ca400d75c8e8,4,0,1.6565971374511719,1.6565971374511719
c2265a32286d90695745e411d313b694,4,0,0.42823702096939087,0.42823702096939087
c2296406fa9de6a029e798d89a1c8734,4,0,3.224449634552002,3.224449634552002
c23bbf3044bfdb3cb04b6e00920ba1ee,4,1,0.6219775080680847,0.6219775080680847
c24bb6e1c14b242a4744d9854f738470,4,3,0.7606255412101746,0.7606255412101746
c24be4bf9e9be5e7898cdd383233813b,4,1,3.7326319217681885,3.7326319217681885
c25541fd4c6bf6f78e3f364d279b63cf,4,5,3.151257038116455,3.151257038116455
c2828c7ac6c7857c52b1f374805426ce,4,2,1.1447629928588867,1.1447629928588867
c286cf324f3d429aaf5d3f903e5ce634,4,2,2.5635242462158203,2.5635242462158203
c2f90bbc5200609817a0745279582e72,4,1,0.6916199326515198,0.6916199326515198
c306e9bf52ed33801003d17ae3f60d32,4,5,4.328534126281738,4.328534126281738
c3249c406e4f7d0f508c8bd96dd32c56,4,3,2.297729253768921,2.297729253768921
c32fba73ac1af46b2ccfd549172f1227,4,3,4.077951908111572,4.077951908111572
c33ea46fa0f0ccbf4cfffeb3a849789e,4,4,4.0367350578308105,4.0367350578308105
c35fc589e87f909cca09c2d7334cff5f,4,1,0.9818311333656311,0.9818311333656311
c363a6978ca217d75b028a2a248661a2,4,3,2.636601448059082,2.636601448059082
c3967d215e9b501c70e72ae95e8dac51,4,2,2.4799869060516357,2.4799869060516357
c3d455bdad379c5c262e16b750789baf,4,1,2.7711615562438965,2.7711615562438965
c3e05f4e184d96d40bfb38631ab322df,4,5,0.5842862129211426,0.5842862129211426
c3e5fb7918f8ae0763e32551e8abfda6,4,0,0.2673261761665344,0.2673261761665344
c3f353a39f7d61f553516bc4269b3b12,4,1,0.6667758226394653,0.6667758226394653
c3f5378fbec18534005c2d1e46f1cdfc,4,5,4.811428070068359,4.811428070068359
c3fbbd442c89676b42a2f49ef7428b30,4,0,0.40534698963165283,0.40534698963165283
c44346e3cf95312b241df6bb578ed119,4,1,1.2307558059692383,1.2307558059692383
c449f43f419bef77e8f8569de2858199,4,1,2.6278939247131348,2.6278939247131348
c4aa6b337bd9348d6e5eb7e35418e491,4,1,1.0984065532684326,1.0984065532684326
c4c088b96b22d0d2162e4825caf7bf9b,4,4,3.952261447906494,3.952261447906494
c4d2d58ef1cb683c9127bee14ad23e6d,4,4,1.4059052467346191,1.4059052467346191
c4d5155c07787c688cae24917bf96411,4,5,4.493109226226807,4.493109226226807
c4fd2900adfd82ce1a09f280fb00710e,4,1,1.812037706375122,1.812037706375122
c504a2ef9d6c2f6150037003c5cf3793,4,1,0.4697068929672241,0.4697068929672241
c51bd12d683f6307a8e906f214fd5125,4,5,3.7266452312469482,3.7266452312469482
c5560bcc6aae0963ce9946a2f0913f16,4,1,2.950313091278076,2.950313091278076
c5a4bb3e9ebfbb7762f7fefee9ee6d6a,4,5,3.8939452171325684,3.8939452171325684
c5ab4bf7d7755aba1e19843f20173cb5,4,0,1.4393227100372314,1.4393227100372314
c5e43f6957d317a37a98f97cb2b855a1,4,4,0.7427135109901428,0.7427135109901428
c5e9176fa34d3fc8caccc6bb1f35003c,4,0,-0.08987738192081451,-0.08987738192081451
c5f3124ac85ffbb17d23593c96f96cb9,4,0,0.5094274878501892,0.5094274878501892
c6112ea98e3420ecd09ba20275a4aa21,4,0,0.37477225065231323,0.37477225065231323
c6795bc0a98173434f1097841b3c2b2d,4,1,2.0610387325286865,2.0610387325286865
c681fa95a9361c347afb66028b70a1ea,4,1,1.633792519569397,1.633792519569397
c6aaacd8596e722608ac744e7355c0b3,4,5,4.090635776519775,4.090635776519775
c6b4ba956e1d4fbe744d6e2839b4a723,4,1,0.665181577205658,0.665181577205658
c6b8dec24dcca40d214475e2366047ef,4,3,4.168619155883789,4.168619155883789
c6cf7a87a3c590618edfb417100f2b93,4,4,2.2285661697387695,2.2285661697387695
c6d41e8b7c2c101b9a927d4f403ec451,4,0,1.8534824848175049,1.8534824848175049
c6fa52130011bd3d19b0222fce73ecad,4,3,3.607276439666748,3.607276439666748
c702daa79d7eaedca929b6dccb0913c0,4,0,0.24510319530963898,0.24510319530963898
c712026c5327cb58b470cd7e97982427,4,0,0.3824494481086731,0.3824494481086731
c7579439b6073eed35a3df5a541b3949,4,4,3.5381593704223633,3.5381593704223633
c767fb0d83832198876f1ebbc908707d,4,1,1.3910424709320068,1.3910424709320068
c76d8c4ff3f5c056959901347441d53e,4,1,1.0510401725769043,1.0510401725769043
c7781e276fddb4b7a9b24fb9ece1b219,4,2,3.5337297916412354,3.5337297916412354
c779f8e6464edd98859571efe4c0cc23,4,3,3.2361245155334473,3.2361245155334473
c77bd8989dd84946aec500d407764026,4,3,0.4911889433860779,0.4911889433860779
c797b20d6e8a04a4e33a55a8f980a9c7,4,1,3.9528119564056396,3.9528119564056396
c7a395e5b1d45e9828ebb765b175e823,4,0,1.0795830488204956,1.0795830488204956
c7a8e1aad9f0b62c62895b91f14f3296,4,0,0.2790645360946655,0.2790645360946655
c7a9409b4cc4821c6fb23346db4c2433,4,1,2.6431305408477783,2.6431305408477783
c7b0acedb4eb5178f14ae30d1c3053b7,4,0,1.23353910446167,1.23353910446167
c7bd85a7a10ef6226a9873afaf00d3a2,4,5,5.06003999710083,5.06003999710083
c7c18a00f4c61c696c30c721bf7621d2,4,2,0.8721593022346497,0.8721593022346497
c7c731beb8fb7d0e62d01b297b4daa78,4,0,2.0592641830444336,2.0592641830444336
c7e159377563c722314bcef3e9537c10,4,0,0.22520415484905243,0.22520415484905243
c7e5735bcf728c93fa7dfcb24b975ead,4,0,0.7504200339317322,0.7504200339317322
c81f511f1a4c64ea7f20d8c47654632f,4,1,1.8347007036209106,1.8347007036209106
c8a621362f5189faa7df3a4e475126dc,4,3,3.659881114959717,3.659881114959717
c8b125a6ec7dae848e5a0617cbb395f7,4,1,3.4218175411224365,3.4218175411224365
c8b78becc5b3eb17f81bfdbc55d2029e,4,1,3.309972047805786,3.309972047805786
c8cb1c570b772e3f7943e254ba096e9e,4,0,0.35937994718551636,0.35937994718551636
c8face6b1ab31039272be44890fdf35f,4,4,1.6756612062454224,1.6756612062454224
c9041cae8251897681f77dce051e8660,4,4,3.8108789920806885,3.8108789920806885
c907464eee427bcfd931eacfdf64a5d8,4,0,-0.1273927539587021,-0.1273927539587021
c90ff920893db6baf9f53f1259297535,4,0,0.7363088726997375,0.7363088726997375
c9125c5d49123077ce43cc815e92af40,4,1,1.369673728942871,1.369673728942871
c93a48dcf16ce84fd7276472ce356229,4,2,1.484713077545166,1.484713077545166
c93b8d5f45fb7dea353560cba2eebdde,4,4,4.553701877593994,4.553701877593994
c9b5b46c1774c3fe3b37f798558cb208,4,0,0.8664857745170593,0.8664857745170593
c9be1a7720c4ea39b3846d865a9b45a8,4,4,2.5740957260131836,2.5740957260131836
c9dbdd9c9fc0eab0d235499488b26c53,4,0,0.47570860385894775,0.47570860385894775
ca19152d2195aaa3a4f61a2a1f9b179a,4,2,1.2847681045532227,1.2847681045532227
ca1d0ba4f959e2f47667b94fa5e958c0,4,0,0.7739893794059753,0.7739893794059753
ca66a5c35e8d7f0e026086d58922aca7,4,5,2.2044191360473633,2.2044191360473633
ca7444cee3115f92abcc09474f313f5b,4,1,0.3812617063522339,0.3812617063522339
ca7ba25b885ddc868383d36ab35090c7,4,1,2.796053409576416,2.796053409576416
ca7e20935c1f277b2ac228ab363b371a,4,1,3.5780043601989746,3.5780043601989746
ca860e2af22d154686490a8bd4bbe635,4,1,1.7896652221679688,1.7896652221679688
ca8d1d9139e69459bfbd3fdfbd909e8e,4,0,4.157508373260498,4.157508373260498
ca92b74386b3d80bbcc03defa33adcf9,4,0,0.6923093795776367,0.6923093795776367
caa1847f0e0917d784836c1ef7799d53,4,1,1.2190048694610596,1.2190048694610596
cac4a6e019153f88b52ae2fba6b20cef,4,4,0.7739757895469666,0.7739757895469666
cad5be674d572c62126515b81bd8629d,4,4,4.177602291107178,4.177602291107178
cad5e47cef74fcaae1ccfcc8a268e4cb,4,3,1.7821910381317139,1.7821910381317139
cae077a0259202d61eaf7f10424b148a,4,2,1.3430835008621216,1.3430835008621216
cae520ae95d1e52de8b6df570d995a11,4,0,0.6734467148780823,0.6734467148780823
cafac2ca8ceb7ff02a90fc2a2094def5,4,0,-0.11570972204208374,-0.11570972204208374
cb0a506d82d41888c1e0b1d54649a53c,4,2,1.7431999444961548,1.7431999444961548
cb109658cc3e8b87465e9359425e202f,4,0,0.8125900626182556,0.8125900626182556
cb1b1213d0db6f21fa337069570f296c,4,5,3.6959612369537354,3.6959612369537354
cb447241302fbb5026b7cd6837232331,4,3,2.617501974105835,2.617501974105835
cb91772271b72c237c42f64fb6d2e84e,4,5,4.126932621002197,4.126932621002197
cb9583fccca3f6bc29a0a8d0cbe5462f,4,0,1.1223622560501099,1.1223622560501099
cb9bc923249b183c8fc5b904f622695e,4,2,3.65327787399292,3.65327787399292
cbdc3e6b77c921f6f0c32924db8a8c01,4,2,1.1502445936203003,1.1502445936203003
cbff820f299b577e2af5ed136b6ef6eb,4,5,2.5902743339538574,2.5902743339538574
cc09aad9e5b48edafbd9e4775cc58b99,4,0,0.17954835295677185,0.17954835295677185
cc49ab08ac59448bd5158ab994eb7350,4,4,4.6771321296691895,4.6771321296691895
cc4c05d450b5688a72299fd33ebedc0f,4,3,3.9855616092681885,3.9855616092681885
cca53cbca33dc4a5548e85a1067c1943,4,0,0.2521997392177582,0.2521997392177582
cca735c397880e88192e97d68b97754e,4,1,1.856756329536438,1.856756329536438
ccb5f65e5ba0f01182793b589905b123,4,0,1.331910252571106,1.331910252571106
ccb6cf5f73948fbd88d7e4f2fcdea92e,4,0,0.570497989654541,0.570497989654541
ccbe967c03ac80d44beb5a92167730ea,4,3,1.5693272352218628,1.5693272352218628
ccc36a9cc1e759ad828fafbb7694c4a6,4,5,0.6136055588722229,0.6136055588722229
cccc2eaa9a08088488cc2e0e682b551e,4,2,0.8533646464347839,0.8533646464347839
ccd93f4e3617e685fb9897791d1822b4,4,0,0.6108508706092834,0.6108508706092834
ccf41d11135d582d9e184970c7eff9c8,4,1,3.1403756141662598,3.1403756141662598
ccfea5f117586dbf876845d5980ca510,4,0,0.5372517108917236,0.5372517108917236
cd11306b822ad900babf0497b524d8d9,4,5,4.628847122192383,4.628847122192383
cd19260dc9973fdc61691502ae1942da,4,1,0.8811843991279602,0.8811843991279602
cd382fdc26516c634b2314aa870bfe80,4,1,0.3609229326248169,0.3609229326248169
cd452ef8c793e13a8caae24e65701f3a,4,2,0.7231358885765076,0.7231358885765076
cd5000b5145431a1c0883b7753df9c55,4,0,0.3591077923774719,0.3591077923774719
cd5e1ac4ae0e9c5d0462a8ad96d43e68,4,1,0.5620654225349426,0.5620654225349426
cd8d74b77f1fc44b5fb034049913af43,4,4,3.8182733058929443,3.8182733058929443
cd9465086595101ef9564b9d8c303c38,4,0,3.5838053226470947,3.5838053226470947
cdb4764932947b3b48d87c8322015b17,4,4,1.7728784084320068,1.7728784084320068
cdd38de824722c0bf9d9494c258c6bf6,4,0,0.22283387184143066,0.22283387184143066
cdd5b7d07b98f61d3668207531b4de07,4,1,0.23905989527702332,0.23905989527702332
cdefc4649194000c27f3fa17f936d517,4,0,1.250331997871399,1.250331997871399
ce11c35b78303027cbbf715f48c0817a,4,2,3.5224123001098633,3.5224123001098633
ce5578cd0044db806cbfc334f9013316,4,2,2.0925686359405518,2.0925686359405518
ce5a06d88462ff9e8838c64c748ec9ab,4,0,0.284443736076355,0.284443736076355
ce6d24c6c8eba65c1c0329505c6f7eb6,4,0,0.3397378921508789,0.3397378921508789
ce703fe24b485beaf1668ffc3ec6c858,4,1,2.550900936126709,2.550900936126709
ce9932f7fb31128b15ef9390cc78fe4b,4,4,3.815685987472534,3.815685987472534
cea19364daf850fbabfbdcd07cd145c1,4,1,1.267411470413208,1.267411470413208
cec0358c230738e793cd94e0e3ce1da6,4,1,0.9698553085327148,0.9698553085327148
cec98ce225951b05451fca0914d7f426,4,2,1.7029509544372559,1.7029509544372559
ced6ffe009ca7f22c825b4ddfbc7f8ad,4,0,0.4458586573600769,0.4458586573600769
cee7b2752a60314af93ae14dae4124ec,4,0,0.4815276265144348,0.4815276265144348
ceee1afde9b68b8b353407a7358aa48e,4,5,4.121729373931885,4.121729373931885
cf28cb8b44e9549b766ece06085f647f,4,4,4.258289813995361,4.258289813995361
cf71025291b7d039b30434e6ffe94272,4,0,0.3904345631599426,0.3904345631599426
cf7bed5666c8638e33d0aa9d39d7a5f7,4,1,0.5493311882019043,0.5493311882019043
cfdcf7c4d670c85e658b4286c7807bed,4,5,3.769174098968506,3.769174098968506
d036e99b65edb7c803b047c4d5f43dce,4,0,0.6745030283927917,0.6745030283927917
d06caef003246b913feba14f74dc9e1a,4,5,4.716679096221924,4.716679096221924
d0722f1c8a76133ce8400a4c1dafce5a,4,5,4.9880571365356445,4.9880571365356445
d09073da9721209068a47d2b842c63a9,4,0,1.189103126525879,1.189103126525879
d0b1d2710ec6d4e95e559601570dcb71,4,1,0.9074849486351013,0.9074849486351013
d0cb73c9ad19c13c6fe93cc2c61cc073,4,4,3.4080495834350586,3.4080495834350586
d0cf594c5106fb84e894c0b12013f367,4,3,3.2322168350219727,3.2322168350219727
d1904b78395bd1b84534387a26f1950e,4,0,0.6331796050071716,0.6331796050071716
d19abb9c2a1826a5aae68c21f97def14,4,0,0.3601846694946289,0.3601846694946289
d1a9750fbe2b10c8d52dfddf4cb1bde3,4,2,2.470034122467041,2.470034122467041
d1c55a74d360f72ccb9581e85a3ec08e,4,0,0.6578062176704407,0.6578062176704407
d1d01215e79310f53de9ccdb32842e4e,4,2,1.871877670288086,1.871877670288086
d1d6ed6317466e46f6c8574d1508972d,4,1,3.109543800354004,3.109543800354004
d1de8d4b1b39a0daeb0038f93931665d,4,0,0.8079319596290588,0.8079319596290588
d1f6f641995b6e6753793d9029339fb9,4,1,1.6730597019195557,1.6730597019195557
d23e0709ca64ced49fcba580e93a5b9d,4,2,3.0983505249023438,3.0983505249023438
d249d836be027a87143de501fed43519,4,3,3.290694236755371,3.290694236755371
d2728eec000198df9000ee2bb07fe2b0,4,5,2.7624807357788086,2.7624807357788086
d284c0c04e9c24ed036a882a92823ec5,4,3,3.1618635654449463,3.1618635654449463
d2fa7b7e8b5d7ac158a745839005336a,4,2,4.467019081115723,4.467019081115723
d37503369b9381675b7e76753febca9e,4,0,1.4391381740570068,1.4391381740570068
d37a3ff1e6b13f61d194187c478bfef5,4,1,0.3955296277999878,0.3955296277999878
d38023a1ae94edce5f0ef2d2043bd17e,4,2,1.7041264772415161,1.7041264772415161
d38a9db63e100d405ddb1a932b53d92f,4,1,1.2285008430480957,1.2285008430480957
d396752533648e870437e895a2a1d175,4,4,2.7303781509399414,2.7303781509399414
d3abadcb28a19cd4c68edf9be745c4b6,4,0,0.4108852744102478,0.4108852744102478
d3b0cdab6ed795373d51671aa3ab0562,4,3,3.414052963256836,3.414052963256836
d3b6c2650c9f201f3ff4ad20faafc23a,4,1,1.410214900970459,1.410214900970459
d3c65dc1847ee1328eb320d47e1d7b00,4,0,0.3142547011375427,0.3142547011375427
d3c7604d072872f207a5e4cf31678fb1,4,1,1.2080018520355225,1.2080018520355225
d3dd5bb57e15006aae47d7be82b94438,4,2,2.421008825302124,2.421008825302124
d3eb5180ac60d44370855f0c9c54f2b9,4,1,1.4050706624984741,1.4050706624984741
d4008e9be9d30da69c1d6b622c0b5859,4,4,3.8000259399414062,3.8000259399414062
d415c5d834b992fdc0ad3bcc9fdac22f,4,2,1.9015707969665527,1.9015707969665527
d41a958db22d495ee02e9672d1a3e532,4,0,0.6588558554649353,0.6588558554649353
d437a7e3fa8a822dc781e7e9c5cbf06f,4,3,3.5933074951171875,3.5933074951171875
d439005ae0aeb218bcc014e67c92aba0,4,3,3.864718437194824,3.864718437194824
d451685dcc46d4f00faaba2d22a2ff7e,4,4,4.538455009460449,4.538455009460449
d46d5885480d4773f9c7670e0fcd038b,4,0,1.1612098217010498,1.1612098217010498
d49ec86c92a9a403ccd971a0e12fe734,4,4,3.508653163909912,3.508653163909912
d4fb7f6c56896aae15919a010984a8bd,4,1,1.9885985851287842,1.9885985851287842
d5235bb224047dae8ea4c5882dbc7e43,4,3,3.989229202270508,3.989229202270508
d52bc4ddd5d4efb8a99e68bc9d597fa6,4,3,0.39265012741088867,0.39265012741088867
d52ec58700702eb7df937ba9304ad2bc,4,1,1.0503965616226196,1.0503965616226196
d56b812ee937874f4db8f96e8346828a,4,0,0.3470982313156128,0.3470982313156128
d56d1e479d43741a7fd063355c415577,4,0,-0.26952749490737915,-0.26952749490737915
d59f5e96dec59861dcd635d4e0febca8,4,3,3.6288702487945557,3.6288702487945557
d5c07be135c27ed55327536e81fbb1bc,4,5,3.6567635536193848,3.6567635536193848
d5c62bf59f3fdd7e8ae2280531e1bdfe,4,0,0.03329932317137718,0.03329932317137718
d5d31d19fd6fc69ccb385e975c64e967,4,2,1.2149038314819336,1.2149038314819336
d5dee5de5515c0c97d57eec89feac17c,4,4,1.8939810991287231,1.8939810991287231
d61cca1e607df1b865e3975a5b2d74da,4,0,0.6762325763702393,0.6762325763702393
d6301bdca437747a39ae971d5ad60aed,4,0,0.1848028302192688,0.1848028302192688
d676b91a71d8ae3b864b99a331d04377,4,4,1.0646494626998901,1.0646494626998901
d69b8fd852515da7355d327ebad76a77,4,0,0.9034412503242493,0.9034412503242493
d6dd4eb14b82f49e51c17099b0f54235,4,4,1.311295747756958,1.311295747756958
d6f1c51db42f3d11c7001141d7b417a7,4,0,1.607259750366211,1.607259750366211
d6fbeba66fdfeaf442343cfd6f844a77,4,0,0.6057925820350647,0.6057925820350647
d756b18ac015e7d53b31b5c8b50acabe,4,1,1.5729289054870605,1.5729289054870605
d7638720ca4ce4fec6b6afbf524feef9,4,5,3.9057202339172363,3.9057202339172363
d769521a224966070d505f330609eede,4,0,1.035691738128662,1.035691738128662
d784ca64e4f87b880806a766f47119f8,4,1,1.4676058292388916,1.4676058292388916
d7bd6d0c6842670b171b5592dcc1e9bd,4,0,-0.3626355528831482,-0.3626355528831482
d7c33c9265754c1a696f95e6a8b6bb0c,4,2,0.835291862487793,0.835291862487793
d7c97e7055f847f17a4572f7f2ccabb0,4,5,4.331079006195068,4.331079006195068
d7ea743662498d33719303a5e9659362,4,1,1.2032887935638428,1.2032887935638428
d7efea6d37699c9a32b715c0062ed3b3,4,1,2.7884323596954346,2.7884323596954346
d7f13cf51705adfe64e2b31c332409ca,4,0,0.207365944981575,0.207365944981575
d7f7dfd23c0224a2a66728dc37274832,4,1,0.6068047881126404,0.6068047881126404
d80c552562190ea7eb75ef6e2cde3ad8,4,0,0.9095882773399353,0.9095882773399353
d80ed790bef53ddcb6d59e7bc89d7b4e,4,1,0.8231223225593567,0.8231223225593567
d824fb0c3c990c807b57825f66716839,4,2,1.1784552335739136,1.1784552335739136
d874fa822ef1370253f2e72f8d9b483f,4,3,2.3729312419891357,2.3729312419891357
d8b48c0404394e83af61c15ad7eea1a3,4,1,2.461878776550293,2.461878776550293
d931f2fc50aca040ea3fd6e917666483,4,1,0.275867223739624,0.275867223739624
d936397deeda339f9e7ecb5c81c2250a,4,2,1.3425627946853638,1.3425627946853638
d98d4b443eaaad06c3244e059b34053f,4,4,4.698946952819824,4.698946952819824
d996d408cbc9200c7254ab6955e31959,4,2,4.136264324188232,4.136264324188232
d997bd54e6a545c95817a62b77fb43df,4,3,3.1155340671539307,3.1155340671539307
d9abfe7bab306ba7777c4f8e619957ba,4,0,0.4079827666282654,0.4079827666282654
d9b1722876190bd66e46ff2cec3847d6,4,1,2.525982141494751,2.525982141494751
d9ef8f2b1620b5accb8fd81fbc873b39,4,2,2.012314558029175,2.012314558029175
d9fab0dbd3658bb592b14d07a3c167e0,4,0,0.48559844493865967,0.48559844493865967
da05399168ba25410d90c05f8f603012,4,0,-0.1857486218214035,-0.1857486218214035
da15226ed2a9ca5a83e831a9c57f5380,4,0,-0.20188556611537933,-0.20188556611537933
da765c184811f60cbff3d669bb6bcc62,4,1,1.375917673110962,1.375917673110962
da808179f9d32176f9eb34ede63017e5,4,1,1.2538450956344604,1.2538450956344604
da9c302c67df4c32f2f05be779393b7c,4,3,2.1060452461242676,2.1060452461242676
dabb6235f05a0ba4532be24e0d8ed224,4,1,0.9658381938934326,0.9658381938934326
dad141beb482724c9bd6f419da397465,4,4,2.5390758514404297,2.5390758514404297
dae39ae3951b77dc5f245fae8b5a0f92,4,5,4.2906999588012695,4.2906999588012695
dae6944419535df993a53a9c3b0f8245,4,4,3.381071090698242,3.381071090698242
dae6cec7cfe92958d8586bd9ac1d7383,4,1,0.9031577706336975,0.9031577706336975
db4f4e9261cf53d2fa74e15514d95680,4,3,3.0601019859313965,3.0601019859313965
db6bda8b9e54352f83df9308c7b200ad,4,5,4.244852066040039,4.244852066040039
db72f176da2067093266eea7b743a949,4,3,4.1533026695251465,4.1533026695251465
db9796c2f7f80c5177bfd42386408b9a,4,3,4.131514072418213,4.131514072418213
dba7a6be42536168990912ae6efdc887,4,0,0.05586547777056694,0.05586547777056694
dbb61e609cd4e8bcd8d56db2c7cb5df0,4,0,0.27928364276885986,0.27928364276885986
dbcfc69f6726c51aaa6381efe5bbf8c6,4,1,1.3373149633407593,1.3373149633407593
dbf09c7c30806ef30dca99273d05075b,4,2,4.370456695556641,4.370456695556641
dbf5dcbbb71de7ae3df96f26193ea142,4,0,0.6841180324554443,0.6841180324554443
dbfdda9b7152e19ea54e2868965fa675,4,5,2.4962377548217773,2.4962377548217773
dc28657d68bd4a5a387a0460de8db3e2,4,1,1.078433871269226,1.078433871269226
dc4bad3ab7879ce3549eb811c8e9fc1c,4,4,3.192831039428711,3.192831039428711
dc5c8aee736af815a7952a7dc7bccfee,4,4,1.4313642978668213,1.4313642978668213
dc6e3bbcf9449e2c13827e13e5724571,4,3,4.220314025878906,4.220314025878906
dcaddc63f80b66a1ecac19a135fbfe66,4,4,0.6221523880958557,0.6221523880958557
dccc83277c036d6a82720e6a19785fad,4,0,0.5329486131668091,0.5329486131668091
dcf83f047a81fd697ef3af3e27ed0ec6,4,1,0.8114015460014343,0.8114015460014343
dd025ef522443f0f1e0f2282d7145dde,4,5,4.662893295288086,4.662893295288086
dd183e3dd9d4391170f8d2c0125037f8,4,0,0.9689585566520691,0.9689585566520691
dd5503638e23ae79eb3b091ca2b8d4e9,4,3,2.8051486015319824,2.8051486015319824
dd8421355eeb8bbf9f0907a09497e890,4,1,1.832824468612671,1.832824468612671
dd97a5aebd7c8ed6fb24da05ad92da74,4,1,1.8915870189666748,1.8915870189666748
ddebc9704e6ab8a3509a2d41630767e3,4,2,1.670020580291748,1.670020580291748
ddef4e1c6a194049fc45361836134ae7,4,1,0.3223842978477478,0.3223842978477478
de06480e9ad90fd6fbb3b2496eb6d35b,4,0,1.410813570022583,1.410813570022583
de40ff48038838a3dc494e839dde2945,4,5,4.435063362121582,4.435063362121582
de4246495d322f1fba1889dd3783f0d5,4,3,4.025515556335449,4.025515556335449
de4dc93bcd5dd4eb08fdec474455de0c,4,0,1.63004732131958,1.63004732131958
de7bc5abdc2ad77daffde75269f02890,4,2,2.4990897178649902,2.4990897178649902
de86ead27d995c8f57c1d8f56b425358,4,0,0.8046246767044067,0.8046246767044067
de90a267b2e51d4222e905ee6a83ea48,4,1,1.2920899391174316,1.2920899391174316
de917fad4d201600ab0832d4625dc054,4,0,0.9950723052024841,0.9950723052024841
de968c43966646a7f5f5959707b38421,4,3,3.9928486347198486,3.9928486347198486
deab20c8aba3a3b09fa8f703b6b50453,4,0,0.4845438003540039,0.4845438003540039
deee4629e174a4be2e42785df5bad4a7,4,4,0.9690391421318054,0.9690391421318054
defa7959933b0b63a3f8a39100ff100e,4,3,3.758955717086792,3.758955717086792
df02f5c5fa4e85f143fef3593167ce62,4,5,3.8752057552337646,3.8752057552337646
df1d15665468688154a86a6b45b7fd71,4,0,1.0977797508239746,1.0977797508239746
df37b8ec68090eec1e663b71c5ea6371,4,1,0.36850136518478394,0.36850136518478394
df4146c2cb4e97d9c227bdd90d4dc6f8,4,2,2.139482021331787,2.139482021331787
dfece00ee9036e6ed9c7ea770987e1a1,4,0,0.8905643820762634,0.8905643820762634
dff1e0c2f5fb98cdf3f2d3aa89696222,4,4,1.6906466484069824,1.6906466484069824
dff285c9260f7f68f4e97fb6abd32043,4,3,1.1878557205200195,1.1878557205200195
dff4a8c3a1dd49f5be5bb73b538f6b91,4,0,1.149377465248108,1.149377465248108
dff54f797769512965d5e494c0339a3b,4,1,0.3929823637008667,0.3929823637008667
e02d79e8c9f355639c5f411470899d40,4,0,0.4428277611732483,0.4428277611732483
e02e32f144507cd186bc132d182cfdcc,4,1,0.791126549243927,0.791126549243927
e041b17de0e6fdf460f0258253cfcd98,4,2,2.4667155742645264,2.4667155742645264
e04e11360525f7d13aaa9d4bba16ea7e,4,0,0.7557603120803833,0.7557603120803833
e06fe6f8da1f7a47476109e82548cd94,4,0,0.5218705534934998,0.5218705534934998
e07df1b576368de561f00d6bbccacf2c,4,1,0.6375603079795837,0.6375603079795837
e07f1b310d1a857c0c755fddfa07902a,4,4,4.025902271270752,4.025902271270752
e10ebd20ef424d61222ccc5e97dcc76b,4,4,3.96677565574646,3.96677565574646
e10ff644b1121aeaf5a060e6875f7867,4,0,0.5207648277282715,0.5207648277282715
e11d21ce3b806da540de6ecb09affe67,4,4,3.6908979415893555,3.6908979415893555
e162a1681d6e6ab5bf85a7eb71ef7f95,4,0,-0.18340462446212769,-0.18340462446212769
e19325ebb64adc3293f7173d7a337409,4,5,2.1628570556640625,2.1628570556640625
e1cbad247a96593f8ea911d0edd8cfcb,4,0,-0.019981294870376587,-0.019981294870376587
e1da8ac88f6efc2df833f0a9d2a7dba1,4,1,0.4388536214828491,0.4388536214828491
e1dad4d35e61a13a237774ccfb24ae9b,4,2,2.011157989501953,2.011157989501953
e1ef8bc2099822e6b6872bbbf8b601ff,4,1,1.597131371498108,1.597131371498108
e215390dcbae6c6daacec8cff63370be,4,1,2.052706480026245,2.052706480026245
e261d02e8951aa3d7f0c32c6f0d5eaf8,4,0,1.1907154321670532,1.1907154321670532
e27adea8dfb25a66578ca5211b62cc5b,4,1,1.4998072385787964,1.4998072385787964
e28b4d3bc97a2a495b2f491813036776,4,1,1.4267034530639648,1.4267034530639648
e2da537552bbe880cf184b4cf998388c,4,1,1.7758731842041016,1.7758731842041016
e2efdfdce6c126897cef60cde252def7,4,0,0.38450080156326294,0.38450080156326294
e3002210b3ff23cc6121c6fe8be4b2d9,4,1,1.1148221492767334,1.1148221492767334
e312107a00076baeb1f1dc9497d2cee6,4,3,1.9587749242782593,1.9587749242782593
e31e16a6af7c4faf6c02b8759a83abd5,4,2,1.729177713394165,1.729177713394165
e32eaa0214217a140bd12cd1592d9558,4,0,1.753727912902832,1.753727912902832
e34756c845af0df51049713c5d5f30be,4,0,0.21298682689666748,0.21298682689666748
e34cba2807a8776c31fa61f63ac567cf,4,4,1.8236594200134277,1.8236594200134277
e35d234136ec9134b502de099a7a512f,4,4,1.5561821460723877,1.5561821460723877
e378d4208a7887e81d8b4b92cb81ec3e,4,0,0.2321196347475052,0.2321196347475052
e3811da9eac68c6758fa4f1d904125bf,4,0,0.4554884433746338,0.4554884433746338
e3825a7f76088246ab312badd5f135a2,4,0,0.4467592239379883,0.4467592239379883
e38f5947aa294d2b77c418f265817e3b,4,0,0.46657490730285645,0.46657490730285645
e3a26222873878047740a3d40ce041ee,4,1,1.2443692684173584,1.2443692684173584
e424946aa014c140468320fda4683cb4,4,1,1.2601535320281982,1.2601535320281982
e42a5ac349ef287cdcf1ba47281fe908,4,2,1.6405607461929321,1.6405607461929321
e463d4ac988daa096b86a768cc32c745,4,0,0.2720053791999817,0.2720053791999817
e465f9a9968e474dedf75ee3110b68ce,4,4,1.6883604526519775,1.6883604526519775
e47409feff05e7815c2908a2af47746b,4,1,1.8136255741119385,1.8136255741119385
e4cabafdbaf00676b92fae9436dc4c6c,4,4,2.3297808170318604,2.3297808170318604
e4d64940de65dd5cecc5c7295d2bda1d,4,1,1.3929336071014404,1.3929336071014404
e4e49a91640feea58d109aff11df4197,4,1,2.2248308658599854,2.2248308658599854
e52c5685f6ebafcd377918e583486cb8,4,0,0.16078780591487885,0.16078780591487885
e578ab3feca3b43bb261cda8bc2e28a2,4,3,4.21536922454834,4.21536922454834
e592e0c922fc2d4493fd89956ae23d84,4,0,0.39184194803237915,0.39184194803237915
e5c785ab6b40b1dd870851b35385676f,4,1,1.493072271347046,1.493072271347046
e63f31b23d81011340b12022892f7b27,4,2,2.604954242706299,2.604954242706299
e643797bc1d667d5b6a4f43ddd91c27b,4,1,1.275999903678894,1.275999903678894
e64e418c88e9d98c8a40a810710c3bb0,4,0,0.38956689834594727,0.38956689834594727
e65b5c109b3568689538a5dad4054c08,4,2,0.5651600360870361,0.5651600360870361
e6726e27fec3e06f2a768e015ec1f7c0,4,3,1.7527663707733154,1.7527663707733154
e684a82fed6db3ca16d7ee4049fc65c8,4,1,0.34189826250076294,0.34189826250076294
e692db297233f27312315e8a5c75c32a,4,1,1.568001389503479,1.568001389503479
e6cccbed431da8be9c7590655e5a71a7,4,2,1.5785175561904907,1.5785175561904907
e70ff0b6ac8c6f0ec256d88969cc81d3,4,0,0.20197361707687378,0.20197361707687378
e723db912f549d6501ae5bde6cc7c672,4,1,2.0790507793426514,2.0790507793426514
e7284b9a0670ea880bf52653846ff6a5,4,1,0.3973744511604309,0.3973744511604309
e73d1aad9bd7f12ae2d10de5932462c6,4,4,3.146059989929199,3.146059989929199
e7578f0f247ac137f64dadd96b1031a4,4,3,1.6372926235198975,1.6372926235198975
e76c15467a217238e680e38de3128f05,4,4,3.8536503314971924,3.8536503314971924
e76cc2d3737dbc26679c44b4deb9ba94,4,1,0.654961884021759,0.654961884021759
e7b2e7be13f4ec42d08f3c202cbae21c,4,4,4.68820333480835,4.68820333480835
e7db63dae4f1dbcfe945651219d34674,4,3,3.1639750003814697,3.1639750003814697
e7ded102214a944d051a2628d5452faa,4,1,1.4632954597473145,1.4632954597473145
e7f7bfb6b18e3a24a3d5a6815d796bc7,4,2,3.1842408180236816,3.1842408180236816
e8112c562edb4b184ba3c05b3708cb95,4,2,0.9679329991340637,0.9679329991340637
e82301e658d765151edd7134a663c4e1,4,3,1.5095586776733398,1.5095586776733398
e830b99a9330e3fa4feee8ac6f219083,4,1,1.4312173128128052,1.4312173128128052
e838fccf83d4b5ba0b5915bc74a66a1d,4,0,4.303369998931885,4.303369998931885
e84880e9020070c9a79cb039d87fcffb,4,1,1.7912979125976562,1.7912979125976562
e8544928657b8fbb4fa8d67682ae4ee7,4,2,1.975327491760254,1.975327491760254
e85bc7944c6dad97514e5dbbf774ace4,4,0,0.2789309620857239,0.2789309620857239
e8ab164f380bb0c78f7566623bf5c8b7,4,1,2.9797377586364746,2.9797377586364746
e8b082dafa2bb1a963ba88aec68d4465,4,0,0.4568665623664856,0.4568665623664856
e8c8f352660c19ffc14a799823c237f2,4,1,1.5839301347732544,1.5839301347732544
e8f50c073a0eadc8a9fb5ff7d2fd8832,4,0,0.6279826760292053,0.6279826760292053
e93b6d79a651c132ee0703fc60dc2199,4,3,3.492824077606201,3.492824077606201
e96abe7cf94b26fff31bc9d9ab8820f5,4,3,4.120380401611328,4.120380401611328
e9a7994951a592997e163b5a236496a5,4,4,3.9125263690948486,3.9125263690948486
e9b16b6a3206f9a26acfb6fbeeab0458,4,0,0.32771480083465576,0.32771480083465576
e9c5d5ae46eb2a57b0c577a156cda8b7,4,2,0.4851921796798706,0.4851921796798706
e9cc7c0bc8f872f85115f20344e7e491,4,0,0.20489193499088287,0.20489193499088287
ea625b78a563a172ca499da8f7829261,4,1,2.266242027282715,2.266242027282715
ea676a3e54bdcabbb71961bae282e561,4,1,0.5782187581062317,0.5782187581062317
ea7279a8827f8457425682d436da34bb,4,1,2.1949520111083984,2.1949520111083984
ea72eb500f523697eee190bcedc8f0dd,4,3,2.3211140632629395,2.3211140632629395
ea80b1988e8328c7da7b97cd595cc6b7,4,2,0.871474027633667,0.871474027633667
eabeeac7e277d16cd6be0379779c6736,4,5,4.06980037689209,4.06980037689209
eac2bfcf6b1dd7733ab9e2f31452e5bd,4,3,1.9590588808059692,1.9590588808059692
ead9a151a1d35c75305d3dd321c6676e,4,0,0.25918275117874146,0.25918275117874146
eaeb106be64bbcb48aedcd4117768d59,4,1,1.3464759588241577,1.3464759588241577
eb065a93e3ff8ecaa0acca4126c4c154,4,1,0.28334319591522217,0.28334319591522217
eb074645f3635008d749b5f03c1336c0,4,1,0.836513102054596,0.836513102054596
eb0784168cd25dac78137baa950b3c73,4,4,4.083067893981934,4.083067893981934
eb0ebb9ecbe996fe6acd1b011e137bdd,4,0,0.6956366896629333,0.6956366896629333
eb402c1146b33c126aaab2a31f1cb911,4,0,0.9971826672554016,0.9971826672554016
eb879c95e942688b2fde3061e313e5b8,4,5,3.9426486492156982,3.9426486492156982
ebcbe0cbe5aee5f63c5bed754f3c8be0,4,0,0.5014389753341675,0.5014389753341675
ebd0b86bc3cf2b3fc044d8178f6541dc,4,1,2.891714572906494,2.891714572906494
ebd6034772ec8ea179c5a1802c6b886e,4,2,2.2906200885772705,2.2906200885772705
ec0cc0db2e434f2a0bab41cb95d62a4a,4,0,0.4172956943511963,0.4172956943511963
ec351f4577baf670e6008a5ad49c9e96,4,2,0.8248826861381531,0.8248826861381531
ecbf3405442e732ce340669db10f18b4,4,5,2.863701343536377,2.863701343536377
ecbfe1443366caf1e5c4e0d9985d5c85,4,3,3.8162124156951904,3.8162124156951904
eced1d0653f7c472814889665013f114,4,2,2.096395969390869,2.096395969390869
ed5eca047605a7a754ebc7889f76df63,4,5,4.70089054107666,4.70089054107666
eda25d74c2ca92594de5aab4cc100f5c,4,1,-0.039175450801849365,-0.039175450801849365
edb53390a53397b29cb85e21501b8efb,4,3,2.347210168838501,2.347210168838501
edb56bb632e35b3d4f256d22c799cd93,4,1,2.266632556915283,2.266632556915283
ede949d8112785a5568da67879b80a98,4,5,1.9699610471725464,1.9699610471725464
ee2eff16873d8db59ea97fb8ad5e58c7,4,1,0.43361490964889526,0.43361490964889526
ee3a23485cb29881a50f2ab3b51b25d4,4,2,2.2752089500427246,2.2752089500427246
ee435f8cf44f4e0e41a2b31226fec1e9,4,2,0.6903991103172302,0.6903991103172302
ee4492e15e54bfe1a23bc3af78158897,4,0,-0.10727356374263763,-0.10727356374263763
ee9d46e743ccade3196701a6068fa860,4,4,3.883943557739258,3.883943557739258
eea0cd8ab449057ce50b7d411b63d6e3,4,3,2.481092929840088,2.481092929840088
eea7a758b49d5765cc9a8fe2ed6599fc,4,2,3.8978891372680664,3.8978891372680664
eeaeeb45b9c6217ade693af47de610d5,4,4,2.8802294731140137,2.8802294731140137
eeb26ba1afa30bbf4f88d8c38b42c313,4,1,0.01838989369571209,0.01838989369571209
eec0d321f4ef349cc080d4eb2feab6f7,4,1,0.8150815367698669,0.8150815367698669
eec264acfa54ae044fd3312d17f62ffc,4,2,0.6263653039932251,0.6263653039932251
eec44ee55b0dfc4a00a728d459a6c5bb,4,1,0.11332747340202332,0.11332747340202332
eecab09cf5ba553de52a9b76a11e377a,4,4,3.2155942916870117,3.2155942916870117
ef354802197e3eaceeaa43a62e39cf6d,4,0,0.6383181214332581,0.6383181214332581
ef55278e83dc8ce2b214880eb444d59d,4,1,1.3434709310531616,1.3434709310531616
ef5dbd7a78bc04a0a5d236739ce11f20,4,5,3.021498203277588,3.021498203277588
ef64f74aa019c3a6638c469ef0e44c57,4,3,3.3386499881744385,3.3386499881744385
ef928aed9549e5dea8d67c57fb79e45f,4,0,0.8474633097648621,0.8474633097648621
efe68e8f9916ca5966a513f11282491c,4,1,1.9944097995758057,1.9944097995758057
f02db91cdf2a66c05c07cf85f9507a77,4,1,1.2215642929077148,1.2215642929077148
f0422b9adf9f34ea214374a48bcb757e,4,5,3.8507065773010254,3.8507065773010254
f051273bd75ea902b5a163fa772decac,4,5,3.401489496231079,3.401489496231079
f05260d375197325c7cf1775306b9eb4,4,4,4.727910995483398,4.727910995483398
f062f6c1128e0e9d51a76747d9018849,4,1,1.9746201038360596,1.9746201038360596
f067f6f95a07384e9a0b2b213528e54a,4,4,1.5832602977752686,1.5832602977752686
f0a5d0215fb79628b4879882cb22046f,4,1,2.4800877571105957,2.4800877571105957
f0a73ffe7d71950702ebd0ef7efa86cb,4,0,2.3648650646209717,2.3648650646209717
f0bdbcc585baf9c62af961ea7f017f4c,4,4,3.8402018547058105,3.8402018547058105
f0dc04c4cb88b0e5bafbdc6a852ffefe,4,2,1.5396050214767456,1.5396050214767456
f10f258b5e1a56f0449b1d344f9dc8be,4,4,1.4489543437957764,1.4489543437957764
f12f02fc993a6cee39d10fdf26b528de,4,1,0.5649062395095825,0.5649062395095825
f14ab472f807f53303d5f1b27703936b,4,0,-0.25292009115219116,-0.25292009115219116
f157ea3c41b34368266d9f802814292a,4,2,2.913640260696411,2.913640260696411
f19fe3c267aa523b6b96393d698ab273,4,2,0.20254994928836823,0.20254994928836823
f1a956dea62abf0e11ff2a61b9aa192e,4,1,0.6510190963745117,0.6510190963745117
f2061f4d36c3ed5e865d8f8d8e0785b3,4,0,0.261391282081604,0.261391282081604
f220cd5dfa5321a4f3a29ddfb0a775bf,4,0,0.4315107464790344,0.4315107464790344
f236820cf87ca90929a81b8f4b2a3e3e,4,0,0.4839661121368408,0.4839661121368408
f2456762fdfd5be4de5c9ba4e64c3c3d,4,0,0.209589421749115,0.209589421749115
f29962cf62f852b83823f7ab438f64d7,4,0,1.3834348917007446,1.3834348917007446
f2a41d0bcc37df0b70f2a002317c1a77,4,3,2.8280906677246094,2.8280906677246094
f2bdcd0529edc4f24290b17c93f49743,4,5,3.0193042755126953,3.0193042755126953
f2f9951a02b721d342a210751714a74b,4,1,1.621286392211914,1.621286392211914
f300013a1ea43769dff32ac02e6f0cef,4,0,0.2669944167137146,0.2669944167137146
f334ec537ee5bdf988d09fdbfeaac2c7,4,1,0.43604183197021484,0.43604183197021484
f3354bb53ed2ece1ddaf09f3e685fb73,4,4,3.548839569091797,3.548839569091797
f35ee5225fcd673e2e5ed50ab85cb43d,4,0,0.549384355545044,0.549384355545044
f36f5d64f33b3a4d7d9756bbd0048cd0,4,1,2.1718475818634033,2.1718475818634033
f381888b35f1fac93c009d7cd38d1608,4,5,4.006753921508789,4.006753921508789
f3e61a3dec438a366b62df1db47a4cd3,4,3,3.4798483848571777,3.4798483848571777
f3e8edd7c718b29a36bf112db97a55ee,4,1,1.109186053276062,1.109186053276062
f3f231c6c4eff0000d792e973e9a7515,4,1,0.767082929611206,0.767082929611206
f3f3bf544a7f055fd753352e25ebc8c6,4,5,4.5151591300964355,4.5151591300964355
f41758ea4ca2fa1520cfe98a4c064e54,4,0,2.5874953269958496,2.5874953269958496
f44bfa3eb762cd9204ccd5a2c2e6111e,4,1,1.0118461847305298,1.0118461847305298
f46555b9ae9ee3f8b4897da358e2094c,4,0,0.7550140023231506,0.7550140023231506
f480b897adfe65f572f79d9f8d45ac9e,4,4,3.8842573165893555,3.8842573165893555
f4b4dd5cd25dd638f1673e392321c1b2,4,1,2.4692344665527344,2.4692344665527344
f4cbbd96fcb39c34811b9323dad237fe,4,2,2.583732843399048,2.583732843399048
f4df16a55805e69f7013d79eca0c46a7,4,5,4.442327976226807,4.442327976226807
f4edc6dd9136cf963f72a57efde4cfb4,4,0,0.6259270310401917,0.6259270310401917
f5004fdd161f0122b0014f8ca11341b0,4,5,4.51501989364624,4.51501989364624
f5096797acc9f645ea8674d77ca2418b,4,1,3.3929831981658936,3.3929831981658936
f539f2dcee1a03c730a2a5a9e2298fb7,4,3,3.0523059368133545,3.0523059368133545
f53e64ef7fcd2a2074e0724b2efd4b32,4,0,1.4397121667861938,1.4397121667861938
f55f2ee739e6885b33a64d5171b7706c,4,1,3.5875258445739746,3.5875258445739746
f5688ca07c152e6777383cc871031692,4,3,4.698775768280029,4.698775768280029
f59aa908b06ae529d212effa3888e2ea,4,1,1.7579267024993896,1.7579267024993896
f5a588775c7793da92428613b660af4b,4,1,1.0336583852767944,1.0336583852767944
f5de7d8fbfe197b5aefb3f312397e7b5,4,3,1.176741600036621,1.176741600036621
f5e7ea2d4a298e622a4fd05b8d2cc4fb,4,2,0.3108776807785034,0.3108776807785034
f5f823a0cd8f5dc53c9a6b7161c1cc02,4,1,1.3530354499816895,1.3530354499816895
f64a4e01ea89ad9bc824c044bd57c1e7,4,5,3.6560263633728027,3.6560263633728027
f653a47f9ec6465f92f08db9385e89ac,4,2,2.560702323913574,2.560702323913574
f655e438215464825b8d2805905323e0,4,0,0.38652992248535156,0.38652992248535156
f6585a3970cea6d6b31cf28f0a7b7c55,4,2,1.8969407081604004,1.8969407081604004
f659913017aab32c0ac0d88d0ecfe62c,4,1,0.7926797866821289,0.7926797866821289
f666a00c76f56bb6a40219a3da6e0ab9,4,1,1.9243662357330322,1.9243662357330322
f670f645e4f75d7643d077237dea3e05,4,3,0.768377423286438,0.768377423286438
f671b51a5aae50ac44610a380de4fdb7,4,5,3.588137626647949,3.588137626647949
f6ba42262cffbab640e3da1e6c36a0e0,4,1,0.5511306524276733,0.5511306524276733
f6c9168b817597a74b8e4e774988d698,4,5,2.8392937183380127,2.8392937183380127
f6f6fd84d5275c9f2caa8edb15141607,4,1,1.393736481666565,1.393736481666565
f709898cdc46cedb62cef65b87039218,4,3,2.2975289821624756,2.2975289821624756
f70c37deb169c2ce0ef9b35a45d9324c,4,2,1.2768479585647583,1.2768479585647583
f776385879402e2940d3627015c3a58b,4,3,2.8586182594299316,2.8586182594299316
f77cd6d8098fc4709515606d0a1ade9a,4,5,4.446535110473633,4.446535110473633
f7d2a425f1cd82d6c06dc1b0fb0af869,4,0,-0.13036459684371948,-0.13036459684371948
f7d4742181dbabcd86644ec7781c14b4,4,0,0.26981377601623535,0.26981377601623535
f8398798a9dcd88e7475154488b11a1a,4,1,3.6983132362365723,3.6983132362365723
f8afcfc27d12a46a36fe0150a56ee749,4,5,4.625174522399902,4.625174522399902
f8bfe4f06fbff1742696513467bc7ef4,4,4,1.090316653251648,1.090316653251648
f8e31591718a4a1934728a9767c6459c,4,5,4.323769569396973,4.323769569396973
f9241d87de38038254befbe22ef4b139,4,0,0.36462461948394775,0.36462461948394775
f944e46987d2a4e424c34b9a87ab7d99,4,1,1.087225079536438,1.087225079536438
f9548e3d01a0ef3cf2fdcbc240884c03,4,2,3.123204231262207,3.123204231262207
f954a72d94691707e9bb0a0173384b73,4,0,0.45305389165878296,0.45305389165878296
f96b3fd2d48542ff38fc3454bea1bbdb,4,4,3.9138245582580566,3.9138245582580566
f96db577fb4251fe7952c30bc5be09e2,4,1,0.28054606914520264,0.28054606914520264
f99a2a0674f03666c5b3448170f4e2e4,4,3,2.6688945293426514,2.6688945293426514
fa1308140eb6aea8c7d91ebebf51073e,4,0,0.434998095035553,0.434998095035553
fa1a79a5248bf5f5742fb14dabc070c6,4,3,3.936316967010498,3.936316967010498
fa2d82bc5c90ce86b88046cd216fc720,4,3,2.358016014099121,2.358016014099121
fa33d8e17c61c79a65034494d37fa4a7,4,1,1.8479045629501343,1.8479045629501343
fa6f7b3a6e9c17919d127c670423774e,4,1,0.3616334795951843,0.3616334795951843
fa741c964934cb194701d6630356adb0,4,3,2.6258373260498047,2.6258373260498047
faa2baaa5df5c81c1de248ad7dd11645,4,1,1.9630768299102783,1.9630768299102783
faa2cf42d7c61820d982b580f023e0b2,4,1,0.7329680323600769,0.7329680323600769
fac68c117a18834ee2e9892083d82942,4,1,2.3439455032348633,2.3439455032348633
fae6996aeed84a9a75cbe726be46bab3,4,2,3.043621063232422,3.043621063232422
fb1336e0bc56fea6baea814470f3f4cf,4,0,0.6386454701423645,0.6386454701423645
fb2bd76ae85e51e84116a8927d81a214,4,1,1.2502062320709229,1.2502062320709229
fb2f9184b3ae3a323a44f83706ffce7d,4,4,1.2559901475906372,1.2559901475906372
fb4fc6ed5524cdb6492d80bcc0a8f6e4,4,1,1.41416335105896,1.41416335105896
fb63da75bcda973dcac1418b7cca2078,4,2,0.8289439678192139,0.8289439678192139
fb74231594a6b93c552c5bbb3a6bd699,4,4,4.126279354095459,4.126279354095459
fb8886059879eaac70139336cb525838,4,2,2.4858477115631104,2.4858477115631104
fbc0c3145008a420b3b038e8820aba1b,4,1,0.4468434453010559,0.4468434453010559
fbde3e89620879c97c7cb442729785e5,4,0,0.38250577449798584,0.38250577449798584
fbec0ff75cf34743b0143538e59c4641,4,0,3.5579309463500977,3.5579309463500977
fbec7a11045c409213445c592bdadfae,4,4,4.5100507736206055,4.5100507736206055
fbee536cc1352614dda57bcf0786f387,4,3,4.614084720611572,4.614084720611572
fc12d2a7d97431711f9e80af51c1760f,4,3,2.5605056285858154,2.5605056285858154
fc20aec4fd0c2f9017888dd94feb84ee,4,1,0.8850645422935486,0.8850645422935486
fc5e5378432ef4e92306f05b309c4ebb,4,0,-0.007215924561023712,-0.007215924561023712
fc6d9110164633d2618a8df18fec8c2c,4,2,0.6204867362976074,0.6204867362976074
fc860f59830b4295eaa563554b16458a,4,1,1.5368940830230713,1.5368940830230713
fcb4ae9ba7f26027fda8eb1d814a808d,4,5,1.2315828800201416,1.2315828800201416
fcf3ef06a3601448061b7b1adda97b89,4,3,2.9284653663635254,2.9284653663635254
fd0bb45eba479a7f7d953f41d574bf9f,4,5,3.254556655883789,3.254556655883789
fd2ad62fe51a4ab6f4786f116d7e5eaa,4,3,4.196111679077148,4.196111679077148
fd3926d5158b0502b1a51811c50c3976,4,0,0.10436554998159409,0.10436554998159409
fd412a8f537036702bb0e3fa3160f336,4,4,2.7175755500793457,2.7175755500793457
fd6fe1a3985b17d067f2cb4d5bc1e6e1,4,4,1.8542324304580688,1.8542324304580688
fd7763888e090f5385c2c49944ce94ab,4,5,5.074413299560547,5.074413299560547
fd8c1f420a7c1c28bab654d0d8d3a6ba,4,2,3.4006574153900146,3.4006574153900146
fdf628a60de3bd9d3b9e924dd9974fde,4,1,0.6080423593521118,0.6080423593521118
fe060ad89a138fa24eed135c4b46954c,4,5,2.5178472995758057,2.5178472995758057
fe55f8384b36da44b05355cd6c9079d9,4,4,1.06113600730896,1.06113600730896
fe592036b5e1fe67c781f61e6afc2e61,4,0,0.25557708740234375,0.25557708740234375
fe6984b9e99ee331bb510c61f9e5ccd4,4,3,3.3288915157318115,3.3288915157318115
fe6e8727c605a29cfbaf5aead99d83a1,4,0,1.4134622812271118,1.4134622812271118
fe72a97218b149841909d70cd346875a,4,1,1.463931918144226,1.463931918144226
fe78f239c395dbce8631e211cd4e32e6,4,1,1.6342031955718994,1.6342031955718994
feac91652a1c5accff08217d19116f1c,4,1,1.885594367980957,1.885594367980957
feacfbc5a71e6ed859ad3316770eab83,4,4,3.7693467140197754,3.7693467140197754
feaf693051419310372e21ca9cf326c0,4,0,1.3040003776550293,1.3040003776550293
feb0f0ab5eb812769d3a069b7be9dcf4,4,5,3.744380474090576,3.744380474090576
fec8271c64b26205d7fd0a18f2a1dedd,4,5,2.172934055328369,2.172934055328369
fee448fd96ff07c374c19e8349baaf06,4,0,0.36579638719558716,0.36579638719558716
ff10f937c3d52eff6ad4dd733f2bc3ac,4,1,1.2745434045791626,1.2745434045791626
ff1ca9ec7c9d1694dcacaf5176976967,4,5,3.6500563621520996,3.6500563621520996
ff3667b139539475d4de2aa1b2325c82,4,1,2.416071891784668,2.416071891784668
ff5130c98c14c90ae7f4dd64c297070c,4,0,0.20574688911437988,0.20574688911437988
ff596d5292ab979e9ba7291d0743b3fb,4,0,0.461071252822876,0.461071252822876
ff97fa212a451432b685bdad1c3c89df,4,2,2.753791332244873,2.753791332244873
ffb16f062dfe8fd1161eb29ad1bd80ab,4,0,1.9760148525238037,1.9760148525238037
ffbe854e810d4e4db8fc4acb3ac15333,4,2,1.004522442817688,1.004522442817688
ffcbb41626c9267c5c20c4804bd5639a,4,4,2.040524959564209,2.040524959564209
ffe236a25d4cbed59438220799920749,4,2,4.118193626403809,4.118193626403809